{"feature_date": null, "open_graph_id": null, "timezone_id": "Europe/London", "likes": 0, "summary": "Ticking off the microstates with Marcus", "type": null, "start_date": 1514246402.0, "end_date": 1515283140.0, "is_deleted": false, "id": 723530, "all_steps": [{"open_graph_id": null, "timezone_id": "Europe/London", "likes": 0, "type": null, "creation_time": 1528999831.0, "location_id": 6832701, "id": 5163770, "supertype": "normal", "is_deleted": false, "description": null, "weather_temperature": 5.0, "start_time": 1514298602.0, "views": 0, "location": {"lon": 0.3848, "country_code": "GB", "lat": 52.1954, "id": 6832701, "full_detail": "England, United Kingdom", "uuid": "e962b54a-97da-4ccc-8549-8925bfb71109", "venue": null, "detail": "United Kingdom", "name": "Newmarket"}, "trip_id": 723530, "end_time": null, "main_media_item_path": null, "name": null, "uuid": "5abcfcf4-076c-4102-a4a9-dfeb9cbe4715", "fb_publish_status": null, "weather_condition": "clear-day", "slug": "newmarket", "comment_count": 0}, {"open_graph_id": null, "timezone_id": "Europe/Paris", "likes": 0, "type": null, "creation_time": 1528998073.0, "location_id": 6832276, "id": 5163401, "supertype": "normal", "is_deleted": false, "description": null, "weather_temperature": 6.0, "start_time": 1514334602.0, "views": 0, "location": {"lon": 1.35808584213657, "country_code": "FR", "lat": 47.7734304870219, "id": 6832276, "full_detail": "Loir-et-Cher, France", "uuid": "c7823269-e775-45cd-980b-991dd96142a6", "venue": null, "detail": "France", "name": "Maves"}, "trip_id": 723530, "end_time": null, "main_media_item_path": null, "name": null, "uuid": "8b3d4924-c281-4c3a-866c-43cd646ebce5", "fb_publish_status": null, "weather_condition": "wind", "slug": "maves", "comment_count": 0}, {"open_graph_id": null, "timezone_id": "Europe/Paris", "likes": 0, "type": null, "creation_time": 1528998227.0, "location_id": 6832286, "id": 5163411, "supertype": "normal", "is_deleted": false, "description": null, "weather_temperature": 5.0, "start_time": 1514390402.0, "views": 0, "location": {"lon": 1.44194, "country_code": "FR", "lat": 43.60444, "id": 6832286, "full_detail": "Haute-Garonne, France", "uuid": "0ec598f5-9dd9-42e4-b393-b6230a8bb153", "venue": null, "detail": "France", "name": "Toulouse"}, "trip_id": 723530, "end_time": null, "main_media_item_path": null, "name": null, "uuid": "4962f4d6-b2cb-44de-b162-8f4e465cb046", "fb_publish_status": null, "weather_condition": "wind", "slug": "toulouse", "comment_count": 0}, {"open_graph_id": null, "timezone_id": "Europe/Andorra", "likes": 0, "type": null, "creation_time": 1528998282.0, "location_id": 6832294, "id": 5163420, "supertype": "normal", "is_deleted": false, "description": null, "weather_temperature": null, "start_time": 1514476802.0, "views": 0, "location": {"lon": 1.51150670068751, "country_code": "AD", "lat": 42.5000841685638, "id": 6832294, "full_detail": "Andorra", "uuid": "cb08729c-8e6a-40a9-a015-643317745f03", "venue": null, "detail": "Andorra", "name": "Andorra la Vella"}, "trip_id": 723530, "end_time": null, "main_media_item_path": null, "name": null, "uuid": "53330bfe-3d53-4920-9015-e9a7d46e247e", "fb_publish_status": null, "weather_condition": null, "slug": "andorra-la-vella", "comment_count": 0}, {"open_graph_id": null, "timezone_id": "Europe/Madrid", "likes": 0, "type": null, "creation_time": 1528998335.0, "location_id": 6832302, "id": 5163427, "supertype": "normal", "is_deleted": false, "description": null, "weather_temperature": 11.0, "start_time": 1514570402.0, "views": 0, "location": {"lon": 2.17079288813773, "country_code": "ES", "lat": 41.3690543682448, "id": 6832302, "full_detail": "Barcelona Province, Spain", "uuid": "028f46bb-851d-402d-8595-cd5e8835baff", "venue": null, "detail": "Spain", "name": "Barcelona"}, "trip_id": 723530, "end_time": null, "main_media_item_path": null, "name": null, "uuid": "f36208f3-e277-440a-bc2a-8989b314c9a5", "fb_publish_status": null, "weather_condition": "clear-night", "slug": "barcelona", "comment_count": 0}, {"open_graph_id": null, "timezone_id": "Europe/Paris", "likes": 0, "type": null, "creation_time": 1528998373.0, "location_id": 6832321, "id": 5163445, "supertype": "normal", "is_deleted": false, "description": null, "weather_temperature": 9.0, "start_time": 1514673002.0, "views": 0, "location": {"lon": 4.36334794786399, "country_code": "FR", "lat": 43.8067249518723, "id": 6832321, "full_detail": "Gard, France", "uuid": "89c2e9f8-6ee0-47bc-af78-53d6f712b970", "venue": null, "detail": "France", "name": "N\u00eemes"}, "trip_id": 723530, "end_time": null, "main_media_item_path": null, "name": null, "uuid": "f8d53657-79eb-48bc-966d-a21e4353dcc4", "fb_publish_status": null, "weather_condition": "partly-cloudy-night", "slug": "nimes", "comment_count": 0}, {"open_graph_id": null, "timezone_id": "Europe/Paris", "likes": 0, "type": null, "creation_time": 1528998426.0, "location_id": 6832330, "id": 5163453, "supertype": "normal", "is_deleted": false, "description": null, "weather_temperature": 12.0, "start_time": 1514723402.0, "views": 0, "location": {"lon": 7.42388056596712, "country_code": "MC", "lat": 43.739920026575, "id": 6832330, "full_detail": "Monaco", "uuid": "65cf0f8b-7acc-4949-9615-5a999a84a0c0", "venue": null, "detail": "Monaco", "name": "Monaco"}, "trip_id": 723530, "end_time": null, "main_media_item_path": null, "name": null, "uuid": "b44956e4-63c5-45e8-84a9-63c15cd58980", "fb_publish_status": null, "weather_condition": "partly-cloudy-day", "slug": "monaco", "comment_count": 0}, {"open_graph_id": null, "timezone_id": "Europe/Rome", "likes": 0, "type": null, "creation_time": 1528998461.0, "location_id": 6832374, "id": 5163489, "supertype": "normal", "is_deleted": false, "description": null, "weather_temperature": 0.0, "start_time": 1514847602.0, "views": 0, "location": {"lon": 10.7149577641102, "country_code": "IT", "lat": 44.6353504183629, "id": 6832374, "full_detail": "Province of Reggio Emilia, Italy", "uuid": "361b7190-83cc-4861-bf6f-5e5e29f29079", "venue": null, "detail": "Italy", "name": "Scandiano"}, "trip_id": 723530, "end_time": null, "main_media_item_path": null, "name": null, "uuid": "f62eed57-a19e-419e-a760-2337acb54f8b", "fb_publish_status": null, "weather_condition": "wind", "slug": "scandiano", "comment_count": 0}, {"open_graph_id": null, "timezone_id": "Europe/San_Marino", "likes": 0, "type": null, "creation_time": 1528998649.0, "location_id": 6832392, "id": 5163502, "supertype": "normal", "is_deleted": false, "description": null, "weather_temperature": 5.0, "start_time": 1514890802.0, "views": 0, "location": {"lon": 12.4468851713566, "country_code": "SM", "lat": 43.9361231494144, "id": 6832392, "full_detail": "San Marino", "uuid": "2194be61-d73e-489d-b304-54886612b486", "venue": null, "detail": "San Marino", "name": "San Marino"}, "trip_id": 723530, "end_time": null, "main_media_item_path": null, "name": null, "uuid": "e091ec48-7fb0-4825-9271-0fecf63d7b4c", "fb_publish_status": null, "weather_condition": "rain", "slug": "san-marino", "comment_count": 0}, {"open_graph_id": null, "timezone_id": "Europe/Rome", "likes": 0, "type": null, "creation_time": 1528998712.0, "location_id": 6832404, "id": 5163512, "supertype": "normal", "is_deleted": false, "description": null, "weather_temperature": 7.0, "start_time": 1514916002.0, "views": 0, "location": {"lon": 12.5739612290247, "country_code": "IT", "lat": 44.0711893961716, "id": 6832404, "full_detail": "Province of Rimini, Italy", "uuid": "865ebe1a-9968-4ca5-a344-0c216b4effb5", "venue": null, "detail": "Italy", "name": "Rimini"}, "trip_id": 723530, "end_time": null, "main_media_item_path": null, "name": null, "uuid": "d4fedfa1-81d4-474d-9efa-9915481c413d", "fb_publish_status": null, "weather_condition": "partly-cloudy-night", "slug": "rimini", "comment_count": 0}, {"open_graph_id": null, "timezone_id": "Europe/Rome", "likes": 0, "type": null, "creation_time": 1528998763.0, "location_id": 6832422, "id": 5163528, "supertype": "normal", "is_deleted": false, "description": null, "weather_temperature": 6.0, "start_time": 1514991602.0, "views": 0, "location": {"lon": 11.34278, "country_code": "IT", "lat": 44.49389, "id": 6832422, "full_detail": "Metropolitan City of Bologna, Italy", "uuid": "79116a3a-2349-45be-a2ce-25bbef7e961a", "venue": null, "detail": "Italy", "name": "Bologna"}, "trip_id": 723530, "end_time": null, "main_media_item_path": null, "name": null, "uuid": "a528e925-48e3-4924-b492-5d4989a0fd4a", "fb_publish_status": null, "weather_condition": "clear-day", "slug": "bologna", "comment_count": 0}, {"open_graph_id": null, "timezone_id": "Europe/Rome", "likes": 0, "type": null, "creation_time": 1528999055.0, "location_id": 6832504, "id": 5163593, "supertype": "normal", "is_deleted": false, "description": null, "weather_temperature": 8.0, "start_time": 1515013202.0, "views": 0, "location": {"lon": 10.7535806092798, "country_code": "IT", "lat": 45.4854386243609, "id": 6832504, "full_detail": "Province of Verona, Italy", "uuid": "fc0b561c-37da-4771-81ef-c153776112ae", "venue": null, "detail": "Italy", "name": "Lazise"}, "trip_id": 723530, "end_time": null, "main_media_item_path": null, "name": null, "uuid": "d9faad03-4514-4e9b-be00-376de49ebfd8", "fb_publish_status": null, "weather_condition": "partly-cloudy-day", "slug": "lazise", "comment_count": 0}, {"open_graph_id": null, "timezone_id": "Europe/Vienna", "likes": 0, "type": null, "creation_time": 1528999128.0, "location_id": 6832517, "id": 5163613, "supertype": "normal", "is_deleted": false, "description": null, "weather_temperature": null, "start_time": 1515088802.0, "views": 0, "location": {"lon": 12.42556, "country_code": "AT", "lat": 47.5225, "id": 6832517, "full_detail": "Tyrol, Austria", "uuid": "6abf569b-47b6-4013-8911-4bb8c468028a", "venue": null, "detail": "Austria", "name": "St. Johann in Tirol"}, "trip_id": 723530, "end_time": null, "main_media_item_path": null, "name": null, "uuid": "417e58fa-edfa-4460-87b5-d00f92322fcc", "fb_publish_status": null, "weather_condition": null, "slug": "st-johann-in-tirol", "comment_count": 0}, {"open_graph_id": null, "timezone_id": "Europe/Berlin", "likes": 0, "type": null, "creation_time": 1528999175.0, "location_id": 6832525, "id": 5163621, "supertype": "normal", "is_deleted": false, "description": null, "weather_temperature": 10.0, "start_time": 1515105002.0, "views": 0, "location": {"lon": 11.554885478336, "country_code": "DE", "lat": 48.1177245386654, "id": 6832525, "full_detail": "Bavaria, Germany", "uuid": "5e96ee1f-513d-4f8a-ba70-0e6377d06acc", "venue": null, "detail": "Germany", "name": "Munich"}, "trip_id": 723530, "end_time": null, "main_media_item_path": null, "name": null, "uuid": "fb85019a-52dd-4189-b361-22b35fa58159", "fb_publish_status": null, "weather_condition": "rain", "slug": "munich", "comment_count": 0}, {"open_graph_id": null, "timezone_id": "Europe/Vaduz", "likes": 0, "type": null, "creation_time": 1528999219.0, "location_id": 6832533, "id": 5163628, "supertype": "normal", "is_deleted": false, "description": null, "weather_temperature": null, "start_time": 1515153602.0, "views": 0, "location": {"lon": 9.52194, "country_code": "LI", "lat": 47.13972, "id": 6832533, "full_detail": "Liechtenstein", "uuid": "ebe9b71f-6b88-4c7b-b865-a34ecddb84c2", "venue": null, "detail": "Liechtenstein", "name": "Vaduz"}, "trip_id": 723530, "end_time": null, "main_media_item_path": null, "name": null, "uuid": "588391df-fab2-44d1-b840-87ba59727806", "fb_publish_status": null, "weather_condition": null, "slug": "vaduz", "comment_count": 0}, {"open_graph_id": null, "timezone_id": "Europe/Berlin", "likes": 0, "type": null, "creation_time": 1528999249.0, "location_id": 6832607, "id": 5163689, "supertype": "normal", "is_deleted": false, "description": null, "weather_temperature": 7.0, "start_time": 1515195002.0, "views": 0, "location": {"lon": 6.89100244600536, "country_code": "DE", "lat": 49.3354419986492, "id": 6832607, "full_detail": "Saarland, Germany", "uuid": "707da990-0ce7-4c83-890d-329e8eb2db51", "venue": null, "detail": "Germany", "name": "Heusweiler"}, "trip_id": 723530, "end_time": null, "main_media_item_path": null, "name": null, "uuid": "8f30de09-92de-45d8-9820-e61e3732beb2", "fb_publish_status": null, "weather_condition": "partly-cloudy-night", "slug": "heusweiler", "comment_count": 0}, {"open_graph_id": null, "timezone_id": "Europe/Luxembourg", "likes": 0, "type": null, "creation_time": 1528999511.0, "location_id": 6832617, "id": 5163696, "supertype": "normal", "is_deleted": false, "description": null, "weather_temperature": null, "start_time": 1515231002.0, "views": 0, "location": {"lon": 6.13278, "country_code": "LU", "lat": 49.61056, "id": 6832617, "full_detail": "Luxembourg, Luxembourg", "uuid": "1895fa8c-cac5-47a7-bb8a-af3c18047295", "venue": null, "detail": "Luxembourg", "name": "Luxembourg"}, "trip_id": 723530, "end_time": null, "main_media_item_path": null, "name": null, "uuid": "c3c707ba-0f2f-400c-a25c-f99184ac5f8e", "fb_publish_status": null, "weather_condition": null, "slug": "luxembourg", "comment_count": 0}, {"open_graph_id": null, "timezone_id": "Europe/Brussels", "likes": 0, "type": null, "creation_time": 1528999631.0, "location_id": 6832645, "id": 5163722, "supertype": "normal", "is_deleted": false, "description": null, "weather_temperature": null, "start_time": 1515249002.0, "views": 0, "location": {"lon": 4.53333, "country_code": "BE", "lat": 50.78333, "id": 6832645, "full_detail": "Flemish Brabant, Belgium", "uuid": "854a245c-5294-4087-8465-6bc6e9642ef2", "venue": null, "detail": "Belgium", "name": "Overijse"}, "trip_id": 723530, "end_time": null, "main_media_item_path": null, "name": null, "uuid": "f4387082-24ea-4b7d-a876-4d4638a36dea", "fb_publish_status": null, "weather_condition": null, "slug": "overijse", "comment_count": 0}, {"open_graph_id": null, "timezone_id": "Europe/London", "likes": 0, "type": null, "creation_time": 1528999864.0, "location_id": 6832711, "id": 5163780, "supertype": "normal", "is_deleted": false, "description": null, "weather_temperature": 1.0, "start_time": 1515283202.0, "views": 0, "location": {"lon": 0.3848, "country_code": "GB", "lat": 52.1954, "id": 6832711, "full_detail": "England, United Kingdom", "uuid": "9daee3ab-0684-48a4-9c8f-0b3bc119f3e1", "venue": null, "detail": "United Kingdom", "name": "Newmarket"}, "trip_id": 723530, "end_time": null, "main_media_item_path": null, "name": null, "uuid": "ffa28939-5b5c-4132-bc28-3af3bc98a57b", "fb_publish_status": null, "weather_condition": "clear-night", "slug": "newmarket", "comment_count": 0}], "user_id": 642440, "language": null, "visibility": 1, "featured_priority_for_new_users": null, "featured": null, "views": 1, "total_km": 3893.08708935242, "step_count": 19, "name": "Microstates Roadtrip", "feature_text": null, "uuid": "9263f0a7-b7be-418a-a921-334fe634e0a4", "cover_photo_thumb_path": null, "fb_publish_status": null, "cover_photo_path": null, "slug": "microstates-roadtrip"}