{"summary": "Ticking off the microstates with Marcus", "views": 1, "fb_publish_status": null, "is_deleted": false, "timezone_id": "Europe/London", "cover_photo_path": null, "step_count": 19, "total_km": 3893.08708935242, "start_date": 1514246402.0, "id": 723530, "user_id": 642440, "type": null, "likes": 0, "feature_text": null, "slug": "microstates-roadtrip", "language": null, "name": "Microstates Roadtrip", "visibility": 1, "feature_date": null, "featured_priority_for_new_users": null, "all_steps": [{"views": 0, "main_media_item_path": null, "weather_condition": "clear-day", "start_time": 1514298602.0, "is_deleted": false, "id": 5163770, "timezone_id": "Europe/London", "comment_count": 0, "location": {"lon": 0.3848, "full_detail": "England, United Kingdom", "uuid": "e962b54a-97da-4ccc-8549-8925bfb71109", "lat": 52.1954, "name": "Newmarket", "venue": null, "id": 6832701, "country_code": "GB", "detail": "United Kingdom"}, "creation_time": 1528999831.0, "location_id": 6832701, "name": null, "fb_publish_status": null, "type": null, "likes": 0, "slug": "newmarket", "weather_temperature": 5.0, "end_time": null, "supertype": "normal", "trip_id": 723530, "description": null, "open_graph_id": null, "uuid": "5abcfcf4-076c-4102-a4a9-dfeb9cbe4715"}, {"views": 0, "main_media_item_path": null, "weather_condition": "wind", "start_time": 1514334602.0, "is_deleted": false, "id": 5163401, "timezone_id": "Europe/Paris", "comment_count": 0, "location": {"lon": 1.35808584213657, "full_detail": "Loir-et-Cher, France", "uuid": "c7823269-e775-45cd-980b-991dd96142a6", "lat": 47.7734304870219, "name": "Maves", "venue": null, "id": 6832276, "country_code": "FR", "detail": "France"}, "creation_time": 1528998073.0, "location_id": 6832276, "name": null, "fb_publish_status": null, "type": null, "likes": 0, "slug": "maves", "weather_temperature": 6.0, "end_time": null, "supertype": "normal", "trip_id": 723530, "description": null, "open_graph_id": null, "uuid": "8b3d4924-c281-4c3a-866c-43cd646ebce5"}, {"views": 0, "main_media_item_path": null, "weather_condition": "wind", "start_time": 1514390402.0, "is_deleted": false, "id": 5163411, "timezone_id": "Europe/Paris", "comment_count": 0, "location": {"lon": 1.44194, "full_detail": "Haute-Garonne, France", "uuid": "0ec598f5-9dd9-42e4-b393-b6230a8bb153", "lat": 43.60444, "name": "Toulouse", "venue": null, "id": 6832286, "country_code": "FR", "detail": "France"}, "creation_time": 1528998227.0, "location_id": 6832286, "name": null, "fb_publish_status": null, "type": null, "likes": 0, "slug": "toulouse", "weather_temperature": 5.0, "end_time": null, "supertype": "normal", "trip_id": 723530, "description": null, "open_graph_id": null, "uuid": "4962f4d6-b2cb-44de-b162-8f4e465cb046"}, {"views": 0, "main_media_item_path": null, "weather_condition": null, "start_time": 1514476802.0, "is_deleted": false, "id": 5163420, "timezone_id": "Europe/Andorra", "comment_count": 0, "location": {"lon": 1.51150670068751, "full_detail": "Andorra", "uuid": "cb08729c-8e6a-40a9-a015-643317745f03", "lat": 42.5000841685638, "name": "Andorra la Vella", "venue": null, "id": 6832294, "country_code": "AD", "detail": "Andorra"}, "creation_time": 1528998282.0, "location_id": 6832294, "name": null, "fb_publish_status": null, "type": null, "likes": 0, "slug": "andorra-la-vella", "weather_temperature": null, "end_time": null, "supertype": "normal", "trip_id": 723530, "description": null, "open_graph_id": null, "uuid": "53330bfe-3d53-4920-9015-e9a7d46e247e"}, {"views": 0, "main_media_item_path": null, "weather_condition": "clear-night", "start_time": 1514570402.0, "is_deleted": false, "id": 5163427, "timezone_id": "Europe/Madrid", "comment_count": 0, "location": {"lon": 2.17079288813773, "full_detail": "Barcelona Province, Spain", "uuid": "028f46bb-851d-402d-8595-cd5e8835baff", "lat": 41.3690543682448, "name": "Barcelona", "venue": null, "id": 6832302, "country_code": "ES", "detail": "Spain"}, "creation_time": 1528998335.0, "location_id": 6832302, "name": null, "fb_publish_status": null, "type": null, "likes": 0, "slug": "barcelona", "weather_temperature": 11.0, "end_time": null, "supertype": "normal", "trip_id": 723530, "description": null, "open_graph_id": null, "uuid": "f36208f3-e277-440a-bc2a-8989b314c9a5"}, {"views": 0, "main_media_item_path": null, "weather_condition": "partly-cloudy-night", "start_time": 1514673002.0, "is_deleted": false, "id": 5163445, "timezone_id": "Europe/Paris", "comment_count": 0, "location": {"lon": 4.36334794786399, "full_detail": "Gard, France", "uuid": "89c2e9f8-6ee0-47bc-af78-53d6f712b970", "lat": 43.8067249518723, "name": "N\u00eemes", "venue": null, "id": 6832321, "country_code": "FR", "detail": "France"}, "creation_time": 1528998373.0, "location_id": 6832321, "name": null, "fb_publish_status": null, "type": null, "likes": 0, "slug": "nimes", "weather_temperature": 9.0, "end_time": null, "supertype": "normal", "trip_id": 723530, "description": null, "open_graph_id": null, "uuid": "f8d53657-79eb-48bc-966d-a21e4353dcc4"}, {"views": 0, "main_media_item_path": null, "weather_condition": "partly-cloudy-day", "start_time": 1514723402.0, "is_deleted": false, "id": 5163453, "timezone_id": "Europe/Paris", "comment_count": 0, "location": {"lon": 7.42388056596712, "full_detail": "Monaco", "uuid": "65cf0f8b-7acc-4949-9615-5a999a84a0c0", "lat": 43.739920026575, "name": "Monaco", "venue": null, "id": 6832330, "country_code": "MC", "detail": "Monaco"}, "creation_time": 1528998426.0, "location_id": 6832330, "name": null, "fb_publish_status": null, "type": null, "likes": 0, "slug": "monaco", "weather_temperature": 12.0, "end_time": null, "supertype": "normal", "trip_id": 723530, "description": null, "open_graph_id": null, "uuid": "b44956e4-63c5-45e8-84a9-63c15cd58980"}, {"views": 0, "main_media_item_path": null, "weather_condition": "wind", "start_time": 1514847602.0, "is_deleted": false, "id": 5163489, "timezone_id": "Europe/Rome", "comment_count": 0, "location": {"lon": 10.7149577641102, "full_detail": "Province of Reggio Emilia, Italy", "uuid": "361b7190-83cc-4861-bf6f-5e5e29f29079", "lat": 44.6353504183629, "name": "Scandiano", "venue": null, "id": 6832374, "country_code": "IT", "detail": "Italy"}, "creation_time": 1528998461.0, "location_id": 6832374, "name": null, "fb_publish_status": null, "type": null, "likes": 0, "slug": "scandiano", "weather_temperature": 0.0, "end_time": null, "supertype": "normal", "trip_id": 723530, "description": null, "open_graph_id": null, "uuid": "f62eed57-a19e-419e-a760-2337acb54f8b"}, {"views": 0, "main_media_item_path": null, "weather_condition": "rain", "start_time": 1514890802.0, "is_deleted": false, "id": 5163502, "timezone_id": "Europe/San_Marino", "comment_count": 0, "location": {"lon": 12.4468851713566, "full_detail": "San Marino", "uuid": "2194be61-d73e-489d-b304-54886612b486", "lat": 43.9361231494144, "name": "San Marino", "venue": null, "id": 6832392, "country_code": "SM", "detail": "San Marino"}, "creation_time": 1528998649.0, "location_id": 6832392, "name": null, "fb_publish_status": null, "type": null, "likes": 0, "slug": "san-marino", "weather_temperature": 5.0, "end_time": null, "supertype": "normal", "trip_id": 723530, "description": null, "open_graph_id": null, "uuid": "e091ec48-7fb0-4825-9271-0fecf63d7b4c"}, {"views": 0, "main_media_item_path": null, "weather_condition": "partly-cloudy-night", "start_time": 1514916002.0, "is_deleted": false, "id": 5163512, "timezone_id": "Europe/Rome", "comment_count": 0, "location": {"lon": 12.5739612290247, "full_detail": "Province of Rimini, Italy", "uuid": "865ebe1a-9968-4ca5-a344-0c216b4effb5", "lat": 44.0711893961716, "name": "Rimini", "venue": null, "id": 6832404, "country_code": "IT", "detail": "Italy"}, "creation_time": 1528998712.0, "location_id": 6832404, "name": null, "fb_publish_status": null, "type": null, "likes": 0, "slug": "rimini", "weather_temperature": 7.0, "end_time": null, "supertype": "normal", "trip_id": 723530, "description": null, "open_graph_id": null, "uuid": "d4fedfa1-81d4-474d-9efa-9915481c413d"}, {"views": 0, "main_media_item_path": null, "weather_condition": "clear-day", "start_time": 1514991602.0, "is_deleted": false, "id": 5163528, "timezone_id": "Europe/Rome", "comment_count": 0, "location": {"lon": 11.34278, "full_detail": "Metropolitan City of Bologna, Italy", "uuid": "79116a3a-2349-45be-a2ce-25bbef7e961a", "lat": 44.49389, "name": "Bologna", "venue": null, "id": 6832422, "country_code": "IT", "detail": "Italy"}, "creation_time": 1528998763.0, "location_id": 6832422, "name": null, "fb_publish_status": null, "type": null, "likes": 0, "slug": "bologna", "weather_temperature": 6.0, "end_time": null, "supertype": "normal", "trip_id": 723530, "description": null, "open_graph_id": null, "uuid": "a528e925-48e3-4924-b492-5d4989a0fd4a"}, {"views": 0, "main_media_item_path": null, "weather_condition": "partly-cloudy-day", "start_time": 1515013202.0, "is_deleted": false, "id": 5163593, "timezone_id": "Europe/Rome", "comment_count": 0, "location": {"lon": 10.7535806092798, "full_detail": "Province of Verona, Italy", "uuid": "fc0b561c-37da-4771-81ef-c153776112ae", "lat": 45.4854386243609, "name": "Lazise", "venue": null, "id": 6832504, "country_code": "IT", "detail": "Italy"}, "creation_time": 1528999055.0, "location_id": 6832504, "name": null, "fb_publish_status": null, "type": null, "likes": 0, "slug": "lazise", "weather_temperature": 8.0, "end_time": null, "supertype": "normal", "trip_id": 723530, "description": null, "open_graph_id": null, "uuid": "d9faad03-4514-4e9b-be00-376de49ebfd8"}, {"views": 0, "main_media_item_path": null, "weather_condition": null, "start_time": 1515088802.0, "is_deleted": false, "id": 5163613, "timezone_id": "Europe/Vienna", "comment_count": 0, "location": {"lon": 12.42556, "full_detail": "Tyrol, Austria", "uuid": "6abf569b-47b6-4013-8911-4bb8c468028a", "lat": 47.5225, "name": "St. Johann in Tirol", "venue": null, "id": 6832517, "country_code": "AT", "detail": "Austria"}, "creation_time": 1528999128.0, "location_id": 6832517, "name": null, "fb_publish_status": null, "type": null, "likes": 0, "slug": "st-johann-in-tirol", "weather_temperature": null, "end_time": null, "supertype": "normal", "trip_id": 723530, "description": null, "open_graph_id": null, "uuid": "417e58fa-edfa-4460-87b5-d00f92322fcc"}, {"views": 0, "main_media_item_path": null, "weather_condition": "rain", "start_time": 1515105002.0, "is_deleted": false, "id": 5163621, "timezone_id": "Europe/Berlin", "comment_count": 0, "location": {"lon": 11.554885478336, "full_detail": "Bavaria, Germany", "uuid": "5e96ee1f-513d-4f8a-ba70-0e6377d06acc", "lat": 48.1177245386654, "name": "Munich", "venue": null, "id": 6832525, "country_code": "DE", "detail": "Germany"}, "creation_time": 1528999175.0, "location_id": 6832525, "name": null, "fb_publish_status": null, "type": null, "likes": 0, "slug": "munich", "weather_temperature": 10.0, "end_time": null, "supertype": "normal", "trip_id": 723530, "description": null, "open_graph_id": null, "uuid": "fb85019a-52dd-4189-b361-22b35fa58159"}, {"views": 0, "main_media_item_path": null, "weather_condition": null, "start_time": 1515153602.0, "is_deleted": false, "id": 5163628, "timezone_id": "Europe/Vaduz", "comment_count": 0, "location": {"lon": 9.52194, "full_detail": "Liechtenstein", "uuid": "ebe9b71f-6b88-4c7b-b865-a34ecddb84c2", "lat": 47.13972, "name": "Vaduz", "venue": null, "id": 6832533, "country_code": "LI", "detail": "Liechtenstein"}, "creation_time": 1528999219.0, "location_id": 6832533, "name": null, "fb_publish_status": null, "type": null, "likes": 0, "slug": "vaduz", "weather_temperature": null, "end_time": null, "supertype": "normal", "trip_id": 723530, "description": null, "open_graph_id": null, "uuid": "588391df-fab2-44d1-b840-87ba59727806"}, {"views": 0, "main_media_item_path": null, "weather_condition": "partly-cloudy-night", "start_time": 1515195002.0, "is_deleted": false, "id": 5163689, "timezone_id": "Europe/Berlin", "comment_count": 0, "location": {"lon": 6.89100244600536, "full_detail": "Saarland, Germany", "uuid": "707da990-0ce7-4c83-890d-329e8eb2db51", "lat": 49.3354419986492, "name": "Heusweiler", "venue": null, "id": 6832607, "country_code": "DE", "detail": "Germany"}, "creation_time": 1528999249.0, "location_id": 6832607, "name": null, "fb_publish_status": null, "type": null, "likes": 0, "slug": "heusweiler", "weather_temperature": 7.0, "end_time": null, "supertype": "normal", "trip_id": 723530, "description": null, "open_graph_id": null, "uuid": "8f30de09-92de-45d8-9820-e61e3732beb2"}, {"views": 0, "main_media_item_path": null, "weather_condition": null, "start_time": 1515231002.0, "is_deleted": false, "id": 5163696, "timezone_id": "Europe/Luxembourg", "comment_count": 0, "location": {"lon": 6.13278, "full_detail": "Luxembourg, Luxembourg", "uuid": "1895fa8c-cac5-47a7-bb8a-af3c18047295", "lat": 49.61056, "name": "Luxembourg", "venue": null, "id": 6832617, "country_code": "LU", "detail": "Luxembourg"}, "creation_time": 1528999511.0, "location_id": 6832617, "name": null, "fb_publish_status": null, "type": null, "likes": 0, "slug": "luxembourg", "weather_temperature": null, "end_time": null, "supertype": "normal", "trip_id": 723530, "description": null, "open_graph_id": null, "uuid": "c3c707ba-0f2f-400c-a25c-f99184ac5f8e"}, {"views": 0, "main_media_item_path": null, "weather_condition": null, "start_time": 1515249002.0, "is_deleted": false, "id": 5163722, "timezone_id": "Europe/Brussels", "comment_count": 0, "location": {"lon": 4.53333, "full_detail": "Flemish Brabant, Belgium", "uuid": "854a245c-5294-4087-8465-6bc6e9642ef2", "lat": 50.78333, "name": "Overijse", "venue": null, "id": 6832645, "country_code": "BE", "detail": "Belgium"}, "creation_time": 1528999631.0, "location_id": 6832645, "name": null, "fb_publish_status": null, "type": null, "likes": 0, "slug": "overijse", "weather_temperature": null, "end_time": null, "supertype": "normal", "trip_id": 723530, "description": null, "open_graph_id": null, "uuid": "f4387082-24ea-4b7d-a876-4d4638a36dea"}, {"views": 0, "main_media_item_path": null, "weather_condition": "clear-night", "start_time": 1515283202.0, "is_deleted": false, "id": 5163780, "timezone_id": "Europe/London", "comment_count": 0, "location": {"lon": 0.3848, "full_detail": "England, United Kingdom", "uuid": "9daee3ab-0684-48a4-9c8f-0b3bc119f3e1", "lat": 52.1954, "name": "Newmarket", "venue": null, "id": 6832711, "country_code": "GB", "detail": "United Kingdom"}, "creation_time": 1528999864.0, "location_id": 6832711, "name": null, "fb_publish_status": null, "type": null, "likes": 0, "slug": "newmarket", "weather_temperature": 1.0, "end_time": null, "supertype": "normal", "trip_id": 723530, "description": null, "open_graph_id": null, "uuid": "ffa28939-5b5c-4132-bc28-3af3bc98a57b"}], "open_graph_id": null, "uuid": "9263f0a7-b7be-418a-a921-334fe634e0a4", "featured": null, "cover_photo_thumb_path": null, "end_date": 1515283140.0}