{"summary": "", "views": 0, "fb_publish_status": null, "is_deleted": false, "timezone_id": "Europe/London", "cover_photo_path": null, "step_count": 3, "total_km": 1569.39700906316, "start_date": 1123801201.0, "id": 726288, "user_id": 642440, "type": null, "likes": 0, "feature_text": null, "slug": "france-2005", "language": null, "name": "France 2005", "visibility": 1, "feature_date": null, "featured_priority_for_new_users": null, "all_steps": [{"views": 0, "main_media_item_path": null, "weather_condition": null, "start_time": 1123844401.0, "is_deleted": false, "id": 5182833, "timezone_id": "Europe/London", "comment_count": 0, "location": {"lon": 0.3848, "full_detail": "England, United Kingdom", "uuid": "e7bd1b5f-324b-47b9-b3d7-1c3274f7d48d", "lat": 52.1954, "name": "Newmarket", "venue": null, "id": 6855596, "country_code": "GB", "detail": "United Kingdom"}, "creation_time": 1529111253.0, "location_id": 6855596, "name": null, "fb_publish_status": null, "type": null, "likes": 0, "slug": "newmarket", "weather_temperature": null, "end_time": null, "supertype": "normal", "trip_id": 726288, "description": null, "open_graph_id": null, "uuid": "dad1d806-ddaa-4803-8e6b-c30a93a4eda1"}, {"views": 0, "main_media_item_path": null, "weather_condition": null, "start_time": 1123927201.0, "is_deleted": false, "id": 5182838, "timezone_id": "Europe/Paris", "comment_count": 0, "location": {"lon": 0.631835, "full_detail": "Dordogne, France", "uuid": "2d6527df-8567-4cb5-bc09-8bd15293615b", "lat": 45.142305, "name": "Dordogne", "venue": null, "id": 6855601, "country_code": "FR", "detail": "France"}, "creation_time": 1529111282.0, "location_id": 6855601, "name": null, "fb_publish_status": null, "type": null, "likes": 0, "slug": "dordogne", "weather_temperature": null, "end_time": null, "supertype": "normal", "trip_id": 726288, "description": null, "open_graph_id": null, "uuid": "db184d16-e562-4c98-901d-fe2e0df44112"}, {"views": 0, "main_media_item_path": null, "weather_condition": "partly-cloudy-day", "start_time": 1125140401.0, "is_deleted": false, "id": 5182834, "timezone_id": "Europe/London", "comment_count": 0, "location": {"lon": 0.3848, "full_detail": "England, United Kingdom", "uuid": "c00c9eed-4db3-43d7-9cfa-48b76db01e3f", "lat": 52.1954, "name": "Newmarket", "venue": null, "id": 6855597, "country_code": "GB", "detail": "United Kingdom"}, "creation_time": 1529111264.0, "location_id": 6855597, "name": null, "fb_publish_status": null, "type": null, "likes": 0, "slug": "newmarket", "weather_temperature": 18.0, "end_time": null, "supertype": "normal", "trip_id": 726288, "description": null, "open_graph_id": null, "uuid": "2bf16146-868d-4b47-88e4-2de8955bb4bd"}], "open_graph_id": null, "uuid": "57c5185a-ebaf-4da2-9386-f8ec815cdffe", "featured": null, "cover_photo_thumb_path": null, "end_date": 1125183540.0}