{"feature_date": null, "open_graph_id": null, "timezone_id": "Europe/London", "likes": 0, "summary": "", "type": null, "start_date": 1123801201.0, "end_date": 1125183540.0, "is_deleted": false, "id": 726288, "all_steps": [{"open_graph_id": null, "timezone_id": "Europe/London", "likes": 0, "type": null, "creation_time": 1529111253.0, "location_id": 6855596, "id": 5182833, "supertype": "normal", "is_deleted": false, "description": null, "weather_temperature": null, "start_time": 1123844401.0, "views": 0, "location": {"lon": 0.3848, "country_code": "GB", "lat": 52.1954, "id": 6855596, "full_detail": "England, United Kingdom", "uuid": "e7bd1b5f-324b-47b9-b3d7-1c3274f7d48d", "venue": null, "detail": "United Kingdom", "name": "Newmarket"}, "trip_id": 726288, "end_time": null, "main_media_item_path": null, "name": null, "uuid": "dad1d806-ddaa-4803-8e6b-c30a93a4eda1", "fb_publish_status": null, "weather_condition": null, "slug": "newmarket", "comment_count": 0}, {"open_graph_id": null, "timezone_id": "Europe/Paris", "likes": 0, "type": null, "creation_time": 1529111282.0, "location_id": 6855601, "id": 5182838, "supertype": "normal", "is_deleted": false, "description": null, "weather_temperature": null, "start_time": 1124532001.0, "views": 0, "location": {"lon": 0.631835, "country_code": "FR", "lat": 45.142305, "id": 6855601, "full_detail": "Dordogne, France", "uuid": "2d6527df-8567-4cb5-bc09-8bd15293615b", "venue": null, "detail": "France", "name": "Dordogne"}, "trip_id": 726288, "end_time": null, "main_media_item_path": null, "name": null, "uuid": "db184d16-e562-4c98-901d-fe2e0df44112", "fb_publish_status": null, "weather_condition": null, "slug": "dordogne", "comment_count": 0}, {"open_graph_id": null, "timezone_id": "Europe/London", "likes": 0, "type": null, "creation_time": 1529111264.0, "location_id": 6855597, "id": 5182834, "supertype": "normal", "is_deleted": false, "description": null, "weather_temperature": 18.0, "start_time": 1125140401.0, "views": 0, "location": {"lon": 0.3848, "country_code": "GB", "lat": 52.1954, "id": 6855597, "full_detail": "England, United Kingdom", "uuid": "c00c9eed-4db3-43d7-9cfa-48b76db01e3f", "venue": null, "detail": "United Kingdom", "name": "Newmarket"}, "trip_id": 726288, "end_time": null, "main_media_item_path": null, "name": null, "uuid": "2bf16146-868d-4b47-88e4-2de8955bb4bd", "fb_publish_status": null, "weather_condition": "partly-cloudy-day", "slug": "newmarket", "comment_count": 0}], "user_id": 642440, "language": null, "visibility": 1, "featured_priority_for_new_users": null, "featured": null, "views": 0, "total_km": 1569.39700906316, "step_count": 3, "name": "France 2005", "feature_text": null, "uuid": "57c5185a-ebaf-4da2-9386-f8ec815cdffe", "cover_photo_thumb_path": null, "fb_publish_status": null, "cover_photo_path": null, "slug": "france-2005"}