{"feature_date": null, "open_graph_id": null, "timezone_id": "Europe/London", "likes": 0, "summary": "With Johan and James, then meeting the fam in Croatia", "type": null, "start_date": 1436914801.0, "end_date": 1438556341.0, "is_deleted": false, "id": 723656, "all_steps": [{"open_graph_id": null, "timezone_id": "Europe/London", "likes": 0, "type": null, "creation_time": 1529002500.0, "location_id": 6833610, "id": 5164525, "supertype": "normal", "is_deleted": false, "description": null, "weather_temperature": null, "start_time": 1436952601.0, "views": 0, "location": {"lon": 0.3848, "country_code": "GB", "lat": 52.1954, "id": 6833610, "full_detail": "England, United Kingdom", "uuid": "c3c405c7-bb22-4dc1-9294-a9f40d5b08db", "venue": null, "detail": "United Kingdom", "name": "Newmarket"}, "trip_id": 723656, "end_time": null, "main_media_item_path": null, "name": null, "uuid": "a59a4a22-f964-4792-81a9-ac4d1a0223a3", "fb_publish_status": null, "weather_condition": null, "slug": "newmarket", "comment_count": 0}, {"open_graph_id": null, "timezone_id": "Europe/Ljubljana", "likes": 0, "type": null, "creation_time": 1529002525.0, "location_id": 6833619, "id": 5164534, "supertype": "normal", "is_deleted": false, "description": null, "weather_temperature": 31.0, "start_time": 1436974201.0, "views": 0, "location": {"lon": 14.51667, "country_code": "SI", "lat": 46.05, "id": 6833619, "full_detail": "Ljubljana, Slovenia", "uuid": "ac4028b5-49fb-4d58-9c32-ce2e23b1c953", "venue": null, "detail": "Slovenia", "name": "Ljubljana"}, "trip_id": 723656, "end_time": null, "main_media_item_path": null, "name": null, "uuid": "e98afeb0-dc6b-4a8c-b0f1-efea07f79196", "fb_publish_status": null, "weather_condition": "clear-day", "slug": "ljubljana", "comment_count": 0}, {"open_graph_id": null, "timezone_id": "Europe/Belgrade", "likes": 0, "type": null, "creation_time": 1529002553.0, "location_id": 6833640, "id": 5164555, "supertype": "normal", "is_deleted": false, "description": null, "weather_temperature": 27.0, "start_time": 1437199201.0, "views": 0, "location": {"lon": 20.46667, "country_code": "RS", "lat": 44.81667, "id": 6833640, "full_detail": "Stari Grad, Serbia", "uuid": "57c0e24f-4a79-42af-bf4f-8246b0347fcc", "venue": null, "detail": "Serbia", "name": "Belgrade"}, "trip_id": 723656, "end_time": null, "main_media_item_path": null, "name": null, "uuid": "31fb3e56-8113-438f-9a40-5828a1a809f1", "fb_publish_status": null, "weather_condition": "partly-cloudy-day", "slug": "belgrade", "comment_count": 0}, {"open_graph_id": null, "timezone_id": "Europe/Podgorica", "likes": 0, "type": null, "creation_time": 1529002597.0, "location_id": 6833658, "id": 5164568, "supertype": "normal", "is_deleted": false, "description": null, "weather_temperature": null, "start_time": 1437426001.0, "views": 0, "location": {"lon": 18.7711602248569, "country_code": "ME", "lat": 42.424563396729, "id": 6833658, "full_detail": "Montenegro", "uuid": "1c30a064-bd64-469b-99f9-37535e179c2c", "venue": null, "detail": "Montenegro", "name": "Cetinje Municipality"}, "trip_id": 723656, "end_time": null, "main_media_item_path": null, "name": "Kotor", "uuid": "fb8e5e53-4742-41eb-bd82-8883da233554", "fb_publish_status": null, "weather_condition": null, "slug": "cetinje-municipality", "comment_count": 0}, {"open_graph_id": null, "timezone_id": "Europe/Sarajevo", "likes": 0, "type": null, "creation_time": 1529002691.0, "location_id": 6833680, "id": 5164580, "supertype": "normal", "is_deleted": false, "description": null, "weather_temperature": 38.0, "start_time": 1437652801.0, "views": 0, "location": {"lon": 17.8125, "country_code": "BA", "lat": 43.34944, "id": 6833680, "full_detail": "Herzegovina-Neretva Canton, Bosnia and Herzegovina", "uuid": "1ef25a34-af2d-4eba-90cb-5ed130143a2c", "venue": null, "detail": "Bosnia and Herzegovina", "name": "Mostar"}, "trip_id": 723656, "end_time": null, "main_media_item_path": null, "name": null, "uuid": "1983386f-5ec9-4154-ae86-960377d57371", "fb_publish_status": null, "weather_condition": "wind", "slug": "mostar", "comment_count": 0}, {"open_graph_id": null, "timezone_id": "Europe/Zagreb", "likes": 0, "type": null, "creation_time": 1529002748.0, "location_id": 6833709, "id": 5164610, "supertype": "normal", "is_deleted": false, "description": null, "weather_temperature": 26.0, "start_time": 1437854401.0, "views": 0, "location": {"lon": 16.6779865007865, "country_code": "HR", "lat": 43.1788902076195, "id": 6833709, "full_detail": "Split-Dalmatia County, Croatia", "uuid": "649ee84f-6eb0-425b-bf24-7544a8b35e00", "venue": null, "detail": "Croatia", "name": "Jelsa"}, "trip_id": 723656, "end_time": null, "main_media_item_path": null, "name": "Vrboska", "uuid": "dbe4ea15-b332-493e-a68a-44c9d9e91488", "fb_publish_status": null, "weather_condition": "clear-night", "slug": "jelsa", "comment_count": 0}, {"open_graph_id": null, "timezone_id": "Europe/Zagreb", "likes": 0, "type": null, "creation_time": 1529002850.0, "location_id": 6833726, "id": 5164624, "supertype": "normal", "is_deleted": false, "description": null, "weather_temperature": 29.0, "start_time": 1438441201.0, "views": 0, "location": {"lon": 16.25, "country_code": "HR", "lat": 43.51667, "id": 6833726, "full_detail": "Split-Dalmatia County, Croatia", "uuid": "916e018f-0f6e-449b-bed4-b205f0cfb898", "venue": null, "detail": "Croatia", "name": "Trogir"}, "trip_id": 723656, "end_time": null, "main_media_item_path": null, "name": null, "uuid": "cc881da0-8400-4f5d-acfb-ce3f92a38f22", "fb_publish_status": null, "weather_condition": "clear-day", "slug": "trogir", "comment_count": 0}, {"open_graph_id": null, "timezone_id": "Europe/London", "likes": 0, "type": null, "creation_time": 1529002479.0, "location_id": 6833593, "id": 5164513, "supertype": "normal", "is_deleted": false, "description": null, "weather_temperature": 23.0, "start_time": 1438524001.0, "views": 0, "location": {"lon": 0.3848, "country_code": "GB", "lat": 52.1954, "id": 6833593, "full_detail": "England, United Kingdom", "uuid": "6cb0f928-9f0f-467e-91bf-d3c5009c9d64", "venue": null, "detail": "United Kingdom", "name": "Newmarket"}, "trip_id": 723656, "end_time": null, "main_media_item_path": null, "name": null, "uuid": "127404e2-c1e8-4fda-a53e-25f3f0028c32", "fb_publish_status": null, "weather_condition": "clear-day", "slug": "newmarket", "comment_count": 0}], "user_id": 642440, "language": null, "visibility": 1, "featured_priority_for_new_users": null, "featured": null, "views": 0, "total_km": 3810.94552050544, "step_count": 8, "name": "Balkans 2015", "feature_text": null, "uuid": "3929a9be-d30f-4942-8c25-2a8f50c48b34", "cover_photo_thumb_path": null, "fb_publish_status": null, "cover_photo_path": null, "slug": "balkans-2015"}