{"summary": "With Johan and James, then meeting the fam in Croatia", "views": 0, "fb_publish_status": null, "is_deleted": false, "timezone_id": "Europe/London", "cover_photo_path": null, "step_count": 8, "total_km": 3810.94552050544, "start_date": 1436914801.0, "id": 723656, "user_id": 642440, "type": null, "likes": 0, "feature_text": null, "slug": "balkans-2015", "language": null, "name": "Balkans 2015", "visibility": 1, "feature_date": null, "featured_priority_for_new_users": null, "all_steps": [{"views": 0, "main_media_item_path": null, "weather_condition": null, "start_time": 1436952601.0, "is_deleted": false, "id": 5164525, "timezone_id": "Europe/London", "comment_count": 0, "location": {"lon": 0.3848, "full_detail": "England, United Kingdom", "uuid": "c3c405c7-bb22-4dc1-9294-a9f40d5b08db", "lat": 52.1954, "name": "Newmarket", "venue": null, "id": 6833610, "country_code": "GB", "detail": "United Kingdom"}, "creation_time": 1529002500.0, "location_id": 6833610, "name": null, "fb_publish_status": null, "type": null, "likes": 0, "slug": "newmarket", "weather_temperature": null, "end_time": null, "supertype": "normal", "trip_id": 723656, "description": null, "open_graph_id": null, "uuid": "a59a4a22-f964-4792-81a9-ac4d1a0223a3"}, {"views": 0, "main_media_item_path": null, "weather_condition": "clear-day", "start_time": 1436974201.0, "is_deleted": false, "id": 5164534, "timezone_id": "Europe/Ljubljana", "comment_count": 0, "location": {"lon": 14.51667, "full_detail": "Ljubljana, Slovenia", "uuid": "ac4028b5-49fb-4d58-9c32-ce2e23b1c953", "lat": 46.05, "name": "Ljubljana", "venue": null, "id": 6833619, "country_code": "SI", "detail": "Slovenia"}, "creation_time": 1529002525.0, "location_id": 6833619, "name": null, "fb_publish_status": null, "type": null, "likes": 0, "slug": "ljubljana", "weather_temperature": 31.0, "end_time": null, "supertype": "normal", "trip_id": 723656, "description": null, "open_graph_id": null, "uuid": "e98afeb0-dc6b-4a8c-b0f1-efea07f79196"}, {"views": 0, "main_media_item_path": null, "weather_condition": "partly-cloudy-day", "start_time": 1437199201.0, "is_deleted": false, "id": 5164555, "timezone_id": "Europe/Belgrade", "comment_count": 0, "location": {"lon": 20.46667, "full_detail": "Stari Grad, Serbia", "uuid": "57c0e24f-4a79-42af-bf4f-8246b0347fcc", "lat": 44.81667, "name": "Belgrade", "venue": null, "id": 6833640, "country_code": "RS", "detail": "Serbia"}, "creation_time": 1529002553.0, "location_id": 6833640, "name": null, "fb_publish_status": null, "type": null, "likes": 0, "slug": "belgrade", "weather_temperature": 27.0, "end_time": null, "supertype": "normal", "trip_id": 723656, "description": null, "open_graph_id": null, "uuid": "31fb3e56-8113-438f-9a40-5828a1a809f1"}, {"views": 0, "main_media_item_path": null, "weather_condition": null, "start_time": 1437426001.0, "is_deleted": false, "id": 5164568, "timezone_id": "Europe/Podgorica", "comment_count": 0, "location": {"lon": 18.7711602248569, "full_detail": "Montenegro", "uuid": "1c30a064-bd64-469b-99f9-37535e179c2c", "lat": 42.424563396729, "name": "Cetinje Municipality", "venue": null, "id": 6833658, "country_code": "ME", "detail": "Montenegro"}, "creation_time": 1529002597.0, "location_id": 6833658, "name": "Kotor", "fb_publish_status": null, "type": null, "likes": 0, "slug": "cetinje-municipality", "weather_temperature": null, "end_time": null, "supertype": "normal", "trip_id": 723656, "description": null, "open_graph_id": null, "uuid": "fb8e5e53-4742-41eb-bd82-8883da233554"}, {"views": 0, "main_media_item_path": null, "weather_condition": "wind", "start_time": 1437652801.0, "is_deleted": false, "id": 5164580, "timezone_id": "Europe/Sarajevo", "comment_count": 0, "location": {"lon": 17.8125, "full_detail": "Herzegovina-Neretva Canton, Bosnia and Herzegovina", "uuid": "1ef25a34-af2d-4eba-90cb-5ed130143a2c", "lat": 43.34944, "name": "Mostar", "venue": null, "id": 6833680, "country_code": "BA", "detail": "Bosnia and Herzegovina"}, "creation_time": 1529002691.0, "location_id": 6833680, "name": null, "fb_publish_status": null, "type": null, "likes": 0, "slug": "mostar", "weather_temperature": 38.0, "end_time": null, "supertype": "normal", "trip_id": 723656, "description": null, "open_graph_id": null, "uuid": "1983386f-5ec9-4154-ae86-960377d57371"}, {"views": 0, "main_media_item_path": null, "weather_condition": "clear-night", "start_time": 1437854401.0, "is_deleted": false, "id": 5164610, "timezone_id": "Europe/Zagreb", "comment_count": 0, "location": {"lon": 16.6779865007865, "full_detail": "Split-Dalmatia County, Croatia", "uuid": "649ee84f-6eb0-425b-bf24-7544a8b35e00", "lat": 43.1788902076195, "name": "Jelsa", "venue": null, "id": 6833709, "country_code": "HR", "detail": "Croatia"}, "creation_time": 1529002748.0, "location_id": 6833709, "name": "Vrboska", "fb_publish_status": null, "type": null, "likes": 0, "slug": "jelsa", "weather_temperature": 26.0, "end_time": null, "supertype": "normal", "trip_id": 723656, "description": null, "open_graph_id": null, "uuid": "dbe4ea15-b332-493e-a68a-44c9d9e91488"}, {"views": 0, "main_media_item_path": null, "weather_condition": "clear-day", "start_time": 1438441201.0, "is_deleted": false, "id": 5164624, "timezone_id": "Europe/Zagreb", "comment_count": 0, "location": {"lon": 16.25, "full_detail": "Split-Dalmatia County, Croatia", "uuid": "916e018f-0f6e-449b-bed4-b205f0cfb898", "lat": 43.51667, "name": "Trogir", "venue": null, "id": 6833726, "country_code": "HR", "detail": "Croatia"}, "creation_time": 1529002850.0, "location_id": 6833726, "name": null, "fb_publish_status": null, "type": null, "likes": 0, "slug": "trogir", "weather_temperature": 29.0, "end_time": null, "supertype": "normal", "trip_id": 723656, "description": null, "open_graph_id": null, "uuid": "cc881da0-8400-4f5d-acfb-ce3f92a38f22"}, {"views": 0, "main_media_item_path": null, "weather_condition": "clear-day", "start_time": 1438524001.0, "is_deleted": false, "id": 5164513, "timezone_id": "Europe/London", "comment_count": 0, "location": {"lon": 0.3848, "full_detail": "England, United Kingdom", "uuid": "6cb0f928-9f0f-467e-91bf-d3c5009c9d64", "lat": 52.1954, "name": "Newmarket", "venue": null, "id": 6833593, "country_code": "GB", "detail": "United Kingdom"}, "creation_time": 1529002479.0, "location_id": 6833593, "name": null, "fb_publish_status": null, "type": null, "likes": 0, "slug": "newmarket", "weather_temperature": 23.0, "end_time": null, "supertype": "normal", "trip_id": 723656, "description": null, "open_graph_id": null, "uuid": "127404e2-c1e8-4fda-a53e-25f3f0028c32"}], "open_graph_id": null, "uuid": "3929a9be-d30f-4942-8c25-2a8f50c48b34", "featured": null, "cover_photo_thumb_path": null, "end_date": 1438556341.0}