{"feature_date": null, "open_graph_id": null, "timezone_id": "Europe/London", "likes": 0, "summary": "", "type": null, "start_date": 1508022002.0, "end_date": 1512259141.0, "is_deleted": false, "id": 723415, "all_steps": [{"open_graph_id": null, "timezone_id": "America/Vancouver", "likes": 0, "type": null, "creation_time": 1529000327.0, "location_id": 6832892, "id": 5163938, "supertype": "normal", "is_deleted": false, "description": null, "weather_temperature": 3.0, "start_time": 1508094002.0, "views": 0, "location": {"lon": -122.9543, "country_code": "CA", "lat": 50.1172, "id": 6832892, "full_detail": "British Columbia, Canada", "uuid": "57e406d8-93b2-4f27-a5ce-7fade0aee0f8", "venue": null, "detail": "Canada", "name": "Whistler"}, "trip_id": 723415, "end_time": null, "main_media_item_path": null, "name": null, "uuid": "b6e33f22-d406-4344-aecb-63eb4c26f72f", "fb_publish_status": null, "weather_condition": "cloudy", "slug": "whistler", "comment_count": 0}, {"open_graph_id": null, "timezone_id": "America/Los_Angeles", "likes": 0, "type": null, "creation_time": 1529000363.0, "location_id": 6832903, "id": 5163947, "supertype": "normal", "is_deleted": false, "description": null, "weather_temperature": 21.0, "start_time": 1508121002.0, "views": 0, "location": {"lon": -122.463, "country_code": "US", "lat": 37.7648, "id": 6832903, "full_detail": "California, United States", "uuid": "630d1a58-64fa-443a-88e8-e5caee66f5b5", "venue": null, "detail": "United States", "name": "San Francisco"}, "trip_id": 723415, "end_time": null, "main_media_item_path": null, "name": null, "uuid": "b6119222-f2e6-4da1-be0e-e52dbabb3242", "fb_publish_status": null, "weather_condition": "clear-night", "slug": "san-francisco", "comment_count": 0}, {"open_graph_id": null, "timezone_id": "America/Chicago", "likes": 0, "type": null, "creation_time": 1529000400.0, "location_id": 6832920, "id": 5163964, "supertype": "normal", "is_deleted": false, "description": null, "weather_temperature": null, "start_time": 1508154302.0, "views": 0, "location": {"lon": -95.3674581257086, "country_code": "US", "lat": 29.7602926395499, "id": 6832920, "full_detail": "Texas, United States", "uuid": "033409f3-919f-433b-8fd3-e446e87a182a", "venue": null, "detail": "United States", "name": "Houston"}, "trip_id": 723415, "end_time": null, "main_media_item_path": null, "name": null, "uuid": "b15327d5-4f1b-4ab3-9c62-a80174e07913", "fb_publish_status": null, "weather_condition": null, "slug": "houston", "comment_count": 0}, {"open_graph_id": null, "timezone_id": "America/Belize", "likes": 0, "type": null, "creation_time": 1528994216.0, "location_id": 6832004, "id": 5163166, "supertype": "normal", "is_deleted": false, "description": null, "weather_temperature": 29.0, "start_time": 1508187602.0, "views": 0, "location": {"lon": -88.0249982234091, "country_code": "BZ", "lat": 17.7432288665145, "id": 6832004, "full_detail": "Belize City, Belize", "uuid": "6866560a-9d86-4305-a85b-06a976f8f757", "venue": null, "detail": "Belize", "name": "Caye Caulker Village"}, "trip_id": 723415, "end_time": null, "main_media_item_path": null, "name": null, "uuid": "eef0c1c5-e9f5-40b3-bafb-dfcb34a7e93e", "fb_publish_status": null, "weather_condition": "clear-day", "slug": "caye-caulker-village", "comment_count": 0}, {"open_graph_id": null, "timezone_id": "America/Cancun", "likes": 0, "type": null, "creation_time": 1528994299.0, "location_id": 6831268, "id": 5162538, "supertype": "normal", "is_deleted": false, "description": null, "weather_temperature": 29.0, "start_time": 1508518802.0, "views": 0, "location": {"lon": -88.39528, "country_code": "MX", "lat": 18.67694, "id": 6831268, "full_detail": "Quintana Roo, Mexico", "uuid": "363e6fe2-ef7f-4a76-9e53-52afc0e4a0c7", "venue": null, "detail": "Mexico", "name": "Bacalar"}, "trip_id": 723415, "end_time": null, "main_media_item_path": null, "name": null, "uuid": "cd819331-cda6-4566-9d94-3212e5b529d0", "fb_publish_status": null, "weather_condition": "cloudy", "slug": "bacalar", "comment_count": 0}, {"open_graph_id": null, "timezone_id": "America/Cancun", "likes": 0, "type": null, "creation_time": 1528994393.0, "location_id": 6831272, "id": 5162541, "supertype": "normal", "is_deleted": false, "description": null, "weather_temperature": 30.0, "start_time": 1508778002.0, "views": 0, "location": {"lon": -87.42889, "country_code": "MX", "lat": 20.21472, "id": 6831272, "full_detail": "Quintana Roo, Mexico", "uuid": "a4ccf52c-592b-4c1a-bba5-271afca879d2", "venue": null, "detail": "Mexico", "name": "Tulum"}, "trip_id": 723415, "end_time": null, "main_media_item_path": null, "name": null, "uuid": "d992799b-a81a-4a8f-9b57-ccd8270da940", "fb_publish_status": null, "weather_condition": "partly-cloudy-day", "slug": "tulum", "comment_count": 0}, {"open_graph_id": null, "timezone_id": "America/Cancun", "likes": 0, "type": null, "creation_time": 1528994450.0, "location_id": 6831282, "id": 5162550, "supertype": "normal", "is_deleted": false, "description": null, "weather_temperature": 27.0, "start_time": 1509123602.0, "views": 0, "location": {"lon": -86.73105, "country_code": "MX", "lat": 21.23114, "id": 6831282, "full_detail": "Quintana Roo, Mexico", "uuid": "26d53015-ff64-4790-91fb-b98abceca97d", "venue": null, "detail": "Mexico", "name": "Isla Mujeres"}, "trip_id": 723415, "end_time": null, "main_media_item_path": null, "name": null, "uuid": "e7af24eb-78b8-4d25-897d-0e0a1186af90", "fb_publish_status": null, "weather_condition": "partly-cloudy-day", "slug": "isla-mujeres", "comment_count": 0}, {"open_graph_id": null, "timezone_id": "America/Cancun", "likes": 0, "type": null, "creation_time": 1528994500.0, "location_id": 6831293, "id": 5162561, "supertype": "normal", "is_deleted": false, "description": null, "weather_temperature": 26.0, "start_time": 1509382802.0, "views": 0, "location": {"lon": -86.8475, "country_code": "MX", "lat": 21.16056, "id": 6831293, "full_detail": "Quintana Roo, Mexico", "uuid": "362b68eb-9b13-4286-9622-8260edf56f92", "venue": null, "detail": "Mexico", "name": "Canc\u00fan"}, "trip_id": 723415, "end_time": null, "main_media_item_path": null, "name": null, "uuid": "612a5bb8-489d-4582-90fb-4fa4ac2bedb6", "fb_publish_status": null, "weather_condition": "partly-cloudy-day", "slug": "cancun", "comment_count": 0}, {"open_graph_id": null, "timezone_id": "America/Merida", "likes": 0, "type": null, "creation_time": 1528994544.0, "location_id": 6831306, "id": 5162571, "supertype": "normal", "is_deleted": false, "description": null, "weather_temperature": 28.0, "start_time": 1509559202.0, "views": 0, "location": {"lon": -88.20167, "country_code": "MX", "lat": 20.68944, "id": 6831306, "full_detail": "Yucat\u00e1n, Mexico", "uuid": "49589265-a7f3-4528-8b94-88491d67a147", "venue": null, "detail": "Mexico", "name": "Valladolid"}, "trip_id": 723415, "end_time": null, "main_media_item_path": null, "name": null, "uuid": "07a0793b-da46-4ddf-8cbb-2de2d761573f", "fb_publish_status": null, "weather_condition": "clear-day", "slug": "valladolid", "comment_count": 0}, {"open_graph_id": null, "timezone_id": "America/Merida", "likes": 0, "type": null, "creation_time": 1528994583.0, "location_id": 6831313, "id": 5162578, "supertype": "normal", "is_deleted": false, "description": null, "weather_temperature": 30.0, "start_time": 1509732002.0, "views": 0, "location": {"lon": -89.62, "country_code": "MX", "lat": 20.97, "id": 6831313, "full_detail": "Yucat\u00e1n, Mexico", "uuid": "6b195e4b-d728-4e33-bb25-c43a30cec453", "venue": null, "detail": "Mexico", "name": "M\u00e9rida"}, "trip_id": 723415, "end_time": null, "main_media_item_path": null, "name": null, "uuid": "074ffdb5-0b4a-4dde-8ae7-cf56bb066d79", "fb_publish_status": null, "weather_condition": "partly-cloudy-day", "slug": "merida", "comment_count": 0}, {"open_graph_id": null, "timezone_id": "America/Mexico_City", "likes": 0, "type": null, "creation_time": 1528994600.0, "location_id": 6831321, "id": 5162584, "supertype": "normal", "is_deleted": false, "description": null, "weather_temperature": 29.0, "start_time": 1510164002.0, "views": 0, "location": {"lon": -91.98222, "country_code": "MX", "lat": 17.50917, "id": 6831321, "full_detail": "Chiapas, Mexico", "uuid": "c92d2ab1-f0ee-4610-a0e2-b5e3328a1e35", "venue": null, "detail": "Mexico", "name": "Palenque"}, "trip_id": 723415, "end_time": null, "main_media_item_path": null, "name": null, "uuid": "7229fd0f-8f24-4af5-8bfb-ddcd657fd360", "fb_publish_status": null, "weather_condition": "partly-cloudy-day", "slug": "palenque", "comment_count": 0}, {"open_graph_id": null, "timezone_id": "America/Mexico_City", "likes": 0, "type": null, "creation_time": 1528994666.0, "location_id": 6831330, "id": 5162590, "supertype": "normal", "is_deleted": false, "description": null, "weather_temperature": 28.0, "start_time": 1510336802.0, "views": 0, "location": {"lon": -92.63833, "country_code": "MX", "lat": 16.73667, "id": 6831330, "full_detail": "Chiapas, Mexico", "uuid": "14c7e61d-276c-44e2-ac61-890be3e23546", "venue": null, "detail": "Mexico", "name": "San Crist\u00f3bal de las Casas"}, "trip_id": 723415, "end_time": null, "main_media_item_path": null, "name": null, "uuid": "040834c6-8f87-4d97-86dd-687f29283e64", "fb_publish_status": null, "weather_condition": "clear-day", "slug": "san-cristobal-de-las-casas", "comment_count": 0}, {"open_graph_id": null, "timezone_id": "America/Mexico_City", "likes": 0, "type": null, "creation_time": 1528994814.0, "location_id": 6831381, "id": 5162634, "supertype": "normal", "is_deleted": false, "description": null, "weather_temperature": 26.0, "start_time": 1510855202.0, "views": 0, "location": {"lon": -97.088888888889, "country_code": "MX", "lat": 15.876666666667, "id": 6831381, "full_detail": "Oaxaca, Mexico", "uuid": "b3ebc53f-a7c3-4782-86f9-4d1f77580236", "venue": "Puerto Escondido International Airport", "detail": "Mexico", "name": "San Pedro Mixtepec -Dto. 22"}, "trip_id": 723415, "end_time": null, "main_media_item_path": null, "name": "Puerto Escondido", "uuid": "b1eb0854-7301-4106-8819-3fc8122fe636", "fb_publish_status": null, "weather_condition": "clear-day", "slug": "san-pedro-mixtepec-dto-22", "comment_count": 0}, {"open_graph_id": null, "timezone_id": "America/Mexico_City", "likes": 0, "type": null, "creation_time": 1528994878.0, "location_id": 6831422, "id": 5162668, "supertype": "normal", "is_deleted": false, "description": null, "weather_temperature": 21.0, "start_time": 1511200802.0, "views": 0, "location": {"lon": -96.7238246754378, "country_code": "MX", "lat": 17.0604327578441, "id": 6831422, "full_detail": "Oaxaca, Mexico", "uuid": "5a6f9478-3582-4cff-9889-6aea4d0fa29a", "venue": null, "detail": "Mexico", "name": "Oaxaca de Ju\u00e1rez Municipality"}, "trip_id": 723415, "end_time": null, "main_media_item_path": null, "name": null, "uuid": "9fafe0a2-4702-40d0-814e-e5fcca4703d6", "fb_publish_status": null, "weather_condition": "clear-day", "slug": "oaxaca-de-juarez-municipality", "comment_count": 0}, {"open_graph_id": null, "timezone_id": "America/Mexico_City", "likes": 0, "type": null, "creation_time": 1528995060.0, "location_id": 6831430, "id": 5162672, "supertype": "normal", "is_deleted": false, "description": null, "weather_temperature": null, "start_time": 1511632802.0, "views": 0, "location": {"lon": -99.14556, "country_code": "MX", "lat": 19.41944, "id": 6831430, "full_detail": "Mexico City, Mexico", "uuid": "09dd71b2-4898-4d50-8df6-3ea21d566dde", "venue": null, "detail": "Mexico", "name": "Mexico City"}, "trip_id": 723415, "end_time": null, "main_media_item_path": null, "name": null, "uuid": "56aaeaeb-abb1-4a5b-a567-20f3adb4105b", "fb_publish_status": null, "weather_condition": null, "slug": "mexico-city", "comment_count": 0}, {"open_graph_id": null, "timezone_id": "America/Vancouver", "likes": 0, "type": null, "creation_time": 1529000471.0, "location_id": 6832967, "id": 5164010, "supertype": "normal", "is_deleted": false, "description": null, "weather_temperature": null, "start_time": 1512259202.0, "views": 0, "location": {"lon": -122.954447020599, "country_code": "CA", "lat": 50.1172174123181, "id": 6832967, "full_detail": "British Columbia, Canada", "uuid": "84ea020c-c094-4e75-8d7c-df34187227ad", "venue": null, "detail": "Canada", "name": "Whistler"}, "trip_id": 723415, "end_time": null, "main_media_item_path": null, "name": null, "uuid": "464fbc6f-1598-4b63-8da9-f8e396172e0b", "fb_publish_status": null, "weather_condition": null, "slug": "whistler", "comment_count": 0}], "user_id": 642440, "language": null, "visibility": 1, "featured_priority_for_new_users": null, "featured": null, "views": 0, "total_km": 11879.4251630295, "step_count": 16, "name": "Final de Whistler", "feature_text": null, "uuid": "881dc83f-5f5a-42f8-a95b-dd5c9ae201d8", "cover_photo_thumb_path": null, "fb_publish_status": null, "cover_photo_path": null, "slug": "fin-de-whistler"}