{"summary": "", "views": 0, "fb_publish_status": null, "is_deleted": false, "timezone_id": "Europe/London", "cover_photo_path": null, "step_count": 16, "total_km": 11879.4251630295, "start_date": 1508022002.0, "id": 723415, "user_id": 642440, "type": null, "likes": 0, "feature_text": null, "slug": "fin-de-whistler", "language": null, "name": "Final de Whistler", "visibility": 1, "feature_date": null, "featured_priority_for_new_users": null, "all_steps": [{"views": 0, "main_media_item_path": null, "weather_condition": "cloudy", "start_time": 1508094002.0, "is_deleted": false, "id": 5163938, "timezone_id": "America/Vancouver", "comment_count": 0, "location": {"lon": -122.9543, "full_detail": "British Columbia, Canada", "uuid": "57e406d8-93b2-4f27-a5ce-7fade0aee0f8", "lat": 50.1172, "name": "Whistler", "venue": null, "id": 6832892, "country_code": "CA", "detail": "Canada"}, "creation_time": 1529000327.0, "location_id": 6832892, "name": null, "fb_publish_status": null, "type": null, "likes": 0, "slug": "whistler", "weather_temperature": 3.0, "end_time": null, "supertype": "normal", "trip_id": 723415, "description": null, "open_graph_id": null, "uuid": "b6e33f22-d406-4344-aecb-63eb4c26f72f"}, {"views": 0, "main_media_item_path": null, "weather_condition": "clear-night", "start_time": 1508121002.0, "is_deleted": false, "id": 5163947, "timezone_id": "America/Los_Angeles", "comment_count": 0, "location": {"lon": -122.463, "full_detail": "California, United States", "uuid": "630d1a58-64fa-443a-88e8-e5caee66f5b5", "lat": 37.7648, "name": "San Francisco", "venue": null, "id": 6832903, "country_code": "US", "detail": "United States"}, "creation_time": 1529000363.0, "location_id": 6832903, "name": null, "fb_publish_status": null, "type": null, "likes": 0, "slug": "san-francisco", "weather_temperature": 21.0, "end_time": null, "supertype": "normal", "trip_id": 723415, "description": null, "open_graph_id": null, "uuid": "b6119222-f2e6-4da1-be0e-e52dbabb3242"}, {"views": 0, "main_media_item_path": null, "weather_condition": null, "start_time": 1508154302.0, "is_deleted": false, "id": 5163964, "timezone_id": "America/Chicago", "comment_count": 0, "location": {"lon": -95.3674581257086, "full_detail": "Texas, United States", "uuid": "033409f3-919f-433b-8fd3-e446e87a182a", "lat": 29.7602926395499, "name": "Houston", "venue": null, "id": 6832920, "country_code": "US", "detail": "United States"}, "creation_time": 1529000400.0, "location_id": 6832920, "name": null, "fb_publish_status": null, "type": null, "likes": 0, "slug": "houston", "weather_temperature": null, "end_time": null, "supertype": "normal", "trip_id": 723415, "description": null, "open_graph_id": null, "uuid": "b15327d5-4f1b-4ab3-9c62-a80174e07913"}, {"views": 0, "main_media_item_path": null, "weather_condition": "clear-day", "start_time": 1508187602.0, "is_deleted": false, "id": 5163166, "timezone_id": "America/Belize", "comment_count": 0, "location": {"lon": -88.0249982234091, "full_detail": "Belize City, Belize", "uuid": "6866560a-9d86-4305-a85b-06a976f8f757", "lat": 17.7432288665145, "name": "Caye Caulker Village", "venue": null, "id": 6832004, "country_code": "BZ", "detail": "Belize"}, "creation_time": 1528994216.0, "location_id": 6832004, "name": null, "fb_publish_status": null, "type": null, "likes": 0, "slug": "caye-caulker-village", "weather_temperature": 29.0, "end_time": null, "supertype": "normal", "trip_id": 723415, "description": null, "open_graph_id": null, "uuid": "eef0c1c5-e9f5-40b3-bafb-dfcb34a7e93e"}, {"views": 0, "main_media_item_path": null, "weather_condition": "cloudy", "start_time": 1508518802.0, "is_deleted": false, "id": 5162538, "timezone_id": "America/Cancun", "comment_count": 0, "location": {"lon": -88.39528, "full_detail": "Quintana Roo, Mexico", "uuid": "363e6fe2-ef7f-4a76-9e53-52afc0e4a0c7", "lat": 18.67694, "name": "Bacalar", "venue": null, "id": 6831268, "country_code": "MX", "detail": "Mexico"}, "creation_time": 1528994299.0, "location_id": 6831268, "name": null, "fb_publish_status": null, "type": null, "likes": 0, "slug": "bacalar", "weather_temperature": 29.0, "end_time": null, "supertype": "normal", "trip_id": 723415, "description": null, "open_graph_id": null, "uuid": "cd819331-cda6-4566-9d94-3212e5b529d0"}, {"views": 0, "main_media_item_path": null, "weather_condition": "partly-cloudy-day", "start_time": 1508778002.0, "is_deleted": false, "id": 5162541, "timezone_id": "America/Cancun", "comment_count": 0, "location": {"lon": -87.42889, "full_detail": "Quintana Roo, Mexico", "uuid": "a4ccf52c-592b-4c1a-bba5-271afca879d2", "lat": 20.21472, "name": "Tulum", "venue": null, "id": 6831272, "country_code": "MX", "detail": "Mexico"}, "creation_time": 1528994393.0, "location_id": 6831272, "name": null, "fb_publish_status": null, "type": null, "likes": 0, "slug": "tulum", "weather_temperature": 30.0, "end_time": null, "supertype": "normal", "trip_id": 723415, "description": null, "open_graph_id": null, "uuid": "d992799b-a81a-4a8f-9b57-ccd8270da940"}, {"views": 0, "main_media_item_path": null, "weather_condition": "partly-cloudy-day", "start_time": 1509123602.0, "is_deleted": false, "id": 5162550, "timezone_id": "America/Cancun", "comment_count": 0, "location": {"lon": -86.73105, "full_detail": "Quintana Roo, Mexico", "uuid": "26d53015-ff64-4790-91fb-b98abceca97d", "lat": 21.23114, "name": "Isla Mujeres", "venue": null, "id": 6831282, "country_code": "MX", "detail": "Mexico"}, "creation_time": 1528994450.0, "location_id": 6831282, "name": null, "fb_publish_status": null, "type": null, "likes": 0, "slug": "isla-mujeres", "weather_temperature": 27.0, "end_time": null, "supertype": "normal", "trip_id": 723415, "description": null, "open_graph_id": null, "uuid": "e7af24eb-78b8-4d25-897d-0e0a1186af90"}, {"views": 0, "main_media_item_path": null, "weather_condition": "partly-cloudy-day", "start_time": 1509382802.0, "is_deleted": false, "id": 5162561, "timezone_id": "America/Cancun", "comment_count": 0, "location": {"lon": -86.8475, "full_detail": "Quintana Roo, Mexico", "uuid": "362b68eb-9b13-4286-9622-8260edf56f92", "lat": 21.16056, "name": "Canc\u00fan", "venue": null, "id": 6831293, "country_code": "MX", "detail": "Mexico"}, "creation_time": 1528994500.0, "location_id": 6831293, "name": null, "fb_publish_status": null, "type": null, "likes": 0, "slug": "cancun", "weather_temperature": 26.0, "end_time": null, "supertype": "normal", "trip_id": 723415, "description": null, "open_graph_id": null, "uuid": "612a5bb8-489d-4582-90fb-4fa4ac2bedb6"}, {"views": 0, "main_media_item_path": null, "weather_condition": "clear-day", "start_time": 1509559202.0, "is_deleted": false, "id": 5162571, "timezone_id": "America/Merida", "comment_count": 0, "location": {"lon": -88.20167, "full_detail": "Yucat\u00e1n, Mexico", "uuid": "49589265-a7f3-4528-8b94-88491d67a147", "lat": 20.68944, "name": "Valladolid", "venue": null, "id": 6831306, "country_code": "MX", "detail": "Mexico"}, "creation_time": 1528994544.0, "location_id": 6831306, "name": null, "fb_publish_status": null, "type": null, "likes": 0, "slug": "valladolid", "weather_temperature": 28.0, "end_time": null, "supertype": "normal", "trip_id": 723415, "description": null, "open_graph_id": null, "uuid": "07a0793b-da46-4ddf-8cbb-2de2d761573f"}, {"views": 0, "main_media_item_path": null, "weather_condition": "partly-cloudy-day", "start_time": 1509732002.0, "is_deleted": false, "id": 5162578, "timezone_id": "America/Merida", "comment_count": 0, "location": {"lon": -89.62, "full_detail": "Yucat\u00e1n, Mexico", "uuid": "6b195e4b-d728-4e33-bb25-c43a30cec453", "lat": 20.97, "name": "M\u00e9rida", "venue": null, "id": 6831313, "country_code": "MX", "detail": "Mexico"}, "creation_time": 1528994583.0, "location_id": 6831313, "name": null, "fb_publish_status": null, "type": null, "likes": 0, "slug": "merida", "weather_temperature": 30.0, "end_time": null, "supertype": "normal", "trip_id": 723415, "description": null, "open_graph_id": null, "uuid": "074ffdb5-0b4a-4dde-8ae7-cf56bb066d79"}, {"views": 0, "main_media_item_path": null, "weather_condition": "partly-cloudy-day", "start_time": 1510164002.0, "is_deleted": false, "id": 5162584, "timezone_id": "America/Mexico_City", "comment_count": 0, "location": {"lon": -91.98222, "full_detail": "Chiapas, Mexico", "uuid": "c92d2ab1-f0ee-4610-a0e2-b5e3328a1e35", "lat": 17.50917, "name": "Palenque", "venue": null, "id": 6831321, "country_code": "MX", "detail": "Mexico"}, "creation_time": 1528994600.0, "location_id": 6831321, "name": null, "fb_publish_status": null, "type": null, "likes": 0, "slug": "palenque", "weather_temperature": 29.0, "end_time": null, "supertype": "normal", "trip_id": 723415, "description": null, "open_graph_id": null, "uuid": "7229fd0f-8f24-4af5-8bfb-ddcd657fd360"}, {"views": 0, "main_media_item_path": null, "weather_condition": "clear-day", "start_time": 1510336802.0, "is_deleted": false, "id": 5162590, "timezone_id": "America/Mexico_City", "comment_count": 0, "location": {"lon": -92.63833, "full_detail": "Chiapas, Mexico", "uuid": "14c7e61d-276c-44e2-ac61-890be3e23546", "lat": 16.73667, "name": "San Crist\u00f3bal de las Casas", "venue": null, "id": 6831330, "country_code": "MX", "detail": "Mexico"}, "creation_time": 1528994666.0, "location_id": 6831330, "name": null, "fb_publish_status": null, "type": null, "likes": 0, "slug": "san-cristobal-de-las-casas", "weather_temperature": 28.0, "end_time": null, "supertype": "normal", "trip_id": 723415, "description": null, "open_graph_id": null, "uuid": "040834c6-8f87-4d97-86dd-687f29283e64"}, {"views": 0, "main_media_item_path": null, "weather_condition": "clear-day", "start_time": 1510855202.0, "is_deleted": false, "id": 5162634, "timezone_id": "America/Mexico_City", "comment_count": 0, "location": {"lon": -97.088888888889, "full_detail": "Oaxaca, Mexico", "uuid": "b3ebc53f-a7c3-4782-86f9-4d1f77580236", "lat": 15.876666666667, "name": "San Pedro Mixtepec -Dto. 22", "venue": "Puerto Escondido International Airport", "id": 6831381, "country_code": "MX", "detail": "Mexico"}, "creation_time": 1528994814.0, "location_id": 6831381, "name": "Puerto Escondido", "fb_publish_status": null, "type": null, "likes": 0, "slug": "san-pedro-mixtepec-dto-22", "weather_temperature": 26.0, "end_time": null, "supertype": "normal", "trip_id": 723415, "description": null, "open_graph_id": null, "uuid": "b1eb0854-7301-4106-8819-3fc8122fe636"}, {"views": 0, "main_media_item_path": null, "weather_condition": "clear-day", "start_time": 1511200802.0, "is_deleted": false, "id": 5162668, "timezone_id": "America/Mexico_City", "comment_count": 0, "location": {"lon": -96.7238246754378, "full_detail": "Oaxaca, Mexico", "uuid": "5a6f9478-3582-4cff-9889-6aea4d0fa29a", "lat": 17.0604327578441, "name": "Oaxaca de Ju\u00e1rez Municipality", "venue": null, "id": 6831422, "country_code": "MX", "detail": "Mexico"}, "creation_time": 1528994878.0, "location_id": 6831422, "name": null, "fb_publish_status": null, "type": null, "likes": 0, "slug": "oaxaca-de-juarez-municipality", "weather_temperature": 21.0, "end_time": null, "supertype": "normal", "trip_id": 723415, "description": null, "open_graph_id": null, "uuid": "9fafe0a2-4702-40d0-814e-e5fcca4703d6"}, {"views": 0, "main_media_item_path": null, "weather_condition": null, "start_time": 1511632802.0, "is_deleted": false, "id": 5162672, "timezone_id": "America/Mexico_City", "comment_count": 0, "location": {"lon": -99.14556, "full_detail": "Mexico City, Mexico", "uuid": "09dd71b2-4898-4d50-8df6-3ea21d566dde", "lat": 19.41944, "name": "Mexico City", "venue": null, "id": 6831430, "country_code": "MX", "detail": "Mexico"}, "creation_time": 1528995060.0, "location_id": 6831430, "name": null, "fb_publish_status": null, "type": null, "likes": 0, "slug": "mexico-city", "weather_temperature": null, "end_time": null, "supertype": "normal", "trip_id": 723415, "description": null, "open_graph_id": null, "uuid": "56aaeaeb-abb1-4a5b-a567-20f3adb4105b"}, {"views": 0, "main_media_item_path": null, "weather_condition": null, "start_time": 1512259202.0, "is_deleted": false, "id": 5164010, "timezone_id": "America/Vancouver", "comment_count": 0, "location": {"lon": -122.954447020599, "full_detail": "British Columbia, Canada", "uuid": "84ea020c-c094-4e75-8d7c-df34187227ad", "lat": 50.1172174123181, "name": "Whistler", "venue": null, "id": 6832967, "country_code": "CA", "detail": "Canada"}, "creation_time": 1529000471.0, "location_id": 6832967, "name": null, "fb_publish_status": null, "type": null, "likes": 0, "slug": "whistler", "weather_temperature": null, "end_time": null, "supertype": "normal", "trip_id": 723415, "description": null, "open_graph_id": null, "uuid": "464fbc6f-1598-4b63-8da9-f8e396172e0b"}], "open_graph_id": null, "uuid": "881dc83f-5f5a-42f8-a95b-dd5c9ae201d8", "featured": null, "cover_photo_thumb_path": null, "end_date": 1512259141.0}