{"feature_date": null, "open_graph_id": null, "timezone_id": "Europe/London", "likes": 0, "summary": "Including Legoland", "type": null, "start_date": 1030143601.0, "end_date": 1030921140.0, "is_deleted": false, "id": 726258, "all_steps": [{"open_graph_id": null, "timezone_id": "Europe/London", "likes": 0, "type": null, "creation_time": 1529108514.0, "location_id": 6855292, "id": 5182571, "supertype": "normal", "is_deleted": false, "description": null, "weather_temperature": null, "start_time": 1030186802.0, "views": 0, "location": {"lon": 0.3848, "country_code": "GB", "lat": 52.1954, "id": 6855292, "full_detail": "England, United Kingdom", "uuid": "83c44d49-1176-4667-8172-adea25afda65", "venue": null, "detail": "United Kingdom", "name": "Newmarket"}, "trip_id": 726258, "end_time": null, "main_media_item_path": null, "name": null, "uuid": "db35abc1-c7a3-4ea5-9741-611bc23fcf17", "fb_publish_status": null, "weather_condition": null, "slug": "newmarket", "comment_count": 0}, {"open_graph_id": null, "timezone_id": "Europe/Copenhagen", "likes": 0, "type": null, "creation_time": 1529108564.0, "location_id": 6855295, "id": 5182573, "supertype": "normal", "is_deleted": false, "description": null, "weather_temperature": 15.0, "start_time": 1030273202.0, "views": 0, "location": {"lon": 9.11692923004387, "country_code": "DK", "lat": 55.7289364250701, "id": 6855295, "full_detail": "Region of Southern Denmark, Denmark", "uuid": "8295c27c-bab2-4ff8-83b7-75505fb17622", "venue": null, "detail": "Denmark", "name": "Billund"}, "trip_id": 726258, "end_time": null, "main_media_item_path": null, "name": null, "uuid": "131fe195-aaed-4c49-a3e4-e6b16907c69e", "fb_publish_status": null, "weather_condition": "partly-cloudy-day", "slug": "billund", "comment_count": 0}, {"open_graph_id": null, "timezone_id": "Europe/London", "likes": 0, "type": null, "creation_time": 1529108630.0, "location_id": 6855350, "id": 5182585, "supertype": "normal", "is_deleted": false, "description": null, "weather_temperature": 15.0, "start_time": 1030878002.0, "views": 0, "location": {"lon": 0.3848, "country_code": "GB", "lat": 52.1954, "id": 6855350, "full_detail": "England, United Kingdom", "uuid": "5b0a6a04-a2ab-421f-adb6-90843eefb560", "venue": null, "detail": "United Kingdom", "name": "Newmarket"}, "trip_id": 726258, "end_time": null, "main_media_item_path": null, "name": null, "uuid": "747144dc-ce91-4646-838b-8afd93f05b17", "fb_publish_status": null, "weather_condition": "partly-cloudy-day", "slug": "newmarket", "comment_count": 0}], "user_id": 642440, "language": null, "visibility": 1, "featured_priority_for_new_users": null, "featured": null, "views": 0, "total_km": 1385.44212448591, "step_count": 3, "name": "Denmark 2002", "feature_text": null, "uuid": "27acb9ea-b1ff-4946-88a5-6e67284b45b7", "cover_photo_thumb_path": null, "fb_publish_status": null, "cover_photo_path": null, "slug": "denmark-2002"}