{"summary": "Including Legoland", "views": 0, "fb_publish_status": null, "is_deleted": false, "timezone_id": "Europe/London", "cover_photo_path": null, "step_count": 3, "total_km": 1385.44212448591, "start_date": 1030143601.0, "id": 726258, "user_id": 642440, "type": null, "likes": 0, "feature_text": null, "slug": "denmark-2002", "language": null, "name": "Denmark 2002", "visibility": 1, "feature_date": null, "featured_priority_for_new_users": null, "all_steps": [{"views": 0, "main_media_item_path": null, "weather_condition": null, "start_time": 1030186802.0, "is_deleted": false, "id": 5182571, "timezone_id": "Europe/London", "comment_count": 0, "location": {"lon": 0.3848, "full_detail": "England, United Kingdom", "uuid": "83c44d49-1176-4667-8172-adea25afda65", "lat": 52.1954, "name": "Newmarket", "venue": null, "id": 6855292, "country_code": "GB", "detail": "United Kingdom"}, "creation_time": 1529108514.0, "location_id": 6855292, "name": null, "fb_publish_status": null, "type": null, "likes": 0, "slug": "newmarket", "weather_temperature": null, "end_time": null, "supertype": "normal", "trip_id": 726258, "description": null, "open_graph_id": null, "uuid": "db35abc1-c7a3-4ea5-9741-611bc23fcf17"}, {"views": 0, "main_media_item_path": null, "weather_condition": "partly-cloudy-day", "start_time": 1030273202.0, "is_deleted": false, "id": 5182573, "timezone_id": "Europe/Copenhagen", "comment_count": 0, "location": {"lon": 9.11692923004387, "full_detail": "Region of Southern Denmark, Denmark", "uuid": "8295c27c-bab2-4ff8-83b7-75505fb17622", "lat": 55.7289364250701, "name": "Billund", "venue": null, "id": 6855295, "country_code": "DK", "detail": "Denmark"}, "creation_time": 1529108564.0, "location_id": 6855295, "name": null, "fb_publish_status": null, "type": null, "likes": 0, "slug": "billund", "weather_temperature": 15.0, "end_time": null, "supertype": "normal", "trip_id": 726258, "description": null, "open_graph_id": null, "uuid": "131fe195-aaed-4c49-a3e4-e6b16907c69e"}, {"views": 0, "main_media_item_path": null, "weather_condition": "partly-cloudy-day", "start_time": 1030878002.0, "is_deleted": false, "id": 5182585, "timezone_id": "Europe/London", "comment_count": 0, "location": {"lon": 0.3848, "full_detail": "England, United Kingdom", "uuid": "5b0a6a04-a2ab-421f-adb6-90843eefb560", "lat": 52.1954, "name": "Newmarket", "venue": null, "id": 6855350, "country_code": "GB", "detail": "United Kingdom"}, "creation_time": 1529108630.0, "location_id": 6855350, "name": null, "fb_publish_status": null, "type": null, "likes": 0, "slug": "newmarket", "weather_temperature": 15.0, "end_time": null, "supertype": "normal", "trip_id": 726258, "description": null, "open_graph_id": null, "uuid": "747144dc-ce91-4646-838b-8afd93f05b17"}], "open_graph_id": null, "uuid": "27acb9ea-b1ff-4946-88a5-6e67284b45b7", "featured": null, "cover_photo_thumb_path": null, "end_date": 1030921140.0}