{"feature_date": null, "open_graph_id": null, "timezone_id": "Europe/London", "likes": 0, "summary": "", "type": null, "start_date": 1092438001.0, "end_date": 1093733940.0, "is_deleted": false, "id": 726294, "all_steps": [{"open_graph_id": null, "timezone_id": "Europe/London", "likes": 0, "type": null, "creation_time": 1529111703.0, "location_id": 6855648, "id": 5182870, "supertype": "normal", "is_deleted": false, "description": null, "weather_temperature": null, "start_time": 1092481201.0, "views": 0, "location": {"lon": 0.3848, "country_code": "GB", "lat": 52.1954, "id": 6855648, "full_detail": "England, United Kingdom", "uuid": "89292a94-0863-4a30-8c58-d56ba4b8962a", "venue": null, "detail": "United Kingdom", "name": "Newmarket"}, "trip_id": 726294, "end_time": null, "main_media_item_path": null, "name": null, "uuid": "1cc344bc-6aef-43b5-a2ea-b7574fbb450a", "fb_publish_status": null, "weather_condition": null, "slug": "newmarket", "comment_count": 0}, {"open_graph_id": null, "timezone_id": "Europe/London", "likes": 0, "type": null, "creation_time": 1529111713.0, "location_id": 6855649, "id": 5182871, "supertype": "normal", "is_deleted": false, "description": null, "weather_temperature": 21.0, "start_time": 1092488401.0, "views": 0, "location": {"lon": 1.56386339023391, "country_code": "GB", "lat": 52.4564445955306, "id": 6855649, "full_detail": "England, United Kingdom", "uuid": "fb63a5ce-e732-4f02-a817-c6dfc4632db0", "venue": null, "detail": "United Kingdom", "name": "Beccles"}, "trip_id": 726294, "end_time": null, "main_media_item_path": null, "name": null, "uuid": "71ba2eac-fc54-43ab-8711-6a1bca94096b", "fb_publish_status": null, "weather_condition": "partly-cloudy-day", "slug": "beccles", "comment_count": 0}, {"open_graph_id": null, "timezone_id": "Europe/London", "likes": 0, "type": null, "creation_time": 1529111746.0, "location_id": 6855651, "id": 5182882, "supertype": "normal", "is_deleted": false, "description": null, "weather_temperature": 21.0, "start_time": 1092567601.0, "views": 0, "location": {"lon": 1.4194, "country_code": "GB", "lat": 52.0094, "id": 6855651, "full_detail": "England, United Kingdom", "uuid": "cae3779c-59a8-4d85-b9e9-f31aefb0d339", "venue": null, "detail": "United Kingdom", "name": "Woodbridge"}, "trip_id": 726294, "end_time": null, "main_media_item_path": null, "name": "Bawdsey Quay", "uuid": "76082e17-7a37-4395-ba7d-d0e41804ecf5", "fb_publish_status": null, "weather_condition": "partly-cloudy-day", "slug": "woodbridge", "comment_count": 0}, {"open_graph_id": null, "timezone_id": "Europe/London", "likes": 0, "type": null, "creation_time": 1529111849.0, "location_id": 6855652, "id": 5182883, "supertype": "normal", "is_deleted": false, "description": null, "weather_temperature": 19.0, "start_time": 1093690801.0, "views": 0, "location": {"lon": 0.386720010672661, "country_code": "GB", "lat": 52.1954400851039, "id": 6855652, "full_detail": "England, United Kingdom", "uuid": "849effba-ba76-4203-a509-2a16f1285de1", "venue": null, "detail": "United Kingdom", "name": "Newmarket"}, "trip_id": 726294, "end_time": null, "main_media_item_path": null, "name": null, "uuid": "9ade88d5-d3ea-4f79-8a42-6a396e24dce3", "fb_publish_status": null, "weather_condition": "partly-cloudy-day", "slug": "newmarket", "comment_count": 0}], "user_id": 642440, "language": null, "visibility": 1, "featured_priority_for_new_users": null, "featured": null, "views": 0, "total_km": 209.45866652328, "step_count": 4, "name": "Norfolk 2004", "feature_text": null, "uuid": "5689b1f7-f45a-43b4-9274-9398f2cf85be", "cover_photo_thumb_path": null, "fb_publish_status": null, "cover_photo_path": null, "slug": "norfolk-2004"}