{"summary": "", "views": 0, "fb_publish_status": null, "is_deleted": false, "timezone_id": "Europe/London", "cover_photo_path": null, "step_count": 4, "total_km": 209.45866652328, "start_date": 1092438001.0, "id": 726294, "user_id": 642440, "type": null, "likes": 0, "feature_text": null, "slug": "norfolk-2004", "language": null, "name": "Norfolk 2004", "visibility": 1, "feature_date": null, "featured_priority_for_new_users": null, "all_steps": [{"views": 0, "main_media_item_path": null, "weather_condition": null, "start_time": 1092481201.0, "is_deleted": false, "id": 5182870, "timezone_id": "Europe/London", "comment_count": 0, "location": {"lon": 0.3848, "full_detail": "England, United Kingdom", "uuid": "89292a94-0863-4a30-8c58-d56ba4b8962a", "lat": 52.1954, "name": "Newmarket", "venue": null, "id": 6855648, "country_code": "GB", "detail": "United Kingdom"}, "creation_time": 1529111703.0, "location_id": 6855648, "name": null, "fb_publish_status": null, "type": null, "likes": 0, "slug": "newmarket", "weather_temperature": null, "end_time": null, "supertype": "normal", "trip_id": 726294, "description": null, "open_graph_id": null, "uuid": "1cc344bc-6aef-43b5-a2ea-b7574fbb450a"}, {"views": 0, "main_media_item_path": null, "weather_condition": "partly-cloudy-day", "start_time": 1092488401.0, "is_deleted": false, "id": 5182871, "timezone_id": "Europe/London", "comment_count": 0, "location": {"lon": 1.56386339023391, "full_detail": "England, United Kingdom", "uuid": "fb63a5ce-e732-4f02-a817-c6dfc4632db0", "lat": 52.4564445955306, "name": "Beccles", "venue": null, "id": 6855649, "country_code": "GB", "detail": "United Kingdom"}, "creation_time": 1529111713.0, "location_id": 6855649, "name": null, "fb_publish_status": null, "type": null, "likes": 0, "slug": "beccles", "weather_temperature": 21.0, "end_time": null, "supertype": "normal", "trip_id": 726294, "description": null, "open_graph_id": null, "uuid": "71ba2eac-fc54-43ab-8711-6a1bca94096b"}, {"views": 0, "main_media_item_path": null, "weather_condition": "partly-cloudy-day", "start_time": 1092567601.0, "is_deleted": false, "id": 5182882, "timezone_id": "Europe/London", "comment_count": 0, "location": {"lon": 1.4194, "full_detail": "England, United Kingdom", "uuid": "cae3779c-59a8-4d85-b9e9-f31aefb0d339", "lat": 52.0094, "name": "Woodbridge", "venue": null, "id": 6855651, "country_code": "GB", "detail": "United Kingdom"}, "creation_time": 1529111746.0, "location_id": 6855651, "name": "Bawdsey Quay", "fb_publish_status": null, "type": null, "likes": 0, "slug": "woodbridge", "weather_temperature": 21.0, "end_time": null, "supertype": "normal", "trip_id": 726294, "description": null, "open_graph_id": null, "uuid": "76082e17-7a37-4395-ba7d-d0e41804ecf5"}, {"views": 0, "main_media_item_path": null, "weather_condition": "partly-cloudy-day", "start_time": 1093690801.0, "is_deleted": false, "id": 5182883, "timezone_id": "Europe/London", "comment_count": 0, "location": {"lon": 0.386720010672661, "full_detail": "England, United Kingdom", "uuid": "849effba-ba76-4203-a509-2a16f1285de1", "lat": 52.1954400851039, "name": "Newmarket", "venue": null, "id": 6855652, "country_code": "GB", "detail": "United Kingdom"}, "creation_time": 1529111849.0, "location_id": 6855652, "name": null, "fb_publish_status": null, "type": null, "likes": 0, "slug": "newmarket", "weather_temperature": 19.0, "end_time": null, "supertype": "normal", "trip_id": 726294, "description": null, "open_graph_id": null, "uuid": "9ade88d5-d3ea-4f79-8a42-6a396e24dce3"}], "open_graph_id": null, "uuid": "5689b1f7-f45a-43b4-9274-9398f2cf85be", "featured": null, "cover_photo_thumb_path": null, "end_date": 1093733940.0}