{"feature_date": null, "open_graph_id": null, "timezone_id": "Europe/London", "likes": 0, "summary": "", "type": null, "start_date": 1206057602.0, "end_date": 1207177140.0, "is_deleted": false, "id": 726276, "all_steps": [{"open_graph_id": null, "timezone_id": "Europe/London", "likes": 0, "type": null, "creation_time": 1529109877.0, "location_id": 6855433, "id": 5182694, "supertype": "normal", "is_deleted": false, "description": null, "weather_temperature": null, "start_time": 1206100802.0, "views": 0, "location": {"lon": 0.3848, "country_code": "GB", "lat": 52.1954, "id": 6855433, "full_detail": "England, United Kingdom", "uuid": "31166bcb-51f5-477f-a2da-79e7d76e6356", "venue": null, "detail": "United Kingdom", "name": "Newmarket"}, "trip_id": 726276, "end_time": null, "main_media_item_path": null, "name": null, "uuid": "0c90e3fe-7b54-4fd7-baaf-60a4bec4af99", "fb_publish_status": null, "weather_condition": null, "slug": "newmarket", "comment_count": 0}, {"open_graph_id": null, "timezone_id": "Europe/Paris", "likes": 0, "type": null, "creation_time": 1529109903.0, "location_id": 6855454, "id": 5182712, "supertype": "normal", "is_deleted": false, "description": null, "weather_temperature": 4.0, "start_time": 1206185402.0, "views": 0, "location": {"lon": 6.07694, "country_code": "FR", "lat": 45.15778, "id": 6855454, "full_detail": "Is\u00e8re, France", "uuid": "2224eccb-5f02-408b-a9b3-410d52f833e6", "venue": null, "detail": "France", "name": "Vaujany"}, "trip_id": 726276, "end_time": null, "main_media_item_path": null, "name": null, "uuid": "f223e0d0-166b-461c-83b6-065fe162dbc4", "fb_publish_status": null, "weather_condition": "partly-cloudy-day", "slug": "vaujany", "comment_count": 0}, {"open_graph_id": null, "timezone_id": "Europe/London", "likes": 0, "type": null, "creation_time": 1529109889.0, "location_id": 6855434, "id": 5182695, "supertype": "normal", "is_deleted": false, "description": null, "weather_temperature": null, "start_time": 1207134002.0, "views": 0, "location": {"lon": 0.3848, "country_code": "GB", "lat": 52.1954, "id": 6855434, "full_detail": "England, United Kingdom", "uuid": "77aa5f30-a4bf-400a-b81f-e16c8440ec45", "venue": null, "detail": "United Kingdom", "name": "Newmarket"}, "trip_id": 726276, "end_time": null, "main_media_item_path": null, "name": null, "uuid": "814815ef-165a-41a6-adc3-1f52f4f57d8e", "fb_publish_status": null, "weather_condition": null, "slug": "newmarket", "comment_count": 0}], "user_id": 642440, "language": null, "visibility": 1, "featured_priority_for_new_users": null, "featured": null, "views": 0, "total_km": 1773.51605449448, "step_count": 3, "name": "Vaujany 2008", "feature_text": null, "uuid": "088d3fdf-5371-4c65-b4a6-bf97cacfc133", "cover_photo_thumb_path": null, "fb_publish_status": null, "cover_photo_path": null, "slug": "vaujany-2008"}