{"summary": "", "views": 0, "fb_publish_status": null, "is_deleted": false, "timezone_id": "Europe/London", "cover_photo_path": null, "step_count": 3, "total_km": 1773.51605449448, "start_date": 1206057602.0, "id": 726276, "user_id": 642440, "type": null, "likes": 0, "feature_text": null, "slug": "vaujany-2008", "language": null, "name": "Vaujany 2008", "visibility": 1, "feature_date": null, "featured_priority_for_new_users": null, "all_steps": [{"views": 0, "main_media_item_path": null, "weather_condition": null, "start_time": 1206100802.0, "is_deleted": false, "id": 5182694, "timezone_id": "Europe/London", "comment_count": 0, "location": {"lon": 0.3848, "full_detail": "England, United Kingdom", "uuid": "31166bcb-51f5-477f-a2da-79e7d76e6356", "lat": 52.1954, "name": "Newmarket", "venue": null, "id": 6855433, "country_code": "GB", "detail": "United Kingdom"}, "creation_time": 1529109877.0, "location_id": 6855433, "name": null, "fb_publish_status": null, "type": null, "likes": 0, "slug": "newmarket", "weather_temperature": null, "end_time": null, "supertype": "normal", "trip_id": 726276, "description": null, "open_graph_id": null, "uuid": "0c90e3fe-7b54-4fd7-baaf-60a4bec4af99"}, {"views": 0, "main_media_item_path": null, "weather_condition": "partly-cloudy-day", "start_time": 1206185402.0, "is_deleted": false, "id": 5182712, "timezone_id": "Europe/Paris", "comment_count": 0, "location": {"lon": 6.07694, "full_detail": "Is\u00e8re, France", "uuid": "2224eccb-5f02-408b-a9b3-410d52f833e6", "lat": 45.15778, "name": "Vaujany", "venue": null, "id": 6855454, "country_code": "FR", "detail": "France"}, "creation_time": 1529109903.0, "location_id": 6855454, "name": null, "fb_publish_status": null, "type": null, "likes": 0, "slug": "vaujany", "weather_temperature": 4.0, "end_time": null, "supertype": "normal", "trip_id": 726276, "description": null, "open_graph_id": null, "uuid": "f223e0d0-166b-461c-83b6-065fe162dbc4"}, {"views": 0, "main_media_item_path": null, "weather_condition": null, "start_time": 1207134002.0, "is_deleted": false, "id": 5182695, "timezone_id": "Europe/London", "comment_count": 0, "location": {"lon": 0.3848, "full_detail": "England, United Kingdom", "uuid": "77aa5f30-a4bf-400a-b81f-e16c8440ec45", "lat": 52.1954, "name": "Newmarket", "venue": null, "id": 6855434, "country_code": "GB", "detail": "United Kingdom"}, "creation_time": 1529109889.0, "location_id": 6855434, "name": null, "fb_publish_status": null, "type": null, "likes": 0, "slug": "newmarket", "weather_temperature": null, "end_time": null, "supertype": "normal", "trip_id": 726276, "description": null, "open_graph_id": null, "uuid": "814815ef-165a-41a6-adc3-1f52f4f57d8e"}], "open_graph_id": null, "uuid": "088d3fdf-5371-4c65-b4a6-bf97cacfc133", "featured": null, "cover_photo_thumb_path": null, "end_date": 1207177140.0}