{"feature_date": null, "open_graph_id": null, "timezone_id": "Europe/London", "likes": 0, "summary": "Rome trip with Dad", "type": null, "start_date": 1161385201.0, "end_date": 1161817140.0, "is_deleted": false, "id": 726164, "all_steps": [{"open_graph_id": null, "timezone_id": "Europe/London", "likes": 0, "type": null, "creation_time": 1529103924.0, "location_id": 6854667, "id": 5182008, "supertype": "normal", "is_deleted": false, "description": null, "weather_temperature": 15.0, "start_time": 1161428401.0, "views": 0, "location": {"lon": 0.3848, "country_code": "GB", "lat": 52.1954, "id": 6854667, "full_detail": "England, United Kingdom", "uuid": "23ccee67-811a-4955-84f5-ef0273e06be1", "venue": null, "detail": "United Kingdom", "name": "Newmarket"}, "trip_id": 726164, "end_time": null, "main_media_item_path": null, "name": null, "uuid": "13a3edbc-e8c0-4f3b-9b4f-2e7baea5e71f", "fb_publish_status": null, "weather_condition": "partly-cloudy-day", "slug": "newmarket", "comment_count": 0}, {"open_graph_id": null, "timezone_id": "Europe/Rome", "likes": 0, "type": null, "creation_time": 1529103982.0, "location_id": 6854685, "id": 5182025, "supertype": "normal", "is_deleted": false, "description": null, "weather_temperature": null, "start_time": 1161435601.0, "views": 0, "location": {"lon": 12.48278, "country_code": "IT", "lat": 41.89306, "id": 6854685, "full_detail": "Rome, Italy", "uuid": "8a893c51-00dc-4301-8afd-414c3ff1c732", "venue": null, "detail": "Italy", "name": "Rome"}, "trip_id": 726164, "end_time": null, "main_media_item_path": null, "name": null, "uuid": "8ea35c41-0396-433d-98a0-9f229a630d5a", "fb_publish_status": null, "weather_condition": null, "slug": "rome", "comment_count": 0}, {"open_graph_id": null, "timezone_id": "Europe/Rome", "likes": 0, "type": null, "creation_time": 1529103950.0, "location_id": 6854675, "id": 5182016, "supertype": "normal", "is_deleted": false, "description": null, "weather_temperature": 22.0, "start_time": 1161601201.0, "views": 0, "location": {"lon": 12.453, "country_code": "VA", "lat": 41.904, "id": 6854675, "full_detail": "Vatican City", "uuid": "cb361629-8b86-4951-b2ab-14fc03be93ac", "venue": null, "detail": "Vatican City", "name": "Vatican City"}, "trip_id": 726164, "end_time": null, "main_media_item_path": null, "name": null, "uuid": "2279f336-8048-462f-901b-a7b143436296", "fb_publish_status": null, "weather_condition": "partly-cloudy-day", "slug": "vatican-city", "comment_count": 0}, {"open_graph_id": null, "timezone_id": "Europe/Rome", "likes": 0, "type": null, "creation_time": 1529104024.0, "location_id": 6854698, "id": 5182038, "supertype": "normal", "is_deleted": false, "description": null, "weather_temperature": 14.0, "start_time": 1161756001.0, "views": 0, "location": {"lon": 12.48278, "country_code": "IT", "lat": 41.89306, "id": 6854698, "full_detail": "Rome, Italy", "uuid": "63940a59-6f6c-4f57-88d2-42a473190be0", "venue": null, "detail": "Italy", "name": "Rome"}, "trip_id": 726164, "end_time": null, "main_media_item_path": null, "name": null, "uuid": "7d94261b-e911-49cb-a7e3-7c87650e0035", "fb_publish_status": null, "weather_condition": "partly-cloudy-day", "slug": "rome", "comment_count": 0}, {"open_graph_id": null, "timezone_id": "Europe/London", "likes": 0, "type": null, "creation_time": 1529103935.0, "location_id": 6854668, "id": 5182010, "supertype": "normal", "is_deleted": false, "description": null, "weather_temperature": 12.0, "start_time": 1161774001.0, "views": 0, "location": {"lon": 0.3848, "country_code": "GB", "lat": 52.1954, "id": 6854668, "full_detail": "England, United Kingdom", "uuid": "a42d0a26-f8ce-4ed4-bb41-24edb58a328d", "venue": null, "detail": "United Kingdom", "name": "Newmarket"}, "trip_id": 726164, "end_time": null, "main_media_item_path": null, "name": null, "uuid": "f167dc92-cc9f-4df0-9209-143941db8042", "fb_publish_status": null, "weather_condition": "partly-cloudy-day", "slug": "newmarket", "comment_count": 0}], "user_id": 642440, "language": null, "visibility": 1, "featured_priority_for_new_users": null, "featured": null, "views": 0, "total_km": 2932.65576317172, "step_count": 5, "name": "Rome", "feature_text": null, "uuid": "f8d67b58-3dd3-447d-a67b-94c8d5e3cb03", "cover_photo_thumb_path": null, "fb_publish_status": null, "cover_photo_path": null, "slug": "rome"}