{"summary": "Rome trip with Dad", "views": 0, "fb_publish_status": null, "is_deleted": false, "timezone_id": "Europe/London", "cover_photo_path": null, "step_count": 5, "total_km": 2932.65576317172, "start_date": 1161385201.0, "id": 726164, "user_id": 642440, "type": null, "likes": 0, "feature_text": null, "slug": "rome", "language": null, "name": "Rome", "visibility": 1, "feature_date": null, "featured_priority_for_new_users": null, "all_steps": [{"views": 0, "main_media_item_path": null, "weather_condition": "partly-cloudy-day", "start_time": 1161428401.0, "is_deleted": false, "id": 5182008, "timezone_id": "Europe/London", "comment_count": 0, "location": {"lon": 0.3848, "full_detail": "England, United Kingdom", "uuid": "23ccee67-811a-4955-84f5-ef0273e06be1", "lat": 52.1954, "name": "Newmarket", "venue": null, "id": 6854667, "country_code": "GB", "detail": "United Kingdom"}, "creation_time": 1529103924.0, "location_id": 6854667, "name": null, "fb_publish_status": null, "type": null, "likes": 0, "slug": "newmarket", "weather_temperature": 15.0, "end_time": null, "supertype": "normal", "trip_id": 726164, "description": null, "open_graph_id": null, "uuid": "13a3edbc-e8c0-4f3b-9b4f-2e7baea5e71f"}, {"views": 0, "main_media_item_path": null, "weather_condition": null, "start_time": 1161435601.0, "is_deleted": false, "id": 5182025, "timezone_id": "Europe/Rome", "comment_count": 0, "location": {"lon": 12.48278, "full_detail": "Rome, Italy", "uuid": "8a893c51-00dc-4301-8afd-414c3ff1c732", "lat": 41.89306, "name": "Rome", "venue": null, "id": 6854685, "country_code": "IT", "detail": "Italy"}, "creation_time": 1529103982.0, "location_id": 6854685, "name": null, "fb_publish_status": null, "type": null, "likes": 0, "slug": "rome", "weather_temperature": null, "end_time": null, "supertype": "normal", "trip_id": 726164, "description": null, "open_graph_id": null, "uuid": "8ea35c41-0396-433d-98a0-9f229a630d5a"}, {"views": 0, "main_media_item_path": null, "weather_condition": "partly-cloudy-day", "start_time": 1161601201.0, "is_deleted": false, "id": 5182016, "timezone_id": "Europe/Rome", "comment_count": 0, "location": {"lon": 12.453, "full_detail": "Vatican City", "uuid": "cb361629-8b86-4951-b2ab-14fc03be93ac", "lat": 41.904, "name": "Vatican City", "venue": null, "id": 6854675, "country_code": "VA", "detail": "Vatican City"}, "creation_time": 1529103950.0, "location_id": 6854675, "name": null, "fb_publish_status": null, "type": null, "likes": 0, "slug": "vatican-city", "weather_temperature": 22.0, "end_time": null, "supertype": "normal", "trip_id": 726164, "description": null, "open_graph_id": null, "uuid": "2279f336-8048-462f-901b-a7b143436296"}, {"views": 0, "main_media_item_path": null, "weather_condition": "partly-cloudy-day", "start_time": 1161669601.0, "is_deleted": false, "id": 5182038, "timezone_id": "Europe/Rome", "comment_count": 0, "location": {"lon": 12.48278, "full_detail": "Rome, Italy", "uuid": "63940a59-6f6c-4f57-88d2-42a473190be0", "lat": 41.89306, "name": "Rome", "venue": null, "id": 6854698, "country_code": "IT", "detail": "Italy"}, "creation_time": 1529104024.0, "location_id": 6854698, "name": null, "fb_publish_status": null, "type": null, "likes": 0, "slug": "rome", "weather_temperature": 14.0, "end_time": null, "supertype": "normal", "trip_id": 726164, "description": null, "open_graph_id": null, "uuid": "7d94261b-e911-49cb-a7e3-7c87650e0035"}, {"views": 0, "main_media_item_path": null, "weather_condition": "partly-cloudy-day", "start_time": 1161774001.0, "is_deleted": false, "id": 5182010, "timezone_id": "Europe/London", "comment_count": 0, "location": {"lon": 0.3848, "full_detail": "England, United Kingdom", "uuid": "a42d0a26-f8ce-4ed4-bb41-24edb58a328d", "lat": 52.1954, "name": "Newmarket", "venue": null, "id": 6854668, "country_code": "GB", "detail": "United Kingdom"}, "creation_time": 1529103935.0, "location_id": 6854668, "name": null, "fb_publish_status": null, "type": null, "likes": 0, "slug": "newmarket", "weather_temperature": 12.0, "end_time": null, "supertype": "normal", "trip_id": 726164, "description": null, "open_graph_id": null, "uuid": "f167dc92-cc9f-4df0-9209-143941db8042"}], "open_graph_id": null, "uuid": "f8d67b58-3dd3-447d-a67b-94c8d5e3cb03", "featured": null, "cover_photo_thumb_path": null, "end_date": 1161817140.0}