{"feature_date": null, "open_graph_id": null, "timezone_id": "Europe/London", "likes": 0, "summary": "", "type": null, "start_date": 1388102402.0, "end_date": 1388879940.0, "is_deleted": false, "id": 723708, "all_steps": [{"open_graph_id": null, "timezone_id": "Europe/London", "likes": 0, "type": null, "creation_time": 1529003010.0, "location_id": 6833780, "id": 5164669, "supertype": "normal", "is_deleted": false, "description": null, "weather_temperature": 7.0, "start_time": 1388163602.0, "views": 0, "location": {"lon": 0.3848, "country_code": "GB", "lat": 52.1954, "id": 6833780, "full_detail": "England, United Kingdom", "uuid": "0c6cb8d4-27b8-4023-a17e-9aa654b190fb", "venue": null, "detail": "United Kingdom", "name": "Newmarket"}, "trip_id": 723708, "end_time": null, "main_media_item_path": null, "name": null, "uuid": "956023c1-4104-4cb3-b226-3cef398c73aa", "fb_publish_status": null, "weather_condition": "clear-night", "slug": "newmarket", "comment_count": 0}, {"open_graph_id": null, "timezone_id": "Europe/Zurich", "likes": 0, "type": null, "creation_time": 1529003039.0, "location_id": 6833791, "id": 5164679, "supertype": "normal", "is_deleted": false, "description": null, "weather_temperature": 0.0, "start_time": 1388260802.0, "views": 0, "location": {"lon": 6.87, "country_code": "CH", "lat": 46.32, "id": 6833791, "full_detail": "Canton of Valais, Switzerland", "uuid": "69a12867-a8d0-4866-827f-df3859f13494", "venue": null, "detail": "Switzerland", "name": "Torgon"}, "trip_id": 723708, "end_time": null, "main_media_item_path": null, "name": null, "uuid": "96f17a56-14b5-4c1a-a478-05d29dcc29e1", "fb_publish_status": null, "weather_condition": "rain", "slug": "torgon", "comment_count": 0}, {"open_graph_id": null, "timezone_id": "Europe/London", "likes": 0, "type": null, "creation_time": 1529003063.0, "location_id": 6833810, "id": 5164698, "supertype": "normal", "is_deleted": false, "description": null, "weather_temperature": 7.0, "start_time": 1388844002.0, "views": 0, "location": {"lon": 0.392864004106741, "country_code": "GB", "lat": 52.1959797814835, "id": 6833810, "full_detail": "England, United Kingdom", "uuid": "122af699-f72a-4a8a-97c2-bbaf4866667b", "venue": null, "detail": "United Kingdom", "name": "Newmarket"}, "trip_id": 723708, "end_time": null, "main_media_item_path": null, "name": null, "uuid": "791ed170-44ca-409e-8034-b328202c4acd", "fb_publish_status": null, "weather_condition": "rain", "slug": "newmarket", "comment_count": 0}], "user_id": 642440, "language": null, "visibility": 1, "featured_priority_for_new_users": null, "featured": null, "views": 0, "total_km": 1609.15481322913, "step_count": 3, "name": "Skiing New Year 2014", "feature_text": null, "uuid": "d3820eee-d69f-4ccb-9ddb-a3d1f5a273b9", "cover_photo_thumb_path": null, "fb_publish_status": null, "cover_photo_path": null, "slug": "skiing-new-year-2014"}