{"summary": "", "views": 0, "fb_publish_status": null, "is_deleted": false, "timezone_id": "Europe/London", "cover_photo_path": null, "step_count": 3, "total_km": 1609.15481322913, "start_date": 1388102402.0, "id": 723708, "user_id": 642440, "type": null, "likes": 0, "feature_text": null, "slug": "skiing-new-year-2014", "language": null, "name": "Skiing New Year 2014", "visibility": 1, "feature_date": null, "featured_priority_for_new_users": null, "all_steps": [{"views": 0, "main_media_item_path": null, "weather_condition": "clear-night", "start_time": 1388163602.0, "is_deleted": false, "id": 5164669, "timezone_id": "Europe/London", "comment_count": 0, "location": {"lon": 0.3848, "full_detail": "England, United Kingdom", "uuid": "0c6cb8d4-27b8-4023-a17e-9aa654b190fb", "lat": 52.1954, "name": "Newmarket", "venue": null, "id": 6833780, "country_code": "GB", "detail": "United Kingdom"}, "creation_time": 1529003010.0, "location_id": 6833780, "name": null, "fb_publish_status": null, "type": null, "likes": 0, "slug": "newmarket", "weather_temperature": 7.0, "end_time": null, "supertype": "normal", "trip_id": 723708, "description": null, "open_graph_id": null, "uuid": "956023c1-4104-4cb3-b226-3cef398c73aa"}, {"views": 0, "main_media_item_path": null, "weather_condition": "rain", "start_time": 1388260802.0, "is_deleted": false, "id": 5164679, "timezone_id": "Europe/Zurich", "comment_count": 0, "location": {"lon": 6.87, "full_detail": "Canton of Valais, Switzerland", "uuid": "69a12867-a8d0-4866-827f-df3859f13494", "lat": 46.32, "name": "Torgon", "venue": null, "id": 6833791, "country_code": "CH", "detail": "Switzerland"}, "creation_time": 1529003039.0, "location_id": 6833791, "name": null, "fb_publish_status": null, "type": null, "likes": 0, "slug": "torgon", "weather_temperature": 0.0, "end_time": null, "supertype": "normal", "trip_id": 723708, "description": null, "open_graph_id": null, "uuid": "96f17a56-14b5-4c1a-a478-05d29dcc29e1"}, {"views": 0, "main_media_item_path": null, "weather_condition": "rain", "start_time": 1388844002.0, "is_deleted": false, "id": 5164698, "timezone_id": "Europe/London", "comment_count": 0, "location": {"lon": 0.392864004106741, "full_detail": "England, United Kingdom", "uuid": "122af699-f72a-4a8a-97c2-bbaf4866667b", "lat": 52.1959797814835, "name": "Newmarket", "venue": null, "id": 6833810, "country_code": "GB", "detail": "United Kingdom"}, "creation_time": 1529003063.0, "location_id": 6833810, "name": null, "fb_publish_status": null, "type": null, "likes": 0, "slug": "newmarket", "weather_temperature": 7.0, "end_time": null, "supertype": "normal", "trip_id": 723708, "description": null, "open_graph_id": null, "uuid": "791ed170-44ca-409e-8034-b328202c4acd"}], "open_graph_id": null, "uuid": "d3820eee-d69f-4ccb-9ddb-a3d1f5a273b9", "featured": null, "cover_photo_thumb_path": null, "end_date": 1388879940.0}