{"summary": "", "views": 0, "fb_publish_status": null, "is_deleted": false, "timezone_id": "Europe/London", "cover_photo_path": null, "step_count": 3, "total_km": 1806.53516759775, "start_date": 1266105601.0, "id": 726219, "user_id": 642440, "type": null, "likes": 0, "feature_text": null, "slug": "les-deux-alpes", "language": null, "name": "Les Deux Alpes", "visibility": 1, "feature_date": null, "featured_priority_for_new_users": null, "all_steps": [{"views": 0, "main_media_item_path": null, "weather_condition": "partly-cloudy-day", "start_time": 1266148801.0, "is_deleted": false, "id": 5182307, "timezone_id": "Europe/London", "comment_count": 0, "location": {"lon": 0.3848, "full_detail": "England, United Kingdom", "uuid": "ec89c04f-d0a8-45d0-965f-78294a9b4aa6", "lat": 52.1954, "name": "Newmarket", "venue": null, "id": 6855004, "country_code": "GB", "detail": "United Kingdom"}, "creation_time": 1529106569.0, "location_id": 6855004, "name": null, "fb_publish_status": null, "type": null, "likes": 0, "slug": "newmarket", "weather_temperature": 3.0, "end_time": null, "supertype": "normal", "trip_id": 726219, "description": null, "open_graph_id": null, "uuid": "b98a3b22-0615-4eb3-a44d-a9f2249ca6db"}, {"views": 0, "main_media_item_path": null, "weather_condition": "snow", "start_time": 1266166801.0, "is_deleted": false, "id": 5182326, "timezone_id": "Europe/Paris", "comment_count": 0, "location": {"lon": 6.12473742995485, "full_detail": "Is\u00e8re, France", "uuid": "b55f4fe2-83c7-4a52-9349-d4e8467c9617", "lat": 45.0091897021649, "name": "Mont-de-Lans", "venue": null, "id": 6855023, "country_code": "FR", "detail": "France"}, "creation_time": 1529106579.0, "location_id": 6855023, "name": null, "fb_publish_status": null, "type": null, "likes": 0, "slug": "mont-de-lans", "weather_temperature": -1.0, "end_time": null, "supertype": "normal", "trip_id": 726219, "description": null, "open_graph_id": null, "uuid": "0b5e7199-6300-4828-8124-a195fdcba776"}, {"views": 0, "main_media_item_path": null, "weather_condition": null, "start_time": 1266235201.0, "is_deleted": false, "id": 5182349, "timezone_id": "Europe/London", "comment_count": 0, "location": {"lon": 0.3848, "full_detail": "England, United Kingdom", "uuid": "a73f524b-eb8b-4a73-a7cf-a679937c91dc", "lat": 52.1954, "name": "Newmarket", "venue": null, "id": 6855048, "country_code": "GB", "detail": "United Kingdom"}, "creation_time": 1529106650.0, "location_id": 6855048, "name": null, "fb_publish_status": null, "type": null, "likes": 0, "slug": "newmarket", "weather_temperature": null, "end_time": null, "supertype": "normal", "trip_id": 726219, "description": null, "open_graph_id": null, "uuid": "05b30602-f964-412b-bcb6-28015fa3272c"}], "open_graph_id": null, "uuid": "360c1616-46f3-43f3-8c4a-b80697a46911", "featured": null, "cover_photo_thumb_path": null, "end_date": 1266710340.0}