{"feature_date": null, "open_graph_id": null, "timezone_id": "Europe/London", "likes": 0, "summary": "", "type": null, "start_date": 1266105601.0, "end_date": 1266710340.0, "is_deleted": false, "id": 726219, "all_steps": [{"open_graph_id": null, "timezone_id": "Europe/London", "likes": 0, "type": null, "creation_time": 1529106569.0, "location_id": 6855004, "id": 5182307, "supertype": "normal", "is_deleted": false, "description": null, "weather_temperature": 3.0, "start_time": 1266148801.0, "views": 0, "location": {"lon": 0.3848, "country_code": "GB", "lat": 52.1954, "id": 6855004, "full_detail": "England, United Kingdom", "uuid": "ec89c04f-d0a8-45d0-965f-78294a9b4aa6", "venue": null, "detail": "United Kingdom", "name": "Newmarket"}, "trip_id": 726219, "end_time": null, "main_media_item_path": null, "name": null, "uuid": "b98a3b22-0615-4eb3-a44d-a9f2249ca6db", "fb_publish_status": null, "weather_condition": "partly-cloudy-day", "slug": "newmarket", "comment_count": 0}, {"open_graph_id": null, "timezone_id": "Europe/Paris", "likes": 0, "type": null, "creation_time": 1529106579.0, "location_id": 6855023, "id": 5182326, "supertype": "normal", "is_deleted": false, "description": null, "weather_temperature": -1.0, "start_time": 1266166801.0, "views": 0, "location": {"lon": 6.12473742995485, "country_code": "FR", "lat": 45.0091897021649, "id": 6855023, "full_detail": "Is\u00e8re, France", "uuid": "b55f4fe2-83c7-4a52-9349-d4e8467c9617", "venue": null, "detail": "France", "name": "Mont-de-Lans"}, "trip_id": 726219, "end_time": null, "main_media_item_path": null, "name": null, "uuid": "0b5e7199-6300-4828-8124-a195fdcba776", "fb_publish_status": null, "weather_condition": "snow", "slug": "mont-de-lans", "comment_count": 0}, {"open_graph_id": null, "timezone_id": "Europe/London", "likes": 0, "type": null, "creation_time": 1529106650.0, "location_id": 6855048, "id": 5182349, "supertype": "normal", "is_deleted": false, "description": null, "weather_temperature": null, "start_time": 1266235201.0, "views": 0, "location": {"lon": 0.3848, "country_code": "GB", "lat": 52.1954, "id": 6855048, "full_detail": "England, United Kingdom", "uuid": "a73f524b-eb8b-4a73-a7cf-a679937c91dc", "venue": null, "detail": "United Kingdom", "name": "Newmarket"}, "trip_id": 726219, "end_time": null, "main_media_item_path": null, "name": null, "uuid": "05b30602-f964-412b-bcb6-28015fa3272c", "fb_publish_status": null, "weather_condition": null, "slug": "newmarket", "comment_count": 0}], "user_id": 642440, "language": null, "visibility": 1, "featured_priority_for_new_users": null, "featured": null, "views": 0, "total_km": 1806.53516759775, "step_count": 3, "name": "Les Deux Alpes", "feature_text": null, "uuid": "360c1616-46f3-43f3-8c4a-b80697a46911", "cover_photo_thumb_path": null, "fb_publish_status": null, "cover_photo_path": null, "slug": "les-deux-alpes"}