{"feature_date": null, "open_graph_id": null, "timezone_id": "Europe/London", "likes": 0, "summary": "", "type": null, "start_date": 1175814001.0, "end_date": 1176677941.0, "is_deleted": false, "id": 726274, "all_steps": [{"open_graph_id": null, "timezone_id": "Europe/London", "likes": 0, "type": null, "creation_time": 1529109742.0, "location_id": 6855426, "id": 5182687, "supertype": "normal", "is_deleted": false, "description": null, "weather_temperature": 12.0, "start_time": 1175857201.0, "views": 0, "location": {"lon": 0.3848, "country_code": "GB", "lat": 52.1954, "id": 6855426, "full_detail": "England, United Kingdom", "uuid": "d7ad3ff4-f26f-4313-a71a-1a8189bef293", "venue": null, "detail": "United Kingdom", "name": "Newmarket"}, "trip_id": 726274, "end_time": null, "main_media_item_path": null, "name": null, "uuid": "a1553560-5e50-45ce-a8f6-b821071aeec9", "fb_publish_status": null, "weather_condition": "clear-day", "slug": "newmarket", "comment_count": 0}, {"open_graph_id": null, "timezone_id": "Europe/Paris", "likes": 0, "type": null, "creation_time": 1529109765.0, "location_id": 6855428, "id": 5182689, "supertype": "normal", "is_deleted": false, "description": null, "weather_temperature": 7.0, "start_time": 1175940001.0, "views": 0, "location": {"lon": 6.0769544526222, "country_code": "FR", "lat": 45.1578127369009, "id": 6855428, "full_detail": "Is\u00e8re, France", "uuid": "5ac5558f-7b48-4fdf-a5ff-5d62ab12857a", "venue": null, "detail": "France", "name": "Vaujany"}, "trip_id": 726274, "end_time": null, "main_media_item_path": null, "name": null, "uuid": "b47b6b11-77d2-4f56-a834-f86b6a95e959", "fb_publish_status": null, "weather_condition": "partly-cloudy-day", "slug": "vaujany", "comment_count": 0}, {"open_graph_id": null, "timezone_id": "Europe/London", "likes": 0, "type": null, "creation_time": 1529109755.0, "location_id": 6855427, "id": 5182688, "supertype": "normal", "is_deleted": false, "description": null, "weather_temperature": null, "start_time": 1176634801.0, "views": 0, "location": {"lon": 0.3848, "country_code": "GB", "lat": 52.1954, "id": 6855427, "full_detail": "England, United Kingdom", "uuid": "7503148c-4588-4ea9-9e01-f63760b3b26b", "venue": null, "detail": "United Kingdom", "name": "Newmarket"}, "trip_id": 726274, "end_time": null, "main_media_item_path": null, "name": null, "uuid": "b4b7f13e-76ee-46f3-91bf-1862e486500e", "fb_publish_status": null, "weather_condition": null, "slug": "newmarket", "comment_count": 0}], "user_id": 642440, "language": null, "visibility": 1, "featured_priority_for_new_users": null, "featured": null, "views": 0, "total_km": 1773.51050272841, "step_count": 3, "name": "Vaujany 2007", "feature_text": null, "uuid": "09a6f873-0d95-4a9a-af55-166bead8459c", "cover_photo_thumb_path": null, "fb_publish_status": null, "cover_photo_path": null, "slug": "vaujany-2007"}