{"summary": "", "views": 0, "fb_publish_status": null, "is_deleted": false, "timezone_id": "Europe/London", "cover_photo_path": null, "step_count": 3, "total_km": 1773.51050272841, "start_date": 1175814001.0, "id": 726274, "user_id": 642440, "type": null, "likes": 0, "feature_text": null, "slug": "vaujany-2007", "language": null, "name": "Vaujany 2007", "visibility": 1, "feature_date": null, "featured_priority_for_new_users": null, "all_steps": [{"views": 0, "main_media_item_path": null, "weather_condition": "clear-day", "start_time": 1175857201.0, "is_deleted": false, "id": 5182687, "timezone_id": "Europe/London", "comment_count": 0, "location": {"lon": 0.3848, "full_detail": "England, United Kingdom", "uuid": "d7ad3ff4-f26f-4313-a71a-1a8189bef293", "lat": 52.1954, "name": "Newmarket", "venue": null, "id": 6855426, "country_code": "GB", "detail": "United Kingdom"}, "creation_time": 1529109742.0, "location_id": 6855426, "name": null, "fb_publish_status": null, "type": null, "likes": 0, "slug": "newmarket", "weather_temperature": 12.0, "end_time": null, "supertype": "normal", "trip_id": 726274, "description": null, "open_graph_id": null, "uuid": "a1553560-5e50-45ce-a8f6-b821071aeec9"}, {"views": 0, "main_media_item_path": null, "weather_condition": "partly-cloudy-day", "start_time": 1175940001.0, "is_deleted": false, "id": 5182689, "timezone_id": "Europe/Paris", "comment_count": 0, "location": {"lon": 6.0769544526222, "full_detail": "Is\u00e8re, France", "uuid": "5ac5558f-7b48-4fdf-a5ff-5d62ab12857a", "lat": 45.1578127369009, "name": "Vaujany", "venue": null, "id": 6855428, "country_code": "FR", "detail": "France"}, "creation_time": 1529109765.0, "location_id": 6855428, "name": null, "fb_publish_status": null, "type": null, "likes": 0, "slug": "vaujany", "weather_temperature": 7.0, "end_time": null, "supertype": "normal", "trip_id": 726274, "description": null, "open_graph_id": null, "uuid": "b47b6b11-77d2-4f56-a834-f86b6a95e959"}, {"views": 0, "main_media_item_path": null, "weather_condition": null, "start_time": 1176634801.0, "is_deleted": false, "id": 5182688, "timezone_id": "Europe/London", "comment_count": 0, "location": {"lon": 0.3848, "full_detail": "England, United Kingdom", "uuid": "7503148c-4588-4ea9-9e01-f63760b3b26b", "lat": 52.1954, "name": "Newmarket", "venue": null, "id": 6855427, "country_code": "GB", "detail": "United Kingdom"}, "creation_time": 1529109755.0, "location_id": 6855427, "name": null, "fb_publish_status": null, "type": null, "likes": 0, "slug": "newmarket", "weather_temperature": null, "end_time": null, "supertype": "normal", "trip_id": 726274, "description": null, "open_graph_id": null, "uuid": "b4b7f13e-76ee-46f3-91bf-1862e486500e"}], "open_graph_id": null, "uuid": "09a6f873-0d95-4a9a-af55-166bead8459c", "featured": null, "cover_photo_thumb_path": null, "end_date": 1176677941.0}