{"feature_date": null, "open_graph_id": null, "timezone_id": "Europe/London", "likes": 0, "summary": "", "type": null, "start_date": 1217545202.0, "end_date": 1218927540.0, "is_deleted": false, "id": 726240, "all_steps": [{"open_graph_id": null, "timezone_id": "Europe/London", "likes": 0, "type": null, "creation_time": 1529107552.0, "location_id": 6855153, "id": 5182444, "supertype": "normal", "is_deleted": false, "description": null, "weather_temperature": null, "start_time": 1217588402.0, "views": 0, "location": {"lon": 0.3848, "country_code": "GB", "lat": 52.1954, "id": 6855153, "full_detail": "England, United Kingdom", "uuid": "e97dbb75-5bd4-4d47-bda5-db2ae013f1ec", "venue": null, "detail": "United Kingdom", "name": "Newmarket"}, "trip_id": 726240, "end_time": null, "main_media_item_path": null, "name": null, "uuid": "25cf78a5-db5a-4dc7-8785-712fa776ad1c", "fb_publish_status": null, "weather_condition": null, "slug": "newmarket", "comment_count": 0}, {"open_graph_id": null, "timezone_id": "Europe/Lisbon", "likes": 0, "type": null, "creation_time": 1529107562.0, "location_id": 6855154, "id": 5182445, "supertype": "normal", "is_deleted": false, "description": null, "weather_temperature": 22.0, "start_time": 1217610002.0, "views": 0, "location": {"lon": -8.6, "country_code": "PT", "lat": 41.15, "id": 6855154, "full_detail": "Porto, Portugal", "uuid": "8fc698da-6036-4cdc-a113-5c56f17766bb", "venue": null, "detail": "Portugal", "name": "Porto"}, "trip_id": 726240, "end_time": null, "main_media_item_path": null, "name": null, "uuid": "c91a898b-9a25-4628-8bb3-a97bb666a78c", "fb_publish_status": null, "weather_condition": "clear-day", "slug": "porto", "comment_count": 0}, {"open_graph_id": null, "timezone_id": "Europe/Lisbon", "likes": 0, "type": null, "creation_time": 1529107646.0, "location_id": 6855157, "id": 5182448, "supertype": "normal", "is_deleted": false, "description": null, "weather_temperature": 24.0, "start_time": 1218101402.0, "views": 0, "location": {"lon": -9.21759180931508, "country_code": "PT", "lat": 39.4332431203138, "id": 6855157, "full_detail": "Leiria District, Portugal", "uuid": "614d3bca-a5d1-4385-89bc-9ebb848bfe6e", "venue": null, "detail": "Portugal", "name": "Caldas da Rainha"}, "trip_id": 726240, "end_time": null, "main_media_item_path": null, "name": null, "uuid": "99757782-f91b-455b-a777-ac399b2fa19b", "fb_publish_status": null, "weather_condition": "partly-cloudy-day", "slug": "caldas-da-rainha", "comment_count": 0}, {"open_graph_id": null, "timezone_id": "Europe/Lisbon", "likes": 0, "type": null, "creation_time": 1529107630.0, "location_id": 6855158, "id": 5182449, "supertype": "normal", "is_deleted": false, "description": null, "weather_temperature": 16.0, "start_time": 1218592802.0, "views": 0, "location": {"lon": -9.16667, "country_code": "PT", "lat": 38.71667, "id": 6855158, "full_detail": "Lisboa Region, Portugal", "uuid": "07ec57d3-2272-45fe-8558-785933631165", "venue": null, "detail": "Portugal", "name": "Lisbon"}, "trip_id": 726240, "end_time": null, "main_media_item_path": null, "name": null, "uuid": "fe38ea63-8b99-4569-bd40-30d729c25e1c", "fb_publish_status": null, "weather_condition": "clear-night", "slug": "lisbon", "comment_count": 0}, {"open_graph_id": null, "timezone_id": "Europe/London", "likes": 0, "type": null, "creation_time": 1529107619.0, "location_id": 6855156, "id": 5182447, "supertype": "normal", "is_deleted": false, "description": null, "weather_temperature": null, "start_time": 1218884402.0, "views": 0, "location": {"lon": 0.3848, "country_code": "GB", "lat": 52.1954, "id": 6855156, "full_detail": "England, United Kingdom", "uuid": "c43ae42c-a125-4d3a-a110-363933831f52", "venue": null, "detail": "United Kingdom", "name": "Newmarket"}, "trip_id": 726240, "end_time": null, "main_media_item_path": null, "name": null, "uuid": "63115dd7-3a65-4107-b9d6-25deaa3dce45", "fb_publish_status": null, "weather_condition": null, "slug": "newmarket", "comment_count": 0}], "user_id": 642440, "language": null, "visibility": 1, "featured_priority_for_new_users": null, "featured": null, "views": 0, "total_km": 3353.17556928123, "step_count": 5, "name": "Portugal 2008", "feature_text": null, "uuid": "7cfe07ce-cc9c-4bc0-9873-385814083f6f", "cover_photo_thumb_path": null, "fb_publish_status": null, "cover_photo_path": null, "slug": "portugal-2008"}