{"summary": "", "views": 0, "fb_publish_status": null, "is_deleted": false, "timezone_id": "Europe/London", "cover_photo_path": null, "step_count": 5, "total_km": 3353.17556928123, "start_date": 1217545202.0, "id": 726240, "user_id": 642440, "type": null, "likes": 0, "feature_text": null, "slug": "portugal-2008", "language": null, "name": "Portugal 2008", "visibility": 1, "feature_date": null, "featured_priority_for_new_users": null, "all_steps": [{"views": 0, "main_media_item_path": null, "weather_condition": null, "start_time": 1217588402.0, "is_deleted": false, "id": 5182444, "timezone_id": "Europe/London", "comment_count": 0, "location": {"lon": 0.3848, "full_detail": "England, United Kingdom", "uuid": "e97dbb75-5bd4-4d47-bda5-db2ae013f1ec", "lat": 52.1954, "name": "Newmarket", "venue": null, "id": 6855153, "country_code": "GB", "detail": "United Kingdom"}, "creation_time": 1529107552.0, "location_id": 6855153, "name": null, "fb_publish_status": null, "type": null, "likes": 0, "slug": "newmarket", "weather_temperature": null, "end_time": null, "supertype": "normal", "trip_id": 726240, "description": null, "open_graph_id": null, "uuid": "25cf78a5-db5a-4dc7-8785-712fa776ad1c"}, {"views": 0, "main_media_item_path": null, "weather_condition": "clear-day", "start_time": 1217610002.0, "is_deleted": false, "id": 5182445, "timezone_id": "Europe/Lisbon", "comment_count": 0, "location": {"lon": -8.6, "full_detail": "Porto, Portugal", "uuid": "8fc698da-6036-4cdc-a113-5c56f17766bb", "lat": 41.15, "name": "Porto", "venue": null, "id": 6855154, "country_code": "PT", "detail": "Portugal"}, "creation_time": 1529107562.0, "location_id": 6855154, "name": null, "fb_publish_status": null, "type": null, "likes": 0, "slug": "porto", "weather_temperature": 22.0, "end_time": null, "supertype": "normal", "trip_id": 726240, "description": null, "open_graph_id": null, "uuid": "c91a898b-9a25-4628-8bb3-a97bb666a78c"}, {"views": 0, "main_media_item_path": null, "weather_condition": "partly-cloudy-day", "start_time": 1218101402.0, "is_deleted": false, "id": 5182448, "timezone_id": "Europe/Lisbon", "comment_count": 0, "location": {"lon": -9.21759180931508, "full_detail": "Leiria District, Portugal", "uuid": "614d3bca-a5d1-4385-89bc-9ebb848bfe6e", "lat": 39.4332431203138, "name": "Caldas da Rainha", "venue": null, "id": 6855157, "country_code": "PT", "detail": "Portugal"}, "creation_time": 1529107646.0, "location_id": 6855157, "name": null, "fb_publish_status": null, "type": null, "likes": 0, "slug": "caldas-da-rainha", "weather_temperature": 24.0, "end_time": null, "supertype": "normal", "trip_id": 726240, "description": null, "open_graph_id": null, "uuid": "99757782-f91b-455b-a777-ac399b2fa19b"}, {"views": 0, "main_media_item_path": null, "weather_condition": "clear-night", "start_time": 1218592802.0, "is_deleted": false, "id": 5182449, "timezone_id": "Europe/Lisbon", "comment_count": 0, "location": {"lon": -9.16667, "full_detail": "Lisboa Region, Portugal", "uuid": "07ec57d3-2272-45fe-8558-785933631165", "lat": 38.71667, "name": "Lisbon", "venue": null, "id": 6855158, "country_code": "PT", "detail": "Portugal"}, "creation_time": 1529107630.0, "location_id": 6855158, "name": null, "fb_publish_status": null, "type": null, "likes": 0, "slug": "lisbon", "weather_temperature": 16.0, "end_time": null, "supertype": "normal", "trip_id": 726240, "description": null, "open_graph_id": null, "uuid": "fe38ea63-8b99-4569-bd40-30d729c25e1c"}, {"views": 0, "main_media_item_path": null, "weather_condition": null, "start_time": 1218884402.0, "is_deleted": false, "id": 5182447, "timezone_id": "Europe/London", "comment_count": 0, "location": {"lon": 0.3848, "full_detail": "England, United Kingdom", "uuid": "c43ae42c-a125-4d3a-a110-363933831f52", "lat": 52.1954, "name": "Newmarket", "venue": null, "id": 6855156, "country_code": "GB", "detail": "United Kingdom"}, "creation_time": 1529107619.0, "location_id": 6855156, "name": null, "fb_publish_status": null, "type": null, "likes": 0, "slug": "newmarket", "weather_temperature": null, "end_time": null, "supertype": "normal", "trip_id": 726240, "description": null, "open_graph_id": null, "uuid": "63115dd7-3a65-4107-b9d6-25deaa3dce45"}], "open_graph_id": null, "uuid": "7cfe07ce-cc9c-4bc0-9873-385814083f6f", "featured": null, "cover_photo_thumb_path": null, "end_date": 1218927540.0}