{"summary": "", "views": 0, "fb_publish_status": null, "is_deleted": false, "timezone_id": "Europe/London", "cover_photo_path": null, "step_count": 3, "total_km": 630.79958117842, "start_date": 1248476402.0, "id": 726235, "user_id": 642440, "type": null, "likes": 0, "feature_text": null, "slug": "lake-district-2009", "language": null, "name": "Lake District 2009", "visibility": 1, "feature_date": null, "featured_priority_for_new_users": null, "all_steps": [{"views": 0, "main_media_item_path": null, "weather_condition": "partly-cloudy-day", "start_time": 1248519602.0, "is_deleted": false, "id": 5182394, "timezone_id": "Europe/London", "comment_count": 0, "location": {"lon": 0.3848, "full_detail": "England, United Kingdom", "uuid": "df211922-5daf-4b8b-a7d3-87d5bbe204a7", "lat": 52.1954, "name": "Newmarket", "venue": null, "id": 6855098, "country_code": "GB", "detail": "United Kingdom"}, "creation_time": 1529107171.0, "location_id": 6855098, "name": null, "fb_publish_status": null, "type": null, "likes": 0, "slug": "newmarket", "weather_temperature": 19.0, "end_time": null, "supertype": "normal", "trip_id": 726235, "description": null, "open_graph_id": null, "uuid": "688c57c8-27b2-4e68-85fe-c77d16ca8aba"}, {"views": 0, "main_media_item_path": null, "weather_condition": null, "start_time": 1248606002.0, "is_deleted": false, "id": 5182395, "timezone_id": "Europe/London", "comment_count": 0, "location": {"lon": -2.74498466169325, "full_detail": "England, United Kingdom", "uuid": "81e0babd-67db-4fc7-8f82-05a7b3f7955b", "lat": 54.3259175676925, "name": "Kendal", "venue": null, "id": 6855099, "country_code": "GB", "detail": "United Kingdom"}, "creation_time": 1529107182.0, "location_id": 6855099, "name": null, "fb_publish_status": null, "type": null, "likes": 0, "slug": "kendal", "weather_temperature": null, "end_time": null, "supertype": "normal", "trip_id": 726235, "description": null, "open_graph_id": null, "uuid": "805740c1-a5f4-4e80-9f9d-254e6a6e66ff"}, {"views": 0, "main_media_item_path": null, "weather_condition": "clear-day", "start_time": 1249729202.0, "is_deleted": false, "id": 5182400, "timezone_id": "Europe/London", "comment_count": 0, "location": {"lon": 0.3848, "full_detail": "England, United Kingdom", "uuid": "1262de83-10c9-4c34-9190-63663ce4dc04", "lat": 52.1954, "name": "Newmarket", "venue": null, "id": 6855143, "country_code": "GB", "detail": "United Kingdom"}, "creation_time": 1529107213.0, "location_id": 6855143, "name": null, "fb_publish_status": null, "type": null, "likes": 0, "slug": "newmarket", "weather_temperature": 21.0, "end_time": null, "supertype": "normal", "trip_id": 726235, "description": null, "open_graph_id": null, "uuid": "ed962450-ad37-497f-9256-ccc94b542ccd"}], "open_graph_id": null, "uuid": "0e620f34-2b20-40d0-adf8-cdeb7232ae9c", "featured": null, "cover_photo_thumb_path": null, "end_date": 1249772340.0}