{"feature_date": null, "open_graph_id": null, "timezone_id": "Europe/London", "likes": 0, "summary": "", "type": null, "start_date": 1248476402.0, "end_date": 1249772340.0, "is_deleted": false, "id": 726235, "all_steps": [{"open_graph_id": null, "timezone_id": "Europe/London", "likes": 0, "type": null, "creation_time": 1529107171.0, "location_id": 6855098, "id": 5182394, "supertype": "normal", "is_deleted": false, "description": null, "weather_temperature": 19.0, "start_time": 1248519602.0, "views": 0, "location": {"lon": 0.3848, "country_code": "GB", "lat": 52.1954, "id": 6855098, "full_detail": "England, United Kingdom", "uuid": "df211922-5daf-4b8b-a7d3-87d5bbe204a7", "venue": null, "detail": "United Kingdom", "name": "Newmarket"}, "trip_id": 726235, "end_time": null, "main_media_item_path": null, "name": null, "uuid": "688c57c8-27b2-4e68-85fe-c77d16ca8aba", "fb_publish_status": null, "weather_condition": "partly-cloudy-day", "slug": "newmarket", "comment_count": 0}, {"open_graph_id": null, "timezone_id": "Europe/London", "likes": 0, "type": null, "creation_time": 1529107182.0, "location_id": 6855099, "id": 5182395, "supertype": "normal", "is_deleted": false, "description": null, "weather_temperature": null, "start_time": 1248606002.0, "views": 0, "location": {"lon": -2.74498466169325, "country_code": "GB", "lat": 54.3259175676925, "id": 6855099, "full_detail": "England, United Kingdom", "uuid": "81e0babd-67db-4fc7-8f82-05a7b3f7955b", "venue": null, "detail": "United Kingdom", "name": "Kendal"}, "trip_id": 726235, "end_time": null, "main_media_item_path": null, "name": null, "uuid": "805740c1-a5f4-4e80-9f9d-254e6a6e66ff", "fb_publish_status": null, "weather_condition": null, "slug": "kendal", "comment_count": 0}, {"open_graph_id": null, "timezone_id": "Europe/London", "likes": 0, "type": null, "creation_time": 1529107213.0, "location_id": 6855143, "id": 5182400, "supertype": "normal", "is_deleted": false, "description": null, "weather_temperature": 21.0, "start_time": 1249729202.0, "views": 0, "location": {"lon": 0.3848, "country_code": "GB", "lat": 52.1954, "id": 6855143, "full_detail": "England, United Kingdom", "uuid": "1262de83-10c9-4c34-9190-63663ce4dc04", "venue": null, "detail": "United Kingdom", "name": "Newmarket"}, "trip_id": 726235, "end_time": null, "main_media_item_path": null, "name": null, "uuid": "ed962450-ad37-497f-9256-ccc94b542ccd", "fb_publish_status": null, "weather_condition": "clear-day", "slug": "newmarket", "comment_count": 0}], "user_id": 642440, "language": null, "visibility": 1, "featured_priority_for_new_users": null, "featured": null, "views": 0, "total_km": 630.79958117842, "step_count": 3, "name": "Lake District 2009", "feature_text": null, "uuid": "0e620f34-2b20-40d0-adf8-cdeb7232ae9c", "cover_photo_thumb_path": null, "fb_publish_status": null, "cover_photo_path": null, "slug": "lake-district-2009"}