{"feature_date": null, "open_graph_id": null, "timezone_id": "Europe/London", "likes": 0, "summary": "", "type": null, "start_date": 1186786801.0, "end_date": 1188255541.0, "is_deleted": false, "id": 726249, "all_steps": [{"open_graph_id": null, "timezone_id": "Europe/London", "likes": 0, "type": null, "creation_time": 1529107961.0, "location_id": 6855211, "id": 5182497, "supertype": "normal", "is_deleted": false, "description": null, "weather_temperature": 23.0, "start_time": 1186830001.0, "views": 0, "location": {"lon": 0.3848, "country_code": "GB", "lat": 52.1954, "id": 6855211, "full_detail": "England, United Kingdom", "uuid": "6170ea33-a608-4bd8-b317-282d7673a557", "venue": null, "detail": "United Kingdom", "name": "Newmarket"}, "trip_id": 726249, "end_time": null, "main_media_item_path": null, "name": null, "uuid": "93d7ff63-ae5f-44ef-9e4d-956a16af9840", "fb_publish_status": null, "weather_condition": "clear-day", "slug": "newmarket", "comment_count": 0}, {"open_graph_id": null, "timezone_id": "America/Edmonton", "likes": 0, "type": null, "creation_time": 1529108081.0, "location_id": 6855223, "id": 5182508, "supertype": "normal", "is_deleted": false, "description": null, "weather_temperature": null, "start_time": 1186882201.0, "views": 0, "location": {"lon": -114.0626, "country_code": "CA", "lat": 51.0531, "id": 6855223, "full_detail": "Alberta, Canada", "uuid": "010458a5-7289-4dc0-95eb-b5054ab0f2f1", "venue": null, "detail": "Canada", "name": "Calgary"}, "trip_id": 726249, "end_time": null, "main_media_item_path": null, "name": null, "uuid": "1fbdc100-50c6-44e6-8b42-621d7833eeb6", "fb_publish_status": null, "weather_condition": null, "slug": "calgary", "comment_count": 0}, {"open_graph_id": null, "timezone_id": "America/Edmonton", "likes": 0, "type": null, "creation_time": 1529108100.0, "location_id": 6855230, "id": 5182515, "supertype": "normal", "is_deleted": false, "description": null, "weather_temperature": 10.0, "start_time": 1187028001.0, "views": 0, "location": {"lon": -118.08, "country_code": "CA", "lat": 52.88, "id": 6855230, "full_detail": "Alberta, Canada", "uuid": "90c8714c-cdac-4a21-b842-933cf8b6a4cc", "venue": null, "detail": "Canada", "name": "Jasper"}, "trip_id": 726249, "end_time": null, "main_media_item_path": null, "name": null, "uuid": "69d41f9d-0935-4927-8074-d5343ec52b22", "fb_publish_status": null, "weather_condition": "clear-day", "slug": "jasper", "comment_count": 0}, {"open_graph_id": null, "timezone_id": "America/Edmonton", "likes": 0, "type": null, "creation_time": 1529108134.0, "location_id": 6855238, "id": 5182521, "supertype": "normal", "is_deleted": false, "description": null, "weather_temperature": 16.0, "start_time": 1187326801.0, "views": 0, "location": {"lon": -115.5683, "country_code": "CA", "lat": 51.1778, "id": 6855238, "full_detail": "Alberta, Canada", "uuid": "260a460c-dbad-430c-9150-4ebf12300408", "venue": null, "detail": "Canada", "name": "Banff"}, "trip_id": 726249, "end_time": null, "main_media_item_path": null, "name": null, "uuid": "ab391b29-6261-4ca4-a7d3-cae2e9d04f4f", "fb_publish_status": null, "weather_condition": "partly-cloudy-night", "slug": "banff", "comment_count": 0}, {"open_graph_id": null, "timezone_id": "America/Edmonton", "likes": 0, "type": null, "creation_time": 1529108146.0, "location_id": 6855241, "id": 5182524, "supertype": "normal", "is_deleted": false, "description": null, "weather_temperature": 13.0, "start_time": 1187476201.0, "views": 0, "location": {"lon": -114.882427545266, "country_code": "CA", "lat": 50.7080326694647, "id": 6855241, "full_detail": "Alberta, Canada", "uuid": "6604db4b-1617-4fda-af4b-1943d35632ec", "venue": null, "detail": "Canada", "name": "Kananaskis Improvement District"}, "trip_id": 726249, "end_time": null, "main_media_item_path": null, "name": "Kananaskis", "uuid": "7bece9fa-e179-4c64-89de-953612b32671", "fb_publish_status": null, "weather_condition": "partly-cloudy-day", "slug": "kananaskis-improvement-district", "comment_count": 0}, {"open_graph_id": null, "timezone_id": "America/Toronto", "likes": 0, "type": null, "creation_time": 1529108011.0, "location_id": 6855216, "id": 5182502, "supertype": "normal", "is_deleted": false, "description": null, "weather_temperature": 26.0, "start_time": 1187625601.0, "views": 0, "location": {"lon": -79.3849, "country_code": "CA", "lat": 43.6529, "id": 6855216, "full_detail": "Ontario, Canada", "uuid": "1556d1f4-5af3-41af-a81a-9333523115ef", "venue": null, "detail": "Canada", "name": "Toronto"}, "trip_id": 726249, "end_time": null, "main_media_item_path": null, "name": null, "uuid": "8d67fb39-478c-4b61-81d7-f83e94366bfb", "fb_publish_status": null, "weather_condition": "clear-day", "slug": "toronto", "comment_count": 0}, {"open_graph_id": null, "timezone_id": "Europe/London", "likes": 0, "type": null, "creation_time": 1529108000.0, "location_id": 6855212, "id": 5182498, "supertype": "normal", "is_deleted": false, "description": null, "weather_temperature": null, "start_time": 1188212401.0, "views": 0, "location": {"lon": 0.3848, "country_code": "GB", "lat": 52.1954, "id": 6855212, "full_detail": "England, United Kingdom", "uuid": "a6db390f-7698-483b-b21c-cc2d9f71426d", "venue": null, "detail": "United Kingdom", "name": "Newmarket"}, "trip_id": 726249, "end_time": null, "main_media_item_path": null, "name": null, "uuid": "bd831125-0644-4bad-8bbb-d0b10e04e789", "fb_publish_status": null, "weather_condition": null, "slug": "newmarket", "comment_count": 0}], "user_id": 642440, "language": null, "visibility": 1, "featured_priority_for_new_users": null, "featured": null, "views": 0, "total_km": 16149.449174345, "step_count": 7, "name": "Canada 2007", "feature_text": null, "uuid": "8a9b1a74-a5b0-4a6d-a548-8bd7afb03eb9", "cover_photo_thumb_path": null, "fb_publish_status": null, "cover_photo_path": null, "slug": "canada-2007"}