{"summary": "", "views": 0, "fb_publish_status": null, "is_deleted": false, "timezone_id": "Europe/London", "cover_photo_path": null, "step_count": 7, "total_km": 16149.449174345, "start_date": 1186786801.0, "id": 726249, "user_id": 642440, "type": null, "likes": 0, "feature_text": null, "slug": "canada-2007", "language": null, "name": "Canada 2007", "visibility": 1, "feature_date": null, "featured_priority_for_new_users": null, "all_steps": [{"views": 0, "main_media_item_path": null, "weather_condition": "clear-day", "start_time": 1186830001.0, "is_deleted": false, "id": 5182497, "timezone_id": "Europe/London", "comment_count": 0, "location": {"lon": 0.3848, "full_detail": "England, United Kingdom", "uuid": "6170ea33-a608-4bd8-b317-282d7673a557", "lat": 52.1954, "name": "Newmarket", "venue": null, "id": 6855211, "country_code": "GB", "detail": "United Kingdom"}, "creation_time": 1529107961.0, "location_id": 6855211, "name": null, "fb_publish_status": null, "type": null, "likes": 0, "slug": "newmarket", "weather_temperature": 23.0, "end_time": null, "supertype": "normal", "trip_id": 726249, "description": null, "open_graph_id": null, "uuid": "93d7ff63-ae5f-44ef-9e4d-956a16af9840"}, {"views": 0, "main_media_item_path": null, "weather_condition": null, "start_time": 1186882201.0, "is_deleted": false, "id": 5182508, "timezone_id": "America/Edmonton", "comment_count": 0, "location": {"lon": -114.0626, "full_detail": "Alberta, Canada", "uuid": "010458a5-7289-4dc0-95eb-b5054ab0f2f1", "lat": 51.0531, "name": "Calgary", "venue": null, "id": 6855223, "country_code": "CA", "detail": "Canada"}, "creation_time": 1529108081.0, "location_id": 6855223, "name": null, "fb_publish_status": null, "type": null, "likes": 0, "slug": "calgary", "weather_temperature": null, "end_time": null, "supertype": "normal", "trip_id": 726249, "description": null, "open_graph_id": null, "uuid": "1fbdc100-50c6-44e6-8b42-621d7833eeb6"}, {"views": 0, "main_media_item_path": null, "weather_condition": "clear-day", "start_time": 1187028001.0, "is_deleted": false, "id": 5182515, "timezone_id": "America/Edmonton", "comment_count": 0, "location": {"lon": -118.08, "full_detail": "Alberta, Canada", "uuid": "90c8714c-cdac-4a21-b842-933cf8b6a4cc", "lat": 52.88, "name": "Jasper", "venue": null, "id": 6855230, "country_code": "CA", "detail": "Canada"}, "creation_time": 1529108100.0, "location_id": 6855230, "name": null, "fb_publish_status": null, "type": null, "likes": 0, "slug": "jasper", "weather_temperature": 10.0, "end_time": null, "supertype": "normal", "trip_id": 726249, "description": null, "open_graph_id": null, "uuid": "69d41f9d-0935-4927-8074-d5343ec52b22"}, {"views": 0, "main_media_item_path": null, "weather_condition": "partly-cloudy-night", "start_time": 1187326801.0, "is_deleted": false, "id": 5182521, "timezone_id": "America/Edmonton", "comment_count": 0, "location": {"lon": -115.5683, "full_detail": "Alberta, Canada", "uuid": "260a460c-dbad-430c-9150-4ebf12300408", "lat": 51.1778, "name": "Banff", "venue": null, "id": 6855238, "country_code": "CA", "detail": "Canada"}, "creation_time": 1529108134.0, "location_id": 6855238, "name": null, "fb_publish_status": null, "type": null, "likes": 0, "slug": "banff", "weather_temperature": 16.0, "end_time": null, "supertype": "normal", "trip_id": 726249, "description": null, "open_graph_id": null, "uuid": "ab391b29-6261-4ca4-a7d3-cae2e9d04f4f"}, {"views": 0, "main_media_item_path": null, "weather_condition": "partly-cloudy-day", "start_time": 1187476201.0, "is_deleted": false, "id": 5182524, "timezone_id": "America/Edmonton", "comment_count": 0, "location": {"lon": -114.882427545266, "full_detail": "Alberta, Canada", "uuid": "6604db4b-1617-4fda-af4b-1943d35632ec", "lat": 50.7080326694647, "name": "Kananaskis Improvement District", "venue": null, "id": 6855241, "country_code": "CA", "detail": "Canada"}, "creation_time": 1529108146.0, "location_id": 6855241, "name": "Kananaskis", "fb_publish_status": null, "type": null, "likes": 0, "slug": "kananaskis-improvement-district", "weather_temperature": 13.0, "end_time": null, "supertype": "normal", "trip_id": 726249, "description": null, "open_graph_id": null, "uuid": "7bece9fa-e179-4c64-89de-953612b32671"}, {"views": 0, "main_media_item_path": null, "weather_condition": "clear-day", "start_time": 1187625601.0, "is_deleted": false, "id": 5182502, "timezone_id": "America/Toronto", "comment_count": 0, "location": {"lon": -79.3849, "full_detail": "Ontario, Canada", "uuid": "1556d1f4-5af3-41af-a81a-9333523115ef", "lat": 43.6529, "name": "Toronto", "venue": null, "id": 6855216, "country_code": "CA", "detail": "Canada"}, "creation_time": 1529108011.0, "location_id": 6855216, "name": null, "fb_publish_status": null, "type": null, "likes": 0, "slug": "toronto", "weather_temperature": 26.0, "end_time": null, "supertype": "normal", "trip_id": 726249, "description": null, "open_graph_id": null, "uuid": "8d67fb39-478c-4b61-81d7-f83e94366bfb"}, {"views": 0, "main_media_item_path": null, "weather_condition": null, "start_time": 1188212401.0, "is_deleted": false, "id": 5182498, "timezone_id": "Europe/London", "comment_count": 0, "location": {"lon": 0.3848, "full_detail": "England, United Kingdom", "uuid": "a6db390f-7698-483b-b21c-cc2d9f71426d", "lat": 52.1954, "name": "Newmarket", "venue": null, "id": 6855212, "country_code": "GB", "detail": "United Kingdom"}, "creation_time": 1529108000.0, "location_id": 6855212, "name": null, "fb_publish_status": null, "type": null, "likes": 0, "slug": "newmarket", "weather_temperature": null, "end_time": null, "supertype": "normal", "trip_id": 726249, "description": null, "open_graph_id": null, "uuid": "bd831125-0644-4bad-8bbb-d0b10e04e789"}], "open_graph_id": null, "uuid": "8a9b1a74-a5b0-4a6d-a548-8bd7afb03eb9", "featured": null, "cover_photo_thumb_path": null, "end_date": 1188255541.0}