{"feature_date": null, "open_graph_id": null, "timezone_id": "Europe/London", "likes": 0, "summary": "", "type": null, "start_date": 1364601601.0, "end_date": 1365375541.0, "is_deleted": false, "id": 726205, "all_steps": [{"open_graph_id": null, "timezone_id": "Europe/London", "likes": 0, "type": null, "creation_time": 1529105650.0, "location_id": 6854902, "id": 5182213, "supertype": "normal", "is_deleted": false, "description": null, "weather_temperature": 3.0, "start_time": 1364644801.0, "views": 0, "location": {"lon": 0.3848, "country_code": "GB", "lat": 52.1954, "id": 6854902, "full_detail": "England, United Kingdom", "uuid": "36309da9-37ad-4d33-987e-c203addc0b3c", "venue": null, "detail": "United Kingdom", "name": "Newmarket"}, "trip_id": 726205, "end_time": null, "main_media_item_path": null, "name": null, "uuid": "066ae7b1-3e37-4479-91b6-5f957ee30b11", "fb_publish_status": null, "weather_condition": "partly-cloudy-day", "slug": "newmarket", "comment_count": 0}, {"open_graph_id": null, "timezone_id": "Europe/Paris", "likes": 0, "type": null, "creation_time": 1529105669.0, "location_id": 6854908, "id": 5182218, "supertype": "normal", "is_deleted": false, "description": null, "weather_temperature": -4.0, "start_time": 1364731201.0, "views": 0, "location": {"lon": 6.79356720841542, "country_code": "FR", "lat": 45.5962495409368, "id": 6854908, "full_detail": "Savoie, France", "uuid": "72291c94-e1dc-4ca9-bdde-a0473c5927e7", "venue": null, "detail": "France", "name": "Bourg-Saint-Maurice"}, "trip_id": 726205, "end_time": null, "main_media_item_path": null, "name": null, "uuid": "7c59bb66-111c-4609-bfca-df5bf7a39dd4", "fb_publish_status": null, "weather_condition": "partly-cloudy-day", "slug": "bourg-saint-maurice", "comment_count": 0}, {"open_graph_id": null, "timezone_id": "Europe/London", "likes": 0, "type": null, "creation_time": 1529105729.0, "location_id": 6854917, "id": 5182227, "supertype": "normal", "is_deleted": false, "description": null, "weather_temperature": 8.0, "start_time": 1365332401.0, "views": 0, "location": {"lon": 0.3848, "country_code": "GB", "lat": 52.1954, "id": 6854917, "full_detail": "England, United Kingdom", "uuid": "30b2c34a-f32f-4a0c-8aa2-a248eb247367", "venue": null, "detail": "United Kingdom", "name": "Newmarket"}, "trip_id": 726205, "end_time": null, "main_media_item_path": null, "name": null, "uuid": "1aab8d3e-9621-4f26-866a-861ba07499b0", "fb_publish_status": null, "weather_condition": "partly-cloudy-day", "slug": "newmarket", "comment_count": 0}], "user_id": 642440, "language": null, "visibility": 1, "featured_priority_for_new_users": null, "featured": null, "views": 0, "total_km": 1740.16135099991, "step_count": 3, "name": "Les Arcs 2013", "feature_text": null, "uuid": "3cb5d08d-8656-4985-9ffb-ddd830205d86", "cover_photo_thumb_path": null, "fb_publish_status": null, "cover_photo_path": null, "slug": "les-arcs-2013"}