{"summary": "", "views": 0, "fb_publish_status": null, "is_deleted": false, "timezone_id": "Europe/London", "cover_photo_path": null, "step_count": 3, "total_km": 1740.16135099991, "start_date": 1364601601.0, "id": 726205, "user_id": 642440, "type": null, "likes": 0, "feature_text": null, "slug": "les-arcs-2013", "language": null, "name": "Les Arcs 2013", "visibility": 1, "feature_date": null, "featured_priority_for_new_users": null, "all_steps": [{"views": 0, "main_media_item_path": null, "weather_condition": "partly-cloudy-day", "start_time": 1364644801.0, "is_deleted": false, "id": 5182213, "timezone_id": "Europe/London", "comment_count": 0, "location": {"lon": 0.3848, "full_detail": "England, United Kingdom", "uuid": "36309da9-37ad-4d33-987e-c203addc0b3c", "lat": 52.1954, "name": "Newmarket", "venue": null, "id": 6854902, "country_code": "GB", "detail": "United Kingdom"}, "creation_time": 1529105650.0, "location_id": 6854902, "name": null, "fb_publish_status": null, "type": null, "likes": 0, "slug": "newmarket", "weather_temperature": 3.0, "end_time": null, "supertype": "normal", "trip_id": 726205, "description": null, "open_graph_id": null, "uuid": "066ae7b1-3e37-4479-91b6-5f957ee30b11"}, {"views": 0, "main_media_item_path": null, "weather_condition": "partly-cloudy-day", "start_time": 1364731201.0, "is_deleted": false, "id": 5182218, "timezone_id": "Europe/Paris", "comment_count": 0, "location": {"lon": 6.79356720841542, "full_detail": "Savoie, France", "uuid": "72291c94-e1dc-4ca9-bdde-a0473c5927e7", "lat": 45.5962495409368, "name": "Bourg-Saint-Maurice", "venue": null, "id": 6854908, "country_code": "FR", "detail": "France"}, "creation_time": 1529105669.0, "location_id": 6854908, "name": null, "fb_publish_status": null, "type": null, "likes": 0, "slug": "bourg-saint-maurice", "weather_temperature": -4.0, "end_time": null, "supertype": "normal", "trip_id": 726205, "description": null, "open_graph_id": null, "uuid": "7c59bb66-111c-4609-bfca-df5bf7a39dd4"}, {"views": 0, "main_media_item_path": null, "weather_condition": "partly-cloudy-day", "start_time": 1365332401.0, "is_deleted": false, "id": 5182227, "timezone_id": "Europe/London", "comment_count": 0, "location": {"lon": 0.3848, "full_detail": "England, United Kingdom", "uuid": "30b2c34a-f32f-4a0c-8aa2-a248eb247367", "lat": 52.1954, "name": "Newmarket", "venue": null, "id": 6854917, "country_code": "GB", "detail": "United Kingdom"}, "creation_time": 1529105729.0, "location_id": 6854917, "name": null, "fb_publish_status": null, "type": null, "likes": 0, "slug": "newmarket", "weather_temperature": 8.0, "end_time": null, "supertype": "normal", "trip_id": 726205, "description": null, "open_graph_id": null, "uuid": "1aab8d3e-9621-4f26-866a-861ba07499b0"}], "open_graph_id": null, "uuid": "3cb5d08d-8656-4985-9ffb-ddd830205d86", "featured": null, "cover_photo_thumb_path": null, "end_date": 1365375541.0}