{"summary": "", "views": 0, "fb_publish_status": null, "is_deleted": false, "timezone_id": "Europe/London", "cover_photo_path": null, "step_count": 3, "total_km": 1964.40450161842, "start_date": 1060383602.0, "id": 726296, "user_id": 642440, "type": null, "likes": 0, "feature_text": null, "slug": "france-2003", "language": null, "name": "France 2003", "visibility": 1, "feature_date": null, "featured_priority_for_new_users": null, "all_steps": [{"views": 0, "main_media_item_path": null, "weather_condition": "partly-cloudy-day", "start_time": 1060426802.0, "is_deleted": false, "id": 5182891, "timezone_id": "Europe/London", "comment_count": 0, "location": {"lon": 0.3848, "full_detail": "England, United Kingdom", "uuid": "a9722f0c-3e81-4b67-ae8b-107e73d1fb5c", "lat": 52.1954, "name": "Newmarket", "venue": null, "id": 6855662, "country_code": "GB", "detail": "United Kingdom"}, "creation_time": 1529111958.0, "location_id": 6855662, "name": null, "fb_publish_status": null, "type": null, "likes": 0, "slug": "newmarket", "weather_temperature": 17.0, "end_time": null, "supertype": "normal", "trip_id": 726296, "description": null, "open_graph_id": null, "uuid": "9407d7d7-979f-45fd-81fe-6f979d3e6000"}, {"views": 0, "main_media_item_path": null, "weather_condition": null, "start_time": 1060513202.0, "is_deleted": false, "id": 5182894, "timezone_id": "Europe/Paris", "comment_count": 0, "location": {"lon": 3.18920784592217, "full_detail": "H\u00e9rault, France", "uuid": "fa81d820-856e-4768-9896-26c07d93ccf9", "lat": 43.5655315857613, "name": "Faug\u00e8res", "venue": null, "id": 6855666, "country_code": "FR", "detail": "France"}, "creation_time": 1529111968.0, "location_id": 6855666, "name": null, "fb_publish_status": null, "type": null, "likes": 0, "slug": "faugeres", "weather_temperature": null, "end_time": null, "supertype": "normal", "trip_id": 726296, "description": null, "open_graph_id": null, "uuid": "b9087919-0562-4e2f-a0a7-a90a977b9cfd"}, {"views": 0, "main_media_item_path": null, "weather_condition": "partly-cloudy-day", "start_time": 1061809202.0, "is_deleted": false, "id": 5182916, "timezone_id": "Europe/London", "comment_count": 0, "location": {"lon": 0.3848, "full_detail": "England, United Kingdom", "uuid": "0474c61a-54a6-48eb-8ab2-3f8ef75dce8a", "lat": 52.1954, "name": "Newmarket", "venue": null, "id": 6855690, "country_code": "GB", "detail": "United Kingdom"}, "creation_time": 1529112031.0, "location_id": 6855690, "name": null, "fb_publish_status": null, "type": null, "likes": 0, "slug": "newmarket", "weather_temperature": 16.0, "end_time": null, "supertype": "normal", "trip_id": 726296, "description": null, "open_graph_id": null, "uuid": "b3d35087-9d4f-4082-b6bc-b5e072845df7"}], "open_graph_id": null, "uuid": "11205e5a-5ad6-4825-84e3-5c80a8cebef7", "featured": null, "cover_photo_thumb_path": null, "end_date": 1061852341.0}