{"feature_date": null, "open_graph_id": null, "timezone_id": "Europe/London", "likes": 0, "summary": "", "type": null, "start_date": 1060383602.0, "end_date": 1061852341.0, "is_deleted": false, "id": 726296, "all_steps": [{"open_graph_id": null, "timezone_id": "Europe/London", "likes": 0, "type": null, "creation_time": 1529111958.0, "location_id": 6855662, "id": 5182891, "supertype": "normal", "is_deleted": false, "description": null, "weather_temperature": 17.0, "start_time": 1060426802.0, "views": 0, "location": {"lon": 0.3848, "country_code": "GB", "lat": 52.1954, "id": 6855662, "full_detail": "England, United Kingdom", "uuid": "a9722f0c-3e81-4b67-ae8b-107e73d1fb5c", "venue": null, "detail": "United Kingdom", "name": "Newmarket"}, "trip_id": 726296, "end_time": null, "main_media_item_path": null, "name": null, "uuid": "9407d7d7-979f-45fd-81fe-6f979d3e6000", "fb_publish_status": null, "weather_condition": "partly-cloudy-day", "slug": "newmarket", "comment_count": 0}, {"open_graph_id": null, "timezone_id": "Europe/Paris", "likes": 0, "type": null, "creation_time": 1529111968.0, "location_id": 6855666, "id": 5182894, "supertype": "normal", "is_deleted": false, "description": null, "weather_temperature": null, "start_time": 1060513202.0, "views": 0, "location": {"lon": 3.18920784592217, "country_code": "FR", "lat": 43.5655315857613, "id": 6855666, "full_detail": "H\u00e9rault, France", "uuid": "fa81d820-856e-4768-9896-26c07d93ccf9", "venue": null, "detail": "France", "name": "Faug\u00e8res"}, "trip_id": 726296, "end_time": null, "main_media_item_path": null, "name": null, "uuid": "b9087919-0562-4e2f-a0a7-a90a977b9cfd", "fb_publish_status": null, "weather_condition": null, "slug": "faugeres", "comment_count": 0}, {"open_graph_id": null, "timezone_id": "Europe/London", "likes": 0, "type": null, "creation_time": 1529112031.0, "location_id": 6855690, "id": 5182916, "supertype": "normal", "is_deleted": false, "description": null, "weather_temperature": 16.0, "start_time": 1061809202.0, "views": 0, "location": {"lon": 0.3848, "country_code": "GB", "lat": 52.1954, "id": 6855690, "full_detail": "England, United Kingdom", "uuid": "0474c61a-54a6-48eb-8ab2-3f8ef75dce8a", "venue": null, "detail": "United Kingdom", "name": "Newmarket"}, "trip_id": 726296, "end_time": null, "main_media_item_path": null, "name": null, "uuid": "b3d35087-9d4f-4082-b6bc-b5e072845df7", "fb_publish_status": null, "weather_condition": "partly-cloudy-day", "slug": "newmarket", "comment_count": 0}], "user_id": 642440, "language": null, "visibility": 1, "featured_priority_for_new_users": null, "featured": null, "views": 0, "total_km": 1964.40450161842, "step_count": 3, "name": "France 2003", "feature_text": null, "uuid": "11205e5a-5ad6-4825-84e3-5c80a8cebef7", "cover_photo_thumb_path": null, "fb_publish_status": null, "cover_photo_path": null, "slug": "france-2003"}