{"feature_date": null, "open_graph_id": null, "timezone_id": "Europe/London", "likes": 0, "summary": "", "type": null, "start_date": 1294963202.0, "end_date": 1314658741.0, "is_deleted": false, "id": 723933, "all_steps": [{"open_graph_id": null, "timezone_id": "Europe/London", "likes": 0, "type": null, "creation_time": 1529009113.0, "location_id": 6835595, "id": 5166132, "supertype": "normal", "is_deleted": false, "description": null, "weather_temperature": 11.0, "start_time": 1295006402.0, "views": 0, "location": {"lon": 0.3848, "country_code": "GB", "lat": 52.1954, "id": 6835595, "full_detail": "England, United Kingdom", "uuid": "b602e2f1-be6f-4d03-828f-9044d5cea630", "venue": null, "detail": "United Kingdom", "name": "Newmarket"}, "trip_id": 723933, "end_time": null, "main_media_item_path": null, "name": null, "uuid": "74ff3b22-2a72-45ee-8dcb-261f9701ef08", "fb_publish_status": null, "weather_condition": "partly-cloudy-day", "slug": "newmarket", "comment_count": 0}, {"open_graph_id": null, "timezone_id": "Asia/Shanghai", "likes": 0, "type": null, "creation_time": 1529009146.0, "location_id": 6835604, "id": 5166139, "supertype": "normal", "is_deleted": false, "description": null, "weather_temperature": -5.0, "start_time": 1295064002.0, "views": 0, "location": {"lon": 116.39139, "country_code": "CN", "lat": 39.905, "id": 6835604, "full_detail": "China", "uuid": "22226041-75cb-45dd-bc04-e78cce5ff142", "venue": null, "detail": "China", "name": "Beijing"}, "trip_id": 723933, "end_time": null, "main_media_item_path": null, "name": null, "uuid": "d359088d-d8cb-416c-88de-7962a798a534", "fb_publish_status": null, "weather_condition": "wind", "slug": "beijing", "comment_count": 0}, {"open_graph_id": null, "timezone_id": "Asia/Chongqing", "likes": 0, "type": null, "creation_time": 1529009177.0, "location_id": 6835611, "id": 5166145, "supertype": "normal", "is_deleted": false, "description": null, "weather_temperature": -3.0, "start_time": 1297051202.0, "views": 0, "location": {"lon": 108.9, "country_code": "CN", "lat": 34.26667, "id": 6835611, "full_detail": "Shaanxi, China", "uuid": "92833d4a-80dd-4943-afe9-9024aec62b5c", "venue": null, "detail": "China", "name": "Xi'an"}, "trip_id": 723933, "end_time": null, "main_media_item_path": null, "name": null, "uuid": "fd65cefd-be14-44b1-a787-331b289eb5e1", "fb_publish_status": null, "weather_condition": "fog", "slug": "xi-an", "comment_count": 0}, {"open_graph_id": null, "timezone_id": "Asia/Shanghai", "likes": 0, "type": null, "creation_time": 1529009214.0, "location_id": 6835616, "id": 5166148, "supertype": "normal", "is_deleted": false, "description": null, "weather_temperature": 4.0, "start_time": 1297656002.0, "views": 0, "location": {"lon": 121.46667, "country_code": "CN", "lat": 31.16667, "id": 6835616, "full_detail": "China", "uuid": "f07712b2-a693-4a05-9f86-a7f42343625e", "venue": null, "detail": "China", "name": "Shanghai"}, "trip_id": 723933, "end_time": null, "main_media_item_path": null, "name": null, "uuid": "b54c56c2-a40e-49b9-9446-e64c1a8d7a59", "fb_publish_status": null, "weather_condition": "partly-cloudy-day", "slug": "shanghai", "comment_count": 0}, {"open_graph_id": null, "timezone_id": "Asia/Hong_Kong", "likes": 0, "type": null, "creation_time": 1529009239.0, "location_id": 6835622, "id": 5166153, "supertype": "normal", "is_deleted": false, "description": null, "weather_temperature": 24.0, "start_time": 1298174402.0, "views": 0, "location": {"lon": 114.164054, "country_code": "HK", "lat": 22.25959, "id": 6835622, "full_detail": "Hong Kong", "uuid": "b35a3299-2c2f-4f03-bb8d-f75d16223c57", "venue": null, "detail": "Hong Kong", "name": "Hong Kong"}, "trip_id": 723933, "end_time": null, "main_media_item_path": null, "name": null, "uuid": "07d3509b-f1e5-43e0-b3b4-2519cd6f9580", "fb_publish_status": null, "weather_condition": "clear-day", "slug": "hong-kong", "comment_count": 0}, {"open_graph_id": null, "timezone_id": "Asia/Chongqing", "likes": 0, "type": null, "creation_time": 1529009764.0, "location_id": 6835782, "id": 5166268, "supertype": "normal", "is_deleted": false, "description": null, "weather_temperature": null, "start_time": 1298419202.0, "views": 0, "location": {"lon": 108.31501, "country_code": "CN", "lat": 22.81918, "id": 6835782, "full_detail": "Guangxi Zhuang Autonomous Region, China", "uuid": "50f9787a-dc94-416c-8c32-501af61d92cf", "venue": null, "detail": "China", "name": "Nanning"}, "trip_id": 723933, "end_time": null, "main_media_item_path": null, "name": null, "uuid": "053895d9-919b-4e22-a3d8-8788e0659fdd", "fb_publish_status": null, "weather_condition": null, "slug": "nanning", "comment_count": 0}, {"open_graph_id": null, "timezone_id": "Asia/Ho_Chi_Minh", "likes": 0, "type": null, "creation_time": 1529009309.0, "location_id": 6835636, "id": 5166163, "supertype": "normal", "is_deleted": false, "description": null, "weather_temperature": 24.0, "start_time": 1298523602.0, "views": 0, "location": {"lon": 105.717798, "country_code": "VN", "lat": 20.96841, "id": 6835636, "full_detail": "Vietnam", "uuid": "045d269b-2eed-405c-8d9e-7f1a3fdde7eb", "venue": null, "detail": "Vietnam", "name": "Hanoi"}, "trip_id": 723933, "end_time": null, "main_media_item_path": null, "name": null, "uuid": "c45aa810-6636-4361-a47f-8c6b6a3afa89", "fb_publish_status": null, "weather_condition": "partly-cloudy-day", "slug": "hanoi", "comment_count": 0}, {"open_graph_id": null, "timezone_id": "Asia/Ho_Chi_Minh", "likes": 0, "type": null, "creation_time": 1529009349.0, "location_id": 6835646, "id": 5166172, "supertype": "normal", "is_deleted": false, "description": null, "weather_temperature": 20.0, "start_time": 1299128402.0, "views": 0, "location": {"lon": 107.583395394988, "country_code": "VN", "lat": 16.4670776317354, "id": 6835646, "full_detail": "Th\u1eeba Thi\u00ean-Hu\u1ebf, Vietnam", "uuid": "23ecab73-4070-41f2-8b4e-17c4f550154e", "venue": null, "detail": "Vietnam", "name": "Hue"}, "trip_id": 723933, "end_time": null, "main_media_item_path": null, "name": null, "uuid": "0f4c170e-05a4-467b-8359-b84fd08f41db", "fb_publish_status": null, "weather_condition": "cloudy", "slug": "hue", "comment_count": 0}, {"open_graph_id": null, "timezone_id": "Asia/Ho_Chi_Minh", "likes": 0, "type": null, "creation_time": 1529009385.0, "location_id": 6835696, "id": 5166175, "supertype": "normal", "is_deleted": false, "description": null, "weather_temperature": 20.0, "start_time": 1299128402.0, "views": 0, "location": {"lon": 108.331902441814, "country_code": "VN", "lat": 15.8853320261577, "id": 6835696, "full_detail": "Qu\u1ea3ng Nam, Vietnam", "uuid": "9b42db4f-bdc3-4c34-a6b5-b35ea9d62d2f", "venue": null, "detail": "Vietnam", "name": "H\u1ed9i An"}, "trip_id": 723933, "end_time": null, "main_media_item_path": null, "name": null, "uuid": "af552706-7967-4683-ac41-56a7b62cf2bc", "fb_publish_status": null, "weather_condition": "partly-cloudy-night", "slug": "hoi-an", "comment_count": 0}, {"open_graph_id": null, "timezone_id": "Asia/Ho_Chi_Minh", "likes": 0, "type": null, "creation_time": 1529010034.0, "location_id": 6835845, "id": 5166321, "supertype": "normal", "is_deleted": false, "description": null, "weather_temperature": 28.0, "start_time": 1299398402.0, "views": 0, "location": {"lon": 108.33333, "country_code": "VN", "lat": 15.88333, "id": 6835845, "full_detail": "Qu\u1ea3ng Nam, Vietnam", "uuid": "f87e0e73-288c-4834-beea-e910eb8928f5", "venue": null, "detail": "Vietnam", "name": "H\u1ed9i An"}, "trip_id": 723933, "end_time": null, "main_media_item_path": null, "name": null, "uuid": "33e1f056-4f00-4e9f-b7b6-e8300b46cb05", "fb_publish_status": null, "weather_condition": "clear-day", "slug": "hoi-an", "comment_count": 0}, {"open_graph_id": null, "timezone_id": "Asia/Ho_Chi_Minh", "likes": 0, "type": null, "creation_time": 1529010112.0, "location_id": 6835866, "id": 5166339, "supertype": "normal", "is_deleted": false, "description": null, "weather_temperature": 25.0, "start_time": 1299639602.0, "views": 0, "location": {"lon": 109.18333, "country_code": "VN", "lat": 12.25, "id": 6835866, "full_detail": "Kh\u00e1nh H\u00f2a, Vietnam", "uuid": "23ea0c95-4332-4803-b546-6b42e0f06e9f", "venue": null, "detail": "Vietnam", "name": "Nha Trang"}, "trip_id": 723933, "end_time": null, "main_media_item_path": null, "name": null, "uuid": "a3002f15-3cf8-4215-9c03-aca8d10a8163", "fb_publish_status": null, "weather_condition": "partly-cloudy-day", "slug": "nha-trang", "comment_count": 0}, {"open_graph_id": null, "timezone_id": "Asia/Ho_Chi_Minh", "likes": 0, "type": null, "creation_time": 1529010164.0, "location_id": 6835879, "id": 5166350, "supertype": "normal", "is_deleted": false, "description": null, "weather_temperature": 24.0, "start_time": 1299992402.0, "views": 0, "location": {"lon": 108.43833, "country_code": "VN", "lat": 11.94167, "id": 6835879, "full_detail": "L\u00e2m \u0110\u1ed3ng, Vietnam", "uuid": "02957ad7-e8de-4a1b-bccc-e13fb80a0c99", "venue": null, "detail": "Vietnam", "name": "Da Lat"}, "trip_id": 723933, "end_time": null, "main_media_item_path": null, "name": null, "uuid": "02844874-ce81-4520-b697-3d07287dce04", "fb_publish_status": null, "weather_condition": "partly-cloudy-day", "slug": "da-lat", "comment_count": 0}, {"open_graph_id": null, "timezone_id": "Asia/Ho_Chi_Minh", "likes": 0, "type": null, "creation_time": 1529010240.0, "location_id": 6835899, "id": 5166366, "supertype": "normal", "is_deleted": false, "description": null, "weather_temperature": 25.0, "start_time": 1300165202.0, "views": 0, "location": {"lon": 108.29, "country_code": "VN", "lat": 10.94, "id": 6835899, "full_detail": "B\u00ecnh Thu\u1eadn, Vietnam", "uuid": "86b82a38-7efb-44ff-bf17-673ea50c1be5", "venue": null, "detail": "Vietnam", "name": "Phan Thiet"}, "trip_id": 723933, "end_time": null, "main_media_item_path": null, "name": null, "uuid": "a5ff0c02-1abb-44e7-a359-c2f431577750", "fb_publish_status": null, "weather_condition": "partly-cloudy-day", "slug": "phan-thiet", "comment_count": 0}, {"open_graph_id": null, "timezone_id": "Asia/Ho_Chi_Minh", "likes": 0, "type": null, "creation_time": 1529010363.0, "location_id": 6835922, "id": 5166385, "supertype": "normal", "is_deleted": false, "description": null, "weather_temperature": null, "start_time": 1300338002.0, "views": 0, "location": {"lon": 106.685716177289, "country_code": "VN", "lat": 10.7796515997601, "id": 6835922, "full_detail": "Vietnam", "uuid": "02212192-fbaf-4548-9980-a7aad6d85b13", "venue": null, "detail": "Vietnam", "name": "Ho Chi Minh"}, "trip_id": 723933, "end_time": null, "main_media_item_path": null, "name": null, "uuid": "e03079ea-b56d-44b1-8301-4cf527911bb4", "fb_publish_status": null, "weather_condition": null, "slug": "ho-chi-minh", "comment_count": 0}, {"open_graph_id": null, "timezone_id": "Asia/Phnom_Penh", "likes": 0, "type": null, "creation_time": 1529010431.0, "location_id": 6835941, "id": 5166400, "supertype": "normal", "is_deleted": false, "description": null, "weather_temperature": null, "start_time": 1300780802.0, "views": 0, "location": {"lon": 104.925477031124, "country_code": "KH", "lat": 11.5715900091485, "id": 6835941, "full_detail": "Cambodia", "uuid": "71dadfd3-84ca-4855-84f6-1ff4583b31bb", "venue": null, "detail": "Cambodia", "name": "Phnom Penh"}, "trip_id": 723933, "end_time": null, "main_media_item_path": null, "name": null, "uuid": "f08702ed-cdc9-4616-8379-93346069158b", "fb_publish_status": null, "weather_condition": null, "slug": "phnom-penh", "comment_count": 0}, {"open_graph_id": null, "timezone_id": "Asia/Phnom_Penh", "likes": 0, "type": null, "creation_time": 1529010462.0, "location_id": 6835965, "id": 5166423, "supertype": "normal", "is_deleted": false, "description": null, "weather_temperature": 26.0, "start_time": 1301063402.0, "views": 0, "location": {"lon": 103.859709370591, "country_code": "KH", "lat": 13.3617196553146, "id": 6835965, "full_detail": "Siem Reap Province, Cambodia", "uuid": "f5107c21-7c64-42d8-a9e0-4ed3746e92f5", "venue": null, "detail": "Cambodia", "name": "Siem Reap"}, "trip_id": 723933, "end_time": null, "main_media_item_path": null, "name": null, "uuid": "17d617f2-5fd0-4362-a802-becd103d9aca", "fb_publish_status": null, "weather_condition": "partly-cloudy-night", "slug": "siem-reap", "comment_count": 0}, {"open_graph_id": null, "timezone_id": "Asia/Bangkok", "likes": 0, "type": null, "creation_time": 1529010594.0, "location_id": 6835982, "id": 5166438, "supertype": "normal", "is_deleted": false, "description": null, "weather_temperature": 31.0, "start_time": 1301547602.0, "views": 0, "location": {"lon": 100.51667, "country_code": "TH", "lat": 13.75, "id": 6835982, "full_detail": "Bangkok Metropolitan Region, Thailand", "uuid": "228300ff-fd60-4c42-9f3b-c2c9c9ad1ff9", "venue": null, "detail": "Thailand", "name": "Bangkok"}, "trip_id": 723933, "end_time": null, "main_media_item_path": null, "name": null, "uuid": "142d2499-abc2-45af-a9b0-2c9253995fea", "fb_publish_status": null, "weather_condition": "partly-cloudy-day", "slug": "bangkok", "comment_count": 0}, {"open_graph_id": null, "timezone_id": "Australia/Sydney", "likes": 0, "type": null, "creation_time": 1529010803.0, "location_id": 6836019, "id": 5166468, "supertype": "normal", "is_deleted": false, "description": null, "weather_temperature": 18.0, "start_time": 1301990402.0, "views": 0, "location": {"lon": 151.21, "country_code": "AU", "lat": -33.868, "id": 6836019, "full_detail": "New South Wales, Australia", "uuid": "bad4e3d8-1c9f-4eb9-af82-6fae3ff9b112", "venue": null, "detail": "Australia", "name": "Sydney"}, "trip_id": 723933, "end_time": null, "main_media_item_path": null, "name": null, "uuid": "00256c3d-39f7-4105-af94-697cb9658543", "fb_publish_status": null, "weather_condition": "partly-cloudy-night", "slug": "sydney", "comment_count": 0}, {"open_graph_id": null, "timezone_id": "Australia/Sydney", "likes": 0, "type": null, "creation_time": 1529011295.0, "location_id": 6836123, "id": 5166551, "supertype": "normal", "is_deleted": false, "description": null, "weather_temperature": 23.0, "start_time": 1302314402.0, "views": 0, "location": {"lon": 151.7813, "country_code": "AU", "lat": -32.9273, "id": 6836123, "full_detail": "New South Wales, Australia", "uuid": "fe63026a-8c54-48ab-978e-8838192a3402", "venue": null, "detail": "Australia", "name": "Newcastle"}, "trip_id": 723933, "end_time": null, "main_media_item_path": null, "name": null, "uuid": "ea20ae52-4b0c-4238-9e94-4667ea235990", "fb_publish_status": null, "weather_condition": "partly-cloudy-day", "slug": "newcastle", "comment_count": 0}, {"open_graph_id": null, "timezone_id": "Australia/Sydney", "likes": 0, "type": null, "creation_time": 1529011352.0, "location_id": 6836131, "id": 5166558, "supertype": "normal", "is_deleted": false, "description": null, "weather_temperature": null, "start_time": 1302573602.0, "views": 0, "location": {"lon": 152.9104, "country_code": "AU", "lat": -31.4299, "id": 6836131, "full_detail": "New South Wales, Australia", "uuid": "aa212f6a-f8ab-42be-b485-3fb94e3ce8cf", "venue": null, "detail": "Australia", "name": "Port Macquarie"}, "trip_id": 723933, "end_time": null, "main_media_item_path": null, "name": null, "uuid": "5423a2e4-a498-4161-979c-5b98efb48ea0", "fb_publish_status": null, "weather_condition": null, "slug": "port-macquarie", "comment_count": 0}, {"open_graph_id": null, "timezone_id": "Australia/Sydney", "likes": 0, "type": null, "creation_time": 1529012367.0, "location_id": 6836347, "id": 5166736, "supertype": "normal", "is_deleted": false, "description": null, "weather_temperature": 16.0, "start_time": 1302789602.0, "views": 0, "location": {"lon": 153.116115792424, "country_code": "AU", "lat": -30.2979982224557, "id": 6836347, "full_detail": "New South Wales, Australia", "uuid": "6c73b838-7b2c-4d2d-bfdf-48fc987ac684", "venue": null, "detail": "Australia", "name": "New South Wales"}, "trip_id": 723933, "end_time": null, "main_media_item_path": null, "name": "Coffs Harbour??", "uuid": "8dee9b3f-415e-4a70-8244-535a0e58b56d", "fb_publish_status": null, "weather_condition": "partly-cloudy-night", "slug": "new-south-wales", "comment_count": 0}, {"open_graph_id": null, "timezone_id": "Australia/Sydney", "likes": 0, "type": null, "creation_time": 1529012460.0, "location_id": 6836350, "id": 5166747, "supertype": "normal", "is_deleted": false, "description": null, "weather_temperature": null, "start_time": 1303092002.0, "views": 0, "location": {"lon": 153.614, "country_code": "AU", "lat": -28.6434, "id": 6836350, "full_detail": "New South Wales, Australia", "uuid": "fc72f3a2-e02e-4764-b62d-dd563e94083b", "venue": null, "detail": "Australia", "name": "Byron Bay"}, "trip_id": 723933, "end_time": null, "main_media_item_path": null, "name": "Byron Bay?", "uuid": "df6444e1-a863-4681-997e-79f952f083dd", "fb_publish_status": null, "weather_condition": null, "slug": "byron-bay", "comment_count": 0}, {"open_graph_id": null, "timezone_id": "Australia/Brisbane", "likes": 0, "type": null, "creation_time": 1529012487.0, "location_id": 6836356, "id": 5166753, "supertype": "normal", "is_deleted": false, "description": null, "weather_temperature": 25.0, "start_time": 1303264802.0, "views": 0, "location": {"lon": 153.4146, "country_code": "AU", "lat": -28.0024, "id": 6836356, "full_detail": "Queensland, Australia", "uuid": "7d3e2a3b-cdff-4772-98d4-1209d4034945", "venue": null, "detail": "Australia", "name": "Gold Coast"}, "trip_id": 723933, "end_time": null, "main_media_item_path": null, "name": null, "uuid": "3078b2c0-4746-4e08-9d82-c03cee2602d8", "fb_publish_status": null, "weather_condition": "partly-cloudy-day", "slug": "gold-coast", "comment_count": 0}, {"open_graph_id": null, "timezone_id": "Australia/Brisbane", "likes": 0, "type": null, "creation_time": 1529011192.0, "location_id": 6836106, "id": 5166530, "supertype": "normal", "is_deleted": false, "description": null, "weather_temperature": null, "start_time": 1303696802.0, "views": 0, "location": {"lon": 153.0235, "country_code": "AU", "lat": -27.469, "id": 6836106, "full_detail": "Queensland, Australia", "uuid": "253075bb-4ffb-4236-9491-98f9fa26ef0e", "venue": null, "detail": "Australia", "name": "Brisbane"}, "trip_id": 723933, "end_time": null, "main_media_item_path": null, "name": null, "uuid": "c0f1e88a-48de-4175-944f-2b853df6d093", "fb_publish_status": null, "weather_condition": null, "slug": "brisbane", "comment_count": 0}, {"open_graph_id": null, "timezone_id": "Australia/Brisbane", "likes": 0, "type": null, "creation_time": 1529011092.0, "location_id": 6836083, "id": 5166521, "supertype": "normal", "is_deleted": false, "description": null, "weather_temperature": 19.0, "start_time": 1304301602.0, "views": 0, "location": {"lon": 153.181992910984, "country_code": "AU", "lat": -25.2863702267873, "id": 6836083, "full_detail": "Queensland, Australia", "uuid": "d99e9ecb-37db-484c-918f-25663f37a9f7", "venue": null, "detail": "Australia", "name": "Queensland"}, "trip_id": 723933, "end_time": null, "main_media_item_path": null, "name": "Fraser Island", "uuid": "03033851-c792-4fb0-be30-ab4f78126bc5", "fb_publish_status": null, "weather_condition": "partly-cloudy-day", "slug": "queensland", "comment_count": 0}, {"open_graph_id": null, "timezone_id": "Australia/Brisbane", "likes": 0, "type": null, "creation_time": 1529011845.0, "location_id": 6836232, "id": 5166647, "supertype": "normal", "is_deleted": false, "description": null, "weather_temperature": 19.0, "start_time": 1304560802.0, "views": 0, "location": {"lon": 153.0897, "country_code": "AU", "lat": -25.9036, "id": 6836232, "full_detail": "Queensland, Australia", "uuid": "2e7e198c-c272-4cc5-8019-f98c8770c9f8", "venue": null, "detail": "Australia", "name": "Rainbow Beach"}, "trip_id": 723933, "end_time": null, "main_media_item_path": null, "name": null, "uuid": "73884e50-b772-4de1-99bb-4daaacd81e2b", "fb_publish_status": null, "weather_condition": "clear-day", "slug": "rainbow-beach", "comment_count": 0}, {"open_graph_id": null, "timezone_id": "Australia/Brisbane", "likes": 0, "type": null, "creation_time": 1529011819.0, "location_id": 6836218, "id": 5166635, "supertype": "normal", "is_deleted": false, "description": null, "weather_temperature": 18.0, "start_time": 1304647202.0, "views": 0, "location": {"lon": 152.2768, "country_code": "AU", "lat": -25.2345, "id": 6836218, "full_detail": "Queensland, Australia", "uuid": "275d878a-a0cb-4b4d-ae58-68efb39c71ed", "venue": null, "detail": "Australia", "name": "Childers"}, "trip_id": 723933, "end_time": null, "main_media_item_path": null, "name": null, "uuid": "c6d1fbd8-94f8-45cb-aa70-7edd07fa9906", "fb_publish_status": null, "weather_condition": "partly-cloudy-day", "slug": "childers", "comment_count": 0}, {"open_graph_id": null, "timezone_id": "Australia/Brisbane", "likes": 0, "type": null, "creation_time": 1529011994.0, "location_id": 6836264, "id": 5166670, "supertype": "normal", "is_deleted": false, "description": null, "weather_temperature": 19.0, "start_time": 1308362402.0, "views": 0, "location": {"lon": 148.7169, "country_code": "AU", "lat": -20.2675, "id": 6836264, "full_detail": "Queensland, Australia", "uuid": "71ae0d03-e5b3-4816-9898-869cbc0a8893", "venue": null, "detail": "Australia", "name": "Airlie Beach"}, "trip_id": 723933, "end_time": null, "main_media_item_path": null, "name": null, "uuid": "5f8cb7df-b5fc-4c20-bcc8-c4e666d12bc3", "fb_publish_status": null, "weather_condition": "partly-cloudy-day", "slug": "airlie-beach", "comment_count": 0}, {"open_graph_id": null, "timezone_id": "Australia/Brisbane", "likes": 0, "type": null, "creation_time": 1529012338.0, "location_id": 6836320, "id": 5166720, "supertype": "normal", "is_deleted": false, "description": null, "weather_temperature": 23.0, "start_time": 1308621602.0, "views": 0, "location": {"lon": 145.7719, "country_code": "AU", "lat": -16.9205, "id": 6836320, "full_detail": "Queensland, Australia", "uuid": "63ceda5f-d0eb-4d4f-a11c-946c419f8ade", "venue": null, "detail": "Australia", "name": "Cairns"}, "trip_id": 723933, "end_time": null, "main_media_item_path": null, "name": "Cairns?", "uuid": "ee943995-a154-41c0-b7a3-7dd415be76d3", "fb_publish_status": null, "weather_condition": "partly-cloudy-day", "slug": "cairns", "comment_count": 0}, {"open_graph_id": null, "timezone_id": "Australia/Darwin", "likes": 0, "type": null, "creation_time": 1529012117.0, "location_id": 6836284, "id": 5166686, "supertype": "normal", "is_deleted": false, "description": null, "weather_temperature": null, "start_time": 1308969002.0, "views": 0, "location": {"lon": 133.8813, "country_code": "AU", "lat": -23.6984, "id": 6836284, "full_detail": "Northern Territory, Australia", "uuid": "3f2a428a-9d59-4714-bd4a-becd61ebd040", "venue": null, "detail": "Australia", "name": "Alice Springs"}, "trip_id": 723933, "end_time": null, "main_media_item_path": null, "name": null, "uuid": "402d4c61-2a81-4c39-b7b3-01971b76714b", "fb_publish_status": null, "weather_condition": null, "slug": "alice-springs", "comment_count": 0}, {"open_graph_id": null, "timezone_id": "Australia/Sydney", "likes": 0, "type": null, "creation_time": 1529016189.0, "location_id": 6837035, "id": 5167328, "supertype": "normal", "is_deleted": false, "description": null, "weather_temperature": 15.0, "start_time": 1309302002.0, "views": 0, "location": {"lon": 151.21, "country_code": "AU", "lat": -33.868, "id": 6837035, "full_detail": "New South Wales, Australia", "uuid": "4be5ae09-6dba-4a6c-9760-daf48c6bd4a0", "venue": null, "detail": "Australia", "name": "Sydney"}, "trip_id": 723933, "end_time": null, "main_media_item_path": null, "name": null, "uuid": "f96efd54-dfd4-4738-bd4e-7d925d342dc3", "fb_publish_status": null, "weather_condition": "partly-cloudy-day", "slug": "sydney", "comment_count": 0}, {"open_graph_id": null, "timezone_id": "Pacific/Auckland", "likes": 0, "type": null, "creation_time": 1529010825.0, "location_id": 6836028, "id": 5166475, "supertype": "normal", "is_deleted": false, "description": null, "weather_temperature": 11.0, "start_time": 1309327202.0, "views": 0, "location": {"lon": 174.78333, "country_code": "NZ", "lat": -36.85, "id": 6836028, "full_detail": "Auckland Region, New Zealand", "uuid": "80b6dcab-1f92-45bb-8b49-075d6ce007cd", "venue": null, "detail": "New Zealand", "name": "Auckland"}, "trip_id": 723933, "end_time": null, "main_media_item_path": null, "name": null, "uuid": "688d81ca-d84b-4df8-b716-8c7c1c430728", "fb_publish_status": null, "weather_condition": "clear-night", "slug": "auckland", "comment_count": 0}, {"open_graph_id": null, "timezone_id": "America/Los_Angeles", "likes": 0, "type": null, "creation_time": 1529012644.0, "location_id": 6836419, "id": 5166806, "supertype": "normal", "is_deleted": false, "description": null, "weather_temperature": 25.0, "start_time": 1311188402.0, "views": 0, "location": {"lon": -118.244096184284, "country_code": "US", "lat": 34.0542374597127, "id": 6836419, "full_detail": "California, United States", "uuid": "9dc60bcb-4587-45f2-9611-1809f2423c68", "venue": null, "detail": "United States", "name": "Los Angeles"}, "trip_id": 723933, "end_time": null, "main_media_item_path": null, "name": null, "uuid": "c7a4799f-7abe-4aa3-845d-2f456397cef5", "fb_publish_status": null, "weather_condition": "clear-day", "slug": "los-angeles", "comment_count": 0}, {"open_graph_id": null, "timezone_id": "America/Los_Angeles", "likes": 0, "type": null, "creation_time": 1529012807.0, "location_id": 6836437, "id": 5166821, "supertype": "normal", "is_deleted": false, "description": null, "weather_temperature": 14.0, "start_time": 1311346802.0, "views": 0, "location": {"lon": -122.463, "country_code": "US", "lat": 37.7648, "id": 6836437, "full_detail": "California, United States", "uuid": "e7aeb740-c1ef-4095-b526-abc456e135f7", "venue": null, "detail": "United States", "name": "San Francisco"}, "trip_id": 723933, "end_time": null, "main_media_item_path": null, "name": null, "uuid": "fff375d8-8985-47a1-a45e-ace46f542e78", "fb_publish_status": null, "weather_condition": "partly-cloudy-day", "slug": "san-francisco", "comment_count": 0}, {"open_graph_id": null, "timezone_id": "America/Los_Angeles", "likes": 0, "type": null, "creation_time": 1529012979.0, "location_id": 6836449, "id": 5166833, "supertype": "normal", "is_deleted": false, "description": null, "weather_temperature": null, "start_time": 1311447602.0, "views": 0, "location": {"lon": -119.5779, "country_code": "US", "lat": 37.7407, "id": 6836449, "full_detail": "California, United States", "uuid": "3aeba640-e31e-40b5-b942-1020cb3de494", "venue": null, "detail": "United States", "name": "Yosemite National Park"}, "trip_id": 723933, "end_time": null, "main_media_item_path": null, "name": null, "uuid": "9c7fa1a3-ebe0-4b89-9cb3-e2de1bc217e2", "fb_publish_status": null, "weather_condition": null, "slug": "yosemite-national-park", "comment_count": 0}, {"open_graph_id": null, "timezone_id": "America/Los_Angeles", "likes": 0, "type": null, "creation_time": 1529013094.0, "location_id": 6836468, "id": 5166848, "supertype": "normal", "is_deleted": false, "description": null, "weather_temperature": 37.0, "start_time": 1311534002.0, "views": 0, "location": {"lon": -115.1492, "country_code": "US", "lat": 36.1663, "id": 6836468, "full_detail": "Nevada, United States", "uuid": "40aecd7e-7a7b-497f-8e6a-bd31996bb6a3", "venue": null, "detail": "United States", "name": "Las Vegas"}, "trip_id": 723933, "end_time": null, "main_media_item_path": null, "name": null, "uuid": "085ceee6-42c8-43d9-9eab-28694fd42e0c", "fb_publish_status": null, "weather_condition": "clear-day", "slug": "las-vegas", "comment_count": 0}, {"open_graph_id": null, "timezone_id": "America/Phoenix", "likes": 0, "type": null, "creation_time": 1529013120.0, "location_id": 6836485, "id": 5166863, "supertype": "normal", "is_deleted": false, "description": null, "weather_temperature": 18.0, "start_time": 1311706802.0, "views": 0, "location": {"lon": -111.6514, "country_code": "US", "lat": 35.1995, "id": 6836485, "full_detail": "Arizona, United States", "uuid": "0e5fd94f-f74e-4a54-a921-350bc66a4608", "venue": null, "detail": "United States", "name": "Flagstaff"}, "trip_id": 723933, "end_time": null, "main_media_item_path": null, "name": null, "uuid": "23628ea6-dc51-4f29-a740-8c6cb8cc9186", "fb_publish_status": null, "weather_condition": "cloudy", "slug": "flagstaff", "comment_count": 0}, {"open_graph_id": null, "timezone_id": "America/Denver", "likes": 0, "type": null, "creation_time": 1529013485.0, "location_id": 6836549, "id": 5166917, "supertype": "normal", "is_deleted": false, "description": null, "weather_temperature": null, "start_time": 1311823802.0, "views": 0, "location": {"lon": -106.651, "country_code": "US", "lat": 35.0841, "id": 6836549, "full_detail": "New Mexico, United States", "uuid": "c6de9850-dcd0-44af-9e5a-2aa14bfd5af0", "venue": null, "detail": "United States", "name": "Albuquerque"}, "trip_id": 723933, "end_time": null, "main_media_item_path": null, "name": null, "uuid": "2d960b19-2202-4658-8ce8-deae5ab15a34", "fb_publish_status": null, "weather_condition": null, "slug": "albuquerque", "comment_count": 0}, {"open_graph_id": null, "timezone_id": "America/Denver", "likes": 0, "type": null, "creation_time": 1529013226.0, "location_id": 6836498, "id": 5166871, "supertype": "normal", "is_deleted": false, "description": null, "weather_temperature": 28.0, "start_time": 1311876002.0, "views": 0, "location": {"lon": -104.9653, "country_code": "US", "lat": 39.7348, "id": 6836498, "full_detail": "Colorado, United States", "uuid": "41ae00e5-89dd-48be-8998-fd7914d7e730", "venue": null, "detail": "United States", "name": "Denver"}, "trip_id": 723933, "end_time": null, "main_media_item_path": null, "name": null, "uuid": "921869c3-f503-494a-9b75-9bf85f872e6a", "fb_publish_status": null, "weather_condition": "partly-cloudy-day", "slug": "denver", "comment_count": 0}, {"open_graph_id": null, "timezone_id": "America/Denver", "likes": 0, "type": null, "creation_time": 1529013298.0, "location_id": 6836520, "id": 5166890, "supertype": "normal", "is_deleted": false, "description": null, "weather_temperature": 28.0, "start_time": 1311962402.0, "views": 0, "location": {"lon": -103.228, "country_code": "US", "lat": 44.0812, "id": 6836520, "full_detail": "South Dakota, United States", "uuid": "a2b1275c-74e4-4a00-9e38-c35c6e1108bd", "venue": null, "detail": "United States", "name": "Rapid City"}, "trip_id": 723933, "end_time": null, "main_media_item_path": null, "name": null, "uuid": "317b657d-4286-47cf-9e73-10cb5fbf246d", "fb_publish_status": null, "weather_condition": "clear-day", "slug": "rapid-city", "comment_count": 0}, {"open_graph_id": null, "timezone_id": "America/Chicago", "likes": 0, "type": null, "creation_time": 1529013390.0, "location_id": 6836533, "id": 5166902, "supertype": "normal", "is_deleted": false, "description": null, "weather_temperature": 21.0, "start_time": 1312110002.0, "views": 0, "location": {"lon": -87.6244, "country_code": "US", "lat": 41.8756, "id": 6836533, "full_detail": "Illinois, United States", "uuid": "1b6053b8-41a6-48e6-a1d3-78a1cfd17bf5", "venue": null, "detail": "United States", "name": "Chicago"}, "trip_id": 723933, "end_time": null, "main_media_item_path": null, "name": null, "uuid": "7fcc5c78-a47c-4004-b7ae-1a84814b6b84", "fb_publish_status": null, "weather_condition": "partly-cloudy-day", "slug": "chicago", "comment_count": 0}, {"open_graph_id": null, "timezone_id": "America/Chicago", "likes": 0, "type": null, "creation_time": 1529013266.0, "location_id": 6836510, "id": 5166881, "supertype": "normal", "is_deleted": false, "description": null, "weather_temperature": 33.0, "start_time": 1312218002.0, "views": 0, "location": {"lon": -90.19, "country_code": "US", "lat": 38.63, "id": 6836510, "full_detail": "Missouri, United States", "uuid": "c41eb809-c311-463f-9608-310104645cec", "venue": null, "detail": "United States", "name": "St. Louis"}, "trip_id": 723933, "end_time": null, "main_media_item_path": null, "name": null, "uuid": "b0af80af-90af-4857-9ccc-6691002ad4df", "fb_publish_status": null, "weather_condition": "partly-cloudy-day", "slug": "st-louis", "comment_count": 0}, {"open_graph_id": null, "timezone_id": "America/Chicago", "likes": 0, "type": null, "creation_time": 1529013586.0, "location_id": 6836568, "id": 5166934, "supertype": "normal", "is_deleted": false, "description": null, "weather_temperature": null, "start_time": 1312358402.0, "views": 0, "location": {"lon": -86.7744, "country_code": "US", "lat": 36.1622, "id": 6836568, "full_detail": "Tennessee, United States", "uuid": "5a085513-270f-41a4-a94f-8ff88b5f2661", "venue": null, "detail": "United States", "name": "Nashville"}, "trip_id": 723933, "end_time": null, "main_media_item_path": null, "name": null, "uuid": "731b879a-965d-4722-a120-25a5a84178f0", "fb_publish_status": null, "weather_condition": null, "slug": "nashville", "comment_count": 0}, {"open_graph_id": null, "timezone_id": "America/Chicago", "likes": 0, "type": null, "creation_time": 1529013927.0, "location_id": 6836637, "id": 5166994, "supertype": "normal", "is_deleted": false, "description": null, "weather_temperature": null, "start_time": 1312477202.0, "views": 0, "location": {"lon": -90.0516, "country_code": "US", "lat": 35.149, "id": 6836637, "full_detail": "Tennessee, United States", "uuid": "3bab835e-9b45-492c-b7b0-02d45792e3c4", "venue": null, "detail": "United States", "name": "Memphis"}, "trip_id": 723933, "end_time": null, "main_media_item_path": null, "name": null, "uuid": "25ea54c4-e6d2-4834-8884-3c79b1f4c88b", "fb_publish_status": null, "weather_condition": null, "slug": "memphis", "comment_count": 0}, {"open_graph_id": null, "timezone_id": "America/Chicago", "likes": 0, "type": null, "creation_time": 1529014150.0, "location_id": 6836677, "id": 5167023, "supertype": "normal", "is_deleted": false, "description": null, "weather_temperature": null, "start_time": 1312549202.0, "views": 0, "location": {"lon": -96.7969, "country_code": "US", "lat": 32.7763, "id": 6836677, "full_detail": "Texas, United States", "uuid": "2a2ec2c6-8e50-4a7a-ba23-ec783c54df20", "venue": null, "detail": "United States", "name": "Dallas"}, "trip_id": 723933, "end_time": null, "main_media_item_path": null, "name": null, "uuid": "75f5157d-04c7-4249-a785-6c3d0cc8acaa", "fb_publish_status": null, "weather_condition": null, "slug": "dallas", "comment_count": 0}, {"open_graph_id": null, "timezone_id": "America/New_York", "likes": 0, "type": null, "creation_time": 1529013796.0, "location_id": 6836608, "id": 5166967, "supertype": "normal", "is_deleted": false, "description": null, "weather_temperature": 23.0, "start_time": 1312624802.0, "views": 0, "location": {"lon": -84.3902, "country_code": "US", "lat": 33.7491, "id": 6836608, "full_detail": "Georgia, United States", "uuid": "8f998171-eaa7-4d4c-9d1e-998f5347455f", "venue": null, "detail": "United States", "name": "Atlanta"}, "trip_id": 723933, "end_time": null, "main_media_item_path": null, "name": null, "uuid": "b79db7d7-54e8-4603-a57c-8d2f5b25be68", "fb_publish_status": null, "weather_condition": "partly-cloudy-night", "slug": "atlanta", "comment_count": 0}, {"open_graph_id": null, "timezone_id": "America/New_York", "likes": 0, "type": null, "creation_time": 1529014526.0, "location_id": 6836738, "id": 5167074, "supertype": "normal", "is_deleted": false, "description": null, "weather_temperature": null, "start_time": 1312718402.0, "views": 0, "location": {"lon": -81.6557, "country_code": "US", "lat": 30.3322, "id": 6836738, "full_detail": "Florida, United States", "uuid": "96500c59-3625-460c-8c9b-ceda45c8c2ba", "venue": null, "detail": "United States", "name": "Jacksonville"}, "trip_id": 723933, "end_time": null, "main_media_item_path": null, "name": null, "uuid": "3f0e0aa8-b61b-430c-a871-c62e8cab72ee", "fb_publish_status": null, "weather_condition": null, "slug": "jacksonville", "comment_count": 0}, {"open_graph_id": null, "timezone_id": "America/New_York", "likes": 0, "type": null, "creation_time": 1529014695.0, "location_id": 6836767, "id": 5167090, "supertype": "normal", "is_deleted": false, "description": null, "weather_temperature": 24.0, "start_time": 1312804802.0, "views": 0, "location": {"lon": -78.6391, "country_code": "US", "lat": 35.7804, "id": 6836767, "full_detail": "North Carolina, United States", "uuid": "6ee20501-2412-47db-8d26-5f8af86d05dd", "venue": null, "detail": "United States", "name": "Raleigh"}, "trip_id": 723933, "end_time": null, "main_media_item_path": null, "name": null, "uuid": "b83d8d1c-de55-42cd-a967-f7e163125c73", "fb_publish_status": null, "weather_condition": "clear-day", "slug": "raleigh", "comment_count": 0}, {"open_graph_id": null, "timezone_id": "America/New_York", "likes": 0, "type": null, "creation_time": 1529014270.0, "location_id": 6836696, "id": 5167041, "supertype": "normal", "is_deleted": false, "description": null, "weather_temperature": 22.0, "start_time": 1312869602.0, "views": 0, "location": {"lon": -75.1327, "country_code": "US", "lat": 40.0115, "id": 6836696, "full_detail": "Pennsylvania, United States", "uuid": "a4a54f3e-d53a-4266-9bdd-13c6e6c0cb32", "venue": null, "detail": "United States", "name": "Philadelphia"}, "trip_id": 723933, "end_time": null, "main_media_item_path": null, "name": null, "uuid": "7db65b42-4b5b-488f-8b87-a878ceb9d731", "fb_publish_status": null, "weather_condition": "clear-night", "slug": "philadelphia", "comment_count": 0}, {"open_graph_id": null, "timezone_id": "America/New_York", "likes": 0, "type": null, "creation_time": 1529014611.0, "location_id": 6836745, "id": 5167078, "supertype": "normal", "is_deleted": false, "description": null, "weather_temperature": null, "start_time": 1312907402.0, "views": 0, "location": {"lon": -77.0366, "country_code": "US", "lat": 38.895, "id": 6836745, "full_detail": "District of Columbia, United States", "uuid": "51cdc439-50aa-444f-b8d1-53e607e9eeb8", "venue": null, "detail": "United States", "name": "Washington"}, "trip_id": 723933, "end_time": null, "main_media_item_path": null, "name": null, "uuid": "963439ea-277c-4c53-a022-6df6550bdfee", "fb_publish_status": null, "weather_condition": null, "slug": "washington", "comment_count": 0}, {"open_graph_id": null, "timezone_id": "America/New_York", "likes": 0, "type": null, "creation_time": 1529014960.0, "location_id": 6836796, "id": 5167114, "supertype": "normal", "is_deleted": false, "description": null, "weather_temperature": 26.0, "start_time": 1313164802.0, "views": 0, "location": {"lon": -73.9808, "country_code": "US", "lat": 40.7648, "id": 6836796, "full_detail": "New York, United States", "uuid": "edda352c-bc81-4dae-ab49-9b24cab4a34c", "venue": null, "detail": "United States", "name": "New York City"}, "trip_id": 723933, "end_time": null, "main_media_item_path": null, "name": null, "uuid": "599feeee-9164-43e4-980b-61e3070f78ac", "fb_publish_status": null, "weather_condition": "clear-day", "slug": "new-york-city", "comment_count": 0}, {"open_graph_id": null, "timezone_id": "America/New_York", "likes": 0, "type": null, "creation_time": 1529015187.0, "location_id": 6836833, "id": 5167144, "supertype": "normal", "is_deleted": false, "description": null, "weather_temperature": 23.0, "start_time": 1313596802.0, "views": 0, "location": {"lon": -68.7778, "country_code": "US", "lat": 44.8012, "id": 6836833, "full_detail": "Maine, United States", "uuid": "2873c44a-b972-4cce-8ba2-4031e946a6cc", "venue": null, "detail": "United States", "name": "Bangor"}, "trip_id": 723933, "end_time": null, "main_media_item_path": null, "name": null, "uuid": "35f72d89-46bf-4bfa-a48a-eca59412e4cf", "fb_publish_status": null, "weather_condition": "clear-day", "slug": "bangor", "comment_count": 0}, {"open_graph_id": null, "timezone_id": "America/Montreal", "likes": 0, "type": null, "creation_time": 1529015470.0, "location_id": 6836891, "id": 5167196, "supertype": "normal", "is_deleted": false, "description": null, "weather_temperature": null, "start_time": 1313712002.0, "views": 0, "location": {"lon": -71.2349, "country_code": "CA", "lat": 46.8257, "id": 6836891, "full_detail": "Quebec, Canada", "uuid": "70f6be08-55ef-4c03-8745-81d194329328", "venue": null, "detail": "Canada", "name": "Quebec City"}, "trip_id": 723933, "end_time": null, "main_media_item_path": null, "name": null, "uuid": "fbca2285-1669-43b9-bce7-dcf368d966e3", "fb_publish_status": null, "weather_condition": null, "slug": "quebec-city", "comment_count": 0}, {"open_graph_id": null, "timezone_id": "America/Montreal", "likes": 0, "type": null, "creation_time": 1529015632.0, "location_id": 6836941, "id": 5167240, "supertype": "normal", "is_deleted": false, "description": null, "weather_temperature": 20.0, "start_time": 1313877602.0, "views": 0, "location": {"lon": -73.554, "country_code": "CA", "lat": 45.5088, "id": 6836941, "full_detail": "Quebec, Canada", "uuid": "ab9de7f4-e8e8-496f-b04b-4972fbc15fb6", "venue": null, "detail": "Canada", "name": "Montreal"}, "trip_id": 723933, "end_time": null, "main_media_item_path": null, "name": null, "uuid": "61f892bb-5efb-4ef3-bdad-3236b47a8492", "fb_publish_status": null, "weather_condition": "rain", "slug": "montreal", "comment_count": 0}, {"open_graph_id": null, "timezone_id": "America/Toronto", "likes": 0, "type": null, "creation_time": 1529015746.0, "location_id": 6836952, "id": 5167249, "supertype": "normal", "is_deleted": false, "description": null, "weather_temperature": null, "start_time": 1314028802.0, "views": 0, "location": {"lon": -75.69, "country_code": "CA", "lat": 45.421, "id": 6836952, "full_detail": "Ontario, Canada", "uuid": "9d581655-27bd-490e-b68c-e49d41f9506c", "venue": null, "detail": "Canada", "name": "Ottawa"}, "trip_id": 723933, "end_time": null, "main_media_item_path": null, "name": null, "uuid": "cb530c34-9cdb-44e2-97fa-5ecd5ded54ab", "fb_publish_status": null, "weather_condition": null, "slug": "ottawa", "comment_count": 0}, {"open_graph_id": null, "timezone_id": "America/Toronto", "likes": 0, "type": null, "creation_time": 1529016113.0, "location_id": 6837026, "id": 5167319, "supertype": "normal", "is_deleted": false, "description": null, "weather_temperature": null, "start_time": 1314201602.0, "views": 0, "location": {"lon": -79.3849, "country_code": "CA", "lat": 43.6529, "id": 6837026, "full_detail": "Ontario, Canada", "uuid": "64151158-963c-4b6d-8f9e-38116b72bbfd", "venue": null, "detail": "Canada", "name": "Toronto"}, "trip_id": 723933, "end_time": null, "main_media_item_path": null, "name": null, "uuid": "789f8c34-bd53-4efa-978b-689813e9f5f2", "fb_publish_status": null, "weather_condition": null, "slug": "toronto", "comment_count": 0}, {"open_graph_id": null, "timezone_id": "Atlantic/Reykjavik", "likes": 0, "type": null, "creation_time": 1529015559.0, "location_id": 6836918, "id": 5167218, "supertype": "normal", "is_deleted": false, "description": null, "weather_temperature": null, "start_time": 1314273602.0, "views": 0, "location": {"lon": -21.88333, "country_code": "IS", "lat": 64.15, "id": 6836918, "full_detail": "Reykjav\u00edk, Iceland", "uuid": "38620c35-fae0-45bf-8433-a21935d11169", "venue": null, "detail": "Iceland", "name": "Reykjav\u00edk"}, "trip_id": 723933, "end_time": null, "main_media_item_path": null, "name": null, "uuid": "ae10f358-3511-4171-b136-c843d518159f", "fb_publish_status": null, "weather_condition": null, "slug": "reykjavik", "comment_count": 0}, {"open_graph_id": null, "timezone_id": "Europe/London", "likes": 0, "type": null, "creation_time": 1529009127.0, "location_id": 6835596, "id": 5166133, "supertype": "normal", "is_deleted": false, "description": null, "weather_temperature": 19.0, "start_time": 1314615602.0, "views": 0, "location": {"lon": 0.3848, "country_code": "GB", "lat": 52.1954, "id": 6835596, "full_detail": "England, United Kingdom", "uuid": "69f7a0f7-a375-4941-8ce4-187db8f3b5ff", "venue": null, "detail": "United Kingdom", "name": "Newmarket"}, "trip_id": 723933, "end_time": null, "main_media_item_path": null, "name": null, "uuid": "2c2a265a-d0ac-4445-821d-c9f64c3eb525", "fb_publish_status": null, "weather_condition": "partly-cloudy-day", "slug": "newmarket", "comment_count": 0}], "user_id": 642440, "language": null, "visibility": 1, "featured_priority_for_new_users": null, "featured": null, "views": 0, "total_km": 57911.1603173105, "step_count": 58, "name": "Gap Year", "feature_text": null, "uuid": "7384c8f9-ad67-445a-828d-1ffe30bbde34", "cover_photo_thumb_path": null, "fb_publish_status": null, "cover_photo_path": null, "slug": "gap-year"}