{"summary": "", "views": 0, "fb_publish_status": null, "is_deleted": false, "timezone_id": "Europe/London", "cover_photo_path": null, "step_count": 58, "total_km": 57911.1603173105, "start_date": 1294963202.0, "id": 723933, "user_id": 642440, "type": null, "likes": 0, "feature_text": null, "slug": "gap-year", "language": null, "name": "Gap Year", "visibility": 1, "feature_date": null, "featured_priority_for_new_users": null, "all_steps": [{"views": 0, "main_media_item_path": null, "weather_condition": "partly-cloudy-day", "start_time": 1295006402.0, "is_deleted": false, "id": 5166132, "timezone_id": "Europe/London", "comment_count": 0, "location": {"lon": 0.3848, "full_detail": "England, United Kingdom", "uuid": "b602e2f1-be6f-4d03-828f-9044d5cea630", "lat": 52.1954, "name": "Newmarket", "venue": null, "id": 6835595, "country_code": "GB", "detail": "United Kingdom"}, "creation_time": 1529009113.0, "location_id": 6835595, "name": null, "fb_publish_status": null, "type": null, "likes": 0, "slug": "newmarket", "weather_temperature": 11.0, "end_time": null, "supertype": "normal", "trip_id": 723933, "description": null, "open_graph_id": null, "uuid": "74ff3b22-2a72-45ee-8dcb-261f9701ef08"}, {"views": 0, "main_media_item_path": null, "weather_condition": "wind", "start_time": 1295064002.0, "is_deleted": false, "id": 5166139, "timezone_id": "Asia/Shanghai", "comment_count": 0, "location": {"lon": 116.39139, "full_detail": "China", "uuid": "22226041-75cb-45dd-bc04-e78cce5ff142", "lat": 39.905, "name": "Beijing", "venue": null, "id": 6835604, "country_code": "CN", "detail": "China"}, "creation_time": 1529009146.0, "location_id": 6835604, "name": null, "fb_publish_status": null, "type": null, "likes": 0, "slug": "beijing", "weather_temperature": -5.0, "end_time": null, "supertype": "normal", "trip_id": 723933, "description": null, "open_graph_id": null, "uuid": "d359088d-d8cb-416c-88de-7962a798a534"}, {"views": 0, "main_media_item_path": null, "weather_condition": "fog", "start_time": 1297051202.0, "is_deleted": false, "id": 5166145, "timezone_id": "Asia/Chongqing", "comment_count": 0, "location": {"lon": 108.9, "full_detail": "Shaanxi, China", "uuid": "92833d4a-80dd-4943-afe9-9024aec62b5c", "lat": 34.26667, "name": "Xi'an", "venue": null, "id": 6835611, "country_code": "CN", "detail": "China"}, "creation_time": 1529009177.0, "location_id": 6835611, "name": null, "fb_publish_status": null, "type": null, "likes": 0, "slug": "xi-an", "weather_temperature": -3.0, "end_time": null, "supertype": "normal", "trip_id": 723933, "description": null, "open_graph_id": null, "uuid": "fd65cefd-be14-44b1-a787-331b289eb5e1"}, {"views": 0, "main_media_item_path": null, "weather_condition": "partly-cloudy-day", "start_time": 1297656002.0, "is_deleted": false, "id": 5166148, "timezone_id": "Asia/Shanghai", "comment_count": 0, "location": {"lon": 121.46667, "full_detail": "China", "uuid": "f07712b2-a693-4a05-9f86-a7f42343625e", "lat": 31.16667, "name": "Shanghai", "venue": null, "id": 6835616, "country_code": "CN", "detail": "China"}, "creation_time": 1529009214.0, "location_id": 6835616, "name": null, "fb_publish_status": null, "type": null, "likes": 0, "slug": "shanghai", "weather_temperature": 4.0, "end_time": null, "supertype": "normal", "trip_id": 723933, "description": null, "open_graph_id": null, "uuid": "b54c56c2-a40e-49b9-9446-e64c1a8d7a59"}, {"views": 0, "main_media_item_path": null, "weather_condition": "clear-day", "start_time": 1298174402.0, "is_deleted": false, "id": 5166153, "timezone_id": "Asia/Hong_Kong", "comment_count": 0, "location": {"lon": 114.164054, "full_detail": "Hong Kong", "uuid": "b35a3299-2c2f-4f03-bb8d-f75d16223c57", "lat": 22.25959, "name": "Hong Kong", "venue": null, "id": 6835622, "country_code": "HK", "detail": "Hong Kong"}, "creation_time": 1529009239.0, "location_id": 6835622, "name": null, "fb_publish_status": null, "type": null, "likes": 0, "slug": "hong-kong", "weather_temperature": 24.0, "end_time": null, "supertype": "normal", "trip_id": 723933, "description": null, "open_graph_id": null, "uuid": "07d3509b-f1e5-43e0-b3b4-2519cd6f9580"}, {"views": 0, "main_media_item_path": null, "weather_condition": null, "start_time": 1298419202.0, "is_deleted": false, "id": 5166268, "timezone_id": "Asia/Chongqing", "comment_count": 0, "location": {"lon": 108.31501, "full_detail": "Guangxi Zhuang Autonomous Region, China", "uuid": "50f9787a-dc94-416c-8c32-501af61d92cf", "lat": 22.81918, "name": "Nanning", "venue": null, "id": 6835782, "country_code": "CN", "detail": "China"}, "creation_time": 1529009764.0, "location_id": 6835782, "name": null, "fb_publish_status": null, "type": null, "likes": 0, "slug": "nanning", "weather_temperature": null, "end_time": null, "supertype": "normal", "trip_id": 723933, "description": null, "open_graph_id": null, "uuid": "053895d9-919b-4e22-a3d8-8788e0659fdd"}, {"views": 0, "main_media_item_path": null, "weather_condition": "partly-cloudy-day", "start_time": 1298523602.0, "is_deleted": false, "id": 5166163, "timezone_id": "Asia/Ho_Chi_Minh", "comment_count": 0, "location": {"lon": 105.717798, "full_detail": "Vietnam", "uuid": "045d269b-2eed-405c-8d9e-7f1a3fdde7eb", "lat": 20.96841, "name": "Hanoi", "venue": null, "id": 6835636, "country_code": "VN", "detail": "Vietnam"}, "creation_time": 1529009309.0, "location_id": 6835636, "name": null, "fb_publish_status": null, "type": null, "likes": 0, "slug": "hanoi", "weather_temperature": 24.0, "end_time": null, "supertype": "normal", "trip_id": 723933, "description": null, "open_graph_id": null, "uuid": "c45aa810-6636-4361-a47f-8c6b6a3afa89"}, {"views": 0, "main_media_item_path": null, "weather_condition": "cloudy", "start_time": 1299128402.0, "is_deleted": false, "id": 5166172, "timezone_id": "Asia/Ho_Chi_Minh", "comment_count": 0, "location": {"lon": 107.583395394988, "full_detail": "Th\u1eeba Thi\u00ean-Hu\u1ebf, Vietnam", "uuid": "23ecab73-4070-41f2-8b4e-17c4f550154e", "lat": 16.4670776317354, "name": "Hue", "venue": null, "id": 6835646, "country_code": "VN", "detail": "Vietnam"}, "creation_time": 1529009349.0, "location_id": 6835646, "name": null, "fb_publish_status": null, "type": null, "likes": 0, "slug": "hue", "weather_temperature": 20.0, "end_time": null, "supertype": "normal", "trip_id": 723933, "description": null, "open_graph_id": null, "uuid": "0f4c170e-05a4-467b-8359-b84fd08f41db"}, {"views": 0, "main_media_item_path": null, "weather_condition": "partly-cloudy-night", "start_time": 1299128402.0, "is_deleted": false, "id": 5166175, "timezone_id": "Asia/Ho_Chi_Minh", "comment_count": 0, "location": {"lon": 108.331902441814, "full_detail": "Qu\u1ea3ng Nam, Vietnam", "uuid": "9b42db4f-bdc3-4c34-a6b5-b35ea9d62d2f", "lat": 15.8853320261577, "name": "H\u1ed9i An", "venue": null, "id": 6835696, "country_code": "VN", "detail": "Vietnam"}, "creation_time": 1529009385.0, "location_id": 6835696, "name": null, "fb_publish_status": null, "type": null, "likes": 0, "slug": "hoi-an", "weather_temperature": 20.0, "end_time": null, "supertype": "normal", "trip_id": 723933, "description": null, "open_graph_id": null, "uuid": "af552706-7967-4683-ac41-56a7b62cf2bc"}, {"views": 0, "main_media_item_path": null, "weather_condition": "clear-day", "start_time": 1299398402.0, "is_deleted": false, "id": 5166321, "timezone_id": "Asia/Ho_Chi_Minh", "comment_count": 0, "location": {"lon": 108.33333, "full_detail": "Qu\u1ea3ng Nam, Vietnam", "uuid": "f87e0e73-288c-4834-beea-e910eb8928f5", "lat": 15.88333, "name": "H\u1ed9i An", "venue": null, "id": 6835845, "country_code": "VN", "detail": "Vietnam"}, "creation_time": 1529010034.0, "location_id": 6835845, "name": null, "fb_publish_status": null, "type": null, "likes": 0, "slug": "hoi-an", "weather_temperature": 28.0, "end_time": null, "supertype": "normal", "trip_id": 723933, "description": null, "open_graph_id": null, "uuid": "33e1f056-4f00-4e9f-b7b6-e8300b46cb05"}, {"views": 0, "main_media_item_path": null, "weather_condition": "partly-cloudy-day", "start_time": 1299639602.0, "is_deleted": false, "id": 5166339, "timezone_id": "Asia/Ho_Chi_Minh", "comment_count": 0, "location": {"lon": 109.18333, "full_detail": "Kh\u00e1nh H\u00f2a, Vietnam", "uuid": "23ea0c95-4332-4803-b546-6b42e0f06e9f", "lat": 12.25, "name": "Nha Trang", "venue": null, "id": 6835866, "country_code": "VN", "detail": "Vietnam"}, "creation_time": 1529010112.0, "location_id": 6835866, "name": null, "fb_publish_status": null, "type": null, "likes": 0, "slug": "nha-trang", "weather_temperature": 25.0, "end_time": null, "supertype": "normal", "trip_id": 723933, "description": null, "open_graph_id": null, "uuid": "a3002f15-3cf8-4215-9c03-aca8d10a8163"}, {"views": 0, "main_media_item_path": null, "weather_condition": "partly-cloudy-day", "start_time": 1299992402.0, "is_deleted": false, "id": 5166350, "timezone_id": "Asia/Ho_Chi_Minh", "comment_count": 0, "location": {"lon": 108.43833, "full_detail": "L\u00e2m \u0110\u1ed3ng, Vietnam", "uuid": "02957ad7-e8de-4a1b-bccc-e13fb80a0c99", "lat": 11.94167, "name": "Da Lat", "venue": null, "id": 6835879, "country_code": "VN", "detail": "Vietnam"}, "creation_time": 1529010164.0, "location_id": 6835879, "name": null, "fb_publish_status": null, "type": null, "likes": 0, "slug": "da-lat", "weather_temperature": 24.0, "end_time": null, "supertype": "normal", "trip_id": 723933, "description": null, "open_graph_id": null, "uuid": "02844874-ce81-4520-b697-3d07287dce04"}, {"views": 0, "main_media_item_path": null, "weather_condition": "partly-cloudy-day", "start_time": 1300165202.0, "is_deleted": false, "id": 5166366, "timezone_id": "Asia/Ho_Chi_Minh", "comment_count": 0, "location": {"lon": 108.29, "full_detail": "B\u00ecnh Thu\u1eadn, Vietnam", "uuid": "86b82a38-7efb-44ff-bf17-673ea50c1be5", "lat": 10.94, "name": "Phan Thiet", "venue": null, "id": 6835899, "country_code": "VN", "detail": "Vietnam"}, "creation_time": 1529010240.0, "location_id": 6835899, "name": null, "fb_publish_status": null, "type": null, "likes": 0, "slug": "phan-thiet", "weather_temperature": 25.0, "end_time": null, "supertype": "normal", "trip_id": 723933, "description": null, "open_graph_id": null, "uuid": "a5ff0c02-1abb-44e7-a359-c2f431577750"}, {"views": 0, "main_media_item_path": null, "weather_condition": null, "start_time": 1300338002.0, "is_deleted": false, "id": 5166385, "timezone_id": "Asia/Ho_Chi_Minh", "comment_count": 0, "location": {"lon": 106.685716177289, "full_detail": "Vietnam", "uuid": "02212192-fbaf-4548-9980-a7aad6d85b13", "lat": 10.7796515997601, "name": "Ho Chi Minh", "venue": null, "id": 6835922, "country_code": "VN", "detail": "Vietnam"}, "creation_time": 1529010363.0, "location_id": 6835922, "name": null, "fb_publish_status": null, "type": null, "likes": 0, "slug": "ho-chi-minh", "weather_temperature": null, "end_time": null, "supertype": "normal", "trip_id": 723933, "description": null, "open_graph_id": null, "uuid": "e03079ea-b56d-44b1-8301-4cf527911bb4"}, {"views": 0, "main_media_item_path": null, "weather_condition": null, "start_time": 1300780802.0, "is_deleted": false, "id": 5166400, "timezone_id": "Asia/Phnom_Penh", "comment_count": 0, "location": {"lon": 104.925477031124, "full_detail": "Cambodia", "uuid": "71dadfd3-84ca-4855-84f6-1ff4583b31bb", "lat": 11.5715900091485, "name": "Phnom Penh", "venue": null, "id": 6835941, "country_code": "KH", "detail": "Cambodia"}, "creation_time": 1529010431.0, "location_id": 6835941, "name": null, "fb_publish_status": null, "type": null, "likes": 0, "slug": "phnom-penh", "weather_temperature": null, "end_time": null, "supertype": "normal", "trip_id": 723933, "description": null, "open_graph_id": null, "uuid": "f08702ed-cdc9-4616-8379-93346069158b"}, {"views": 0, "main_media_item_path": null, "weather_condition": "partly-cloudy-night", "start_time": 1301063402.0, "is_deleted": false, "id": 5166423, "timezone_id": "Asia/Phnom_Penh", "comment_count": 0, "location": {"lon": 103.859709370591, "full_detail": "Siem Reap Province, Cambodia", "uuid": "f5107c21-7c64-42d8-a9e0-4ed3746e92f5", "lat": 13.3617196553146, "name": "Siem Reap", "venue": null, "id": 6835965, "country_code": "KH", "detail": "Cambodia"}, "creation_time": 1529010462.0, "location_id": 6835965, "name": null, "fb_publish_status": null, "type": null, "likes": 0, "slug": "siem-reap", "weather_temperature": 26.0, "end_time": null, "supertype": "normal", "trip_id": 723933, "description": null, "open_graph_id": null, "uuid": "17d617f2-5fd0-4362-a802-becd103d9aca"}, {"views": 0, "main_media_item_path": null, "weather_condition": "partly-cloudy-day", "start_time": 1301547602.0, "is_deleted": false, "id": 5166438, "timezone_id": "Asia/Bangkok", "comment_count": 0, "location": {"lon": 100.51667, "full_detail": "Bangkok Metropolitan Region, Thailand", "uuid": "228300ff-fd60-4c42-9f3b-c2c9c9ad1ff9", "lat": 13.75, "name": "Bangkok", "venue": null, "id": 6835982, "country_code": "TH", "detail": "Thailand"}, "creation_time": 1529010594.0, "location_id": 6835982, "name": null, "fb_publish_status": null, "type": null, "likes": 0, "slug": "bangkok", "weather_temperature": 31.0, "end_time": null, "supertype": "normal", "trip_id": 723933, "description": null, "open_graph_id": null, "uuid": "142d2499-abc2-45af-a9b0-2c9253995fea"}, {"views": 0, "main_media_item_path": null, "weather_condition": "partly-cloudy-night", "start_time": 1301990402.0, "is_deleted": false, "id": 5166468, "timezone_id": "Australia/Sydney", "comment_count": 0, "location": {"lon": 151.21, "full_detail": "New South Wales, Australia", "uuid": "bad4e3d8-1c9f-4eb9-af82-6fae3ff9b112", "lat": -33.868, "name": "Sydney", "venue": null, "id": 6836019, "country_code": "AU", "detail": "Australia"}, "creation_time": 1529010803.0, "location_id": 6836019, "name": null, "fb_publish_status": null, "type": null, "likes": 0, "slug": "sydney", "weather_temperature": 18.0, "end_time": null, "supertype": "normal", "trip_id": 723933, "description": null, "open_graph_id": null, "uuid": "00256c3d-39f7-4105-af94-697cb9658543"}, {"views": 0, "main_media_item_path": null, "weather_condition": "partly-cloudy-day", "start_time": 1302314402.0, "is_deleted": false, "id": 5166551, "timezone_id": "Australia/Sydney", "comment_count": 0, "location": {"lon": 151.7813, "full_detail": "New South Wales, Australia", "uuid": "fe63026a-8c54-48ab-978e-8838192a3402", "lat": -32.9273, "name": "Newcastle", "venue": null, "id": 6836123, "country_code": "AU", "detail": "Australia"}, "creation_time": 1529011295.0, "location_id": 6836123, "name": null, "fb_publish_status": null, "type": null, "likes": 0, "slug": "newcastle", "weather_temperature": 23.0, "end_time": null, "supertype": "normal", "trip_id": 723933, "description": null, "open_graph_id": null, "uuid": "ea20ae52-4b0c-4238-9e94-4667ea235990"}, {"views": 0, "main_media_item_path": null, "weather_condition": null, "start_time": 1302573602.0, "is_deleted": false, "id": 5166558, "timezone_id": "Australia/Sydney", "comment_count": 0, "location": {"lon": 152.9104, "full_detail": "New South Wales, Australia", "uuid": "aa212f6a-f8ab-42be-b485-3fb94e3ce8cf", "lat": -31.4299, "name": "Port Macquarie", "venue": null, "id": 6836131, "country_code": "AU", "detail": "Australia"}, "creation_time": 1529011352.0, "location_id": 6836131, "name": null, "fb_publish_status": null, "type": null, "likes": 0, "slug": "port-macquarie", "weather_temperature": null, "end_time": null, "supertype": "normal", "trip_id": 723933, "description": null, "open_graph_id": null, "uuid": "5423a2e4-a498-4161-979c-5b98efb48ea0"}, {"views": 0, "main_media_item_path": null, "weather_condition": "partly-cloudy-night", "start_time": 1302789602.0, "is_deleted": false, "id": 5166736, "timezone_id": "Australia/Sydney", "comment_count": 0, "location": {"lon": 153.116115792424, "full_detail": "New South Wales, Australia", "uuid": "6c73b838-7b2c-4d2d-bfdf-48fc987ac684", "lat": -30.2979982224557, "name": "New South Wales", "venue": null, "id": 6836347, "country_code": "AU", "detail": "Australia"}, "creation_time": 1529012367.0, "location_id": 6836347, "name": "Coffs Harbour??", "fb_publish_status": null, "type": null, "likes": 0, "slug": "new-south-wales", "weather_temperature": 16.0, "end_time": null, "supertype": "normal", "trip_id": 723933, "description": null, "open_graph_id": null, "uuid": "8dee9b3f-415e-4a70-8244-535a0e58b56d"}, {"views": 0, "main_media_item_path": null, "weather_condition": null, "start_time": 1303092002.0, "is_deleted": false, "id": 5166747, "timezone_id": "Australia/Sydney", "comment_count": 0, "location": {"lon": 153.614, "full_detail": "New South Wales, Australia", "uuid": "fc72f3a2-e02e-4764-b62d-dd563e94083b", "lat": -28.6434, "name": "Byron Bay", "venue": null, "id": 6836350, "country_code": "AU", "detail": "Australia"}, "creation_time": 1529012460.0, "location_id": 6836350, "name": "Byron Bay?", "fb_publish_status": null, "type": null, "likes": 0, "slug": "byron-bay", "weather_temperature": null, "end_time": null, "supertype": "normal", "trip_id": 723933, "description": null, "open_graph_id": null, "uuid": "df6444e1-a863-4681-997e-79f952f083dd"}, {"views": 0, "main_media_item_path": null, "weather_condition": "partly-cloudy-day", "start_time": 1303264802.0, "is_deleted": false, "id": 5166753, "timezone_id": "Australia/Brisbane", "comment_count": 0, "location": {"lon": 153.4146, "full_detail": "Queensland, Australia", "uuid": "7d3e2a3b-cdff-4772-98d4-1209d4034945", "lat": -28.0024, "name": "Gold Coast", "venue": null, "id": 6836356, "country_code": "AU", "detail": "Australia"}, "creation_time": 1529012487.0, "location_id": 6836356, "name": null, "fb_publish_status": null, "type": null, "likes": 0, "slug": "gold-coast", "weather_temperature": 25.0, "end_time": null, "supertype": "normal", "trip_id": 723933, "description": null, "open_graph_id": null, "uuid": "3078b2c0-4746-4e08-9d82-c03cee2602d8"}, {"views": 0, "main_media_item_path": null, "weather_condition": null, "start_time": 1303696802.0, "is_deleted": false, "id": 5166530, "timezone_id": "Australia/Brisbane", "comment_count": 0, "location": {"lon": 153.0235, "full_detail": "Queensland, Australia", "uuid": "253075bb-4ffb-4236-9491-98f9fa26ef0e", "lat": -27.469, "name": "Brisbane", "venue": null, "id": 6836106, "country_code": "AU", "detail": "Australia"}, "creation_time": 1529011192.0, "location_id": 6836106, "name": null, "fb_publish_status": null, "type": null, "likes": 0, "slug": "brisbane", "weather_temperature": null, "end_time": null, "supertype": "normal", "trip_id": 723933, "description": null, "open_graph_id": null, "uuid": "c0f1e88a-48de-4175-944f-2b853df6d093"}, {"views": 0, "main_media_item_path": null, "weather_condition": "partly-cloudy-day", "start_time": 1304301602.0, "is_deleted": false, "id": 5166521, "timezone_id": "Australia/Brisbane", "comment_count": 0, "location": {"lon": 153.181992910984, "full_detail": "Queensland, Australia", "uuid": "d99e9ecb-37db-484c-918f-25663f37a9f7", "lat": -25.2863702267873, "name": "Queensland", "venue": null, "id": 6836083, "country_code": "AU", "detail": "Australia"}, "creation_time": 1529011092.0, "location_id": 6836083, "name": "Fraser Island", "fb_publish_status": null, "type": null, "likes": 0, "slug": "queensland", "weather_temperature": 19.0, "end_time": null, "supertype": "normal", "trip_id": 723933, "description": null, "open_graph_id": null, "uuid": "03033851-c792-4fb0-be30-ab4f78126bc5"}, {"views": 0, "main_media_item_path": null, "weather_condition": "clear-day", "start_time": 1304560802.0, "is_deleted": false, "id": 5166647, "timezone_id": "Australia/Brisbane", "comment_count": 0, "location": {"lon": 153.0897, "full_detail": "Queensland, Australia", "uuid": "2e7e198c-c272-4cc5-8019-f98c8770c9f8", "lat": -25.9036, "name": "Rainbow Beach", "venue": null, "id": 6836232, "country_code": "AU", "detail": "Australia"}, "creation_time": 1529011845.0, "location_id": 6836232, "name": null, "fb_publish_status": null, "type": null, "likes": 0, "slug": "rainbow-beach", "weather_temperature": 19.0, "end_time": null, "supertype": "normal", "trip_id": 723933, "description": null, "open_graph_id": null, "uuid": "73884e50-b772-4de1-99bb-4daaacd81e2b"}, {"views": 0, "main_media_item_path": null, "weather_condition": "partly-cloudy-day", "start_time": 1304647202.0, "is_deleted": false, "id": 5166635, "timezone_id": "Australia/Brisbane", "comment_count": 0, "location": {"lon": 152.2768, "full_detail": "Queensland, Australia", "uuid": "275d878a-a0cb-4b4d-ae58-68efb39c71ed", "lat": -25.2345, "name": "Childers", "venue": null, "id": 6836218, "country_code": "AU", "detail": "Australia"}, "creation_time": 1529011819.0, "location_id": 6836218, "name": null, "fb_publish_status": null, "type": null, "likes": 0, "slug": "childers", "weather_temperature": 18.0, "end_time": null, "supertype": "normal", "trip_id": 723933, "description": null, "open_graph_id": null, "uuid": "c6d1fbd8-94f8-45cb-aa70-7edd07fa9906"}, {"views": 0, "main_media_item_path": null, "weather_condition": "partly-cloudy-day", "start_time": 1308362402.0, "is_deleted": false, "id": 5166670, "timezone_id": "Australia/Brisbane", "comment_count": 0, "location": {"lon": 148.7169, "full_detail": "Queensland, Australia", "uuid": "71ae0d03-e5b3-4816-9898-869cbc0a8893", "lat": -20.2675, "name": "Airlie Beach", "venue": null, "id": 6836264, "country_code": "AU", "detail": "Australia"}, "creation_time": 1529011994.0, "location_id": 6836264, "name": null, "fb_publish_status": null, "type": null, "likes": 0, "slug": "airlie-beach", "weather_temperature": 19.0, "end_time": null, "supertype": "normal", "trip_id": 723933, "description": null, "open_graph_id": null, "uuid": "5f8cb7df-b5fc-4c20-bcc8-c4e666d12bc3"}, {"views": 0, "main_media_item_path": null, "weather_condition": "partly-cloudy-day", "start_time": 1308621602.0, "is_deleted": false, "id": 5166720, "timezone_id": "Australia/Brisbane", "comment_count": 0, "location": {"lon": 145.7719, "full_detail": "Queensland, Australia", "uuid": "63ceda5f-d0eb-4d4f-a11c-946c419f8ade", "lat": -16.9205, "name": "Cairns", "venue": null, "id": 6836320, "country_code": "AU", "detail": "Australia"}, "creation_time": 1529012338.0, "location_id": 6836320, "name": "Cairns?", "fb_publish_status": null, "type": null, "likes": 0, "slug": "cairns", "weather_temperature": 23.0, "end_time": null, "supertype": "normal", "trip_id": 723933, "description": null, "open_graph_id": null, "uuid": "ee943995-a154-41c0-b7a3-7dd415be76d3"}, {"views": 0, "main_media_item_path": null, "weather_condition": null, "start_time": 1308969002.0, "is_deleted": false, "id": 5166686, "timezone_id": "Australia/Darwin", "comment_count": 0, "location": {"lon": 133.8813, "full_detail": "Northern Territory, Australia", "uuid": "3f2a428a-9d59-4714-bd4a-becd61ebd040", "lat": -23.6984, "name": "Alice Springs", "venue": null, "id": 6836284, "country_code": "AU", "detail": "Australia"}, "creation_time": 1529012117.0, "location_id": 6836284, "name": null, "fb_publish_status": null, "type": null, "likes": 0, "slug": "alice-springs", "weather_temperature": null, "end_time": null, "supertype": "normal", "trip_id": 723933, "description": null, "open_graph_id": null, "uuid": "402d4c61-2a81-4c39-b7b3-01971b76714b"}, {"views": 0, "main_media_item_path": null, "weather_condition": "partly-cloudy-day", "start_time": 1309302002.0, "is_deleted": false, "id": 5167328, "timezone_id": "Australia/Sydney", "comment_count": 0, "location": {"lon": 151.21, "full_detail": "New South Wales, Australia", "uuid": "4be5ae09-6dba-4a6c-9760-daf48c6bd4a0", "lat": -33.868, "name": "Sydney", "venue": null, "id": 6837035, "country_code": "AU", "detail": "Australia"}, "creation_time": 1529016189.0, "location_id": 6837035, "name": null, "fb_publish_status": null, "type": null, "likes": 0, "slug": "sydney", "weather_temperature": 15.0, "end_time": null, "supertype": "normal", "trip_id": 723933, "description": null, "open_graph_id": null, "uuid": "f96efd54-dfd4-4738-bd4e-7d925d342dc3"}, {"views": 0, "main_media_item_path": null, "weather_condition": "clear-night", "start_time": 1309327202.0, "is_deleted": false, "id": 5166475, "timezone_id": "Pacific/Auckland", "comment_count": 0, "location": {"lon": 174.78333, "full_detail": "Auckland Region, New Zealand", "uuid": "80b6dcab-1f92-45bb-8b49-075d6ce007cd", "lat": -36.85, "name": "Auckland", "venue": null, "id": 6836028, "country_code": "NZ", "detail": "New Zealand"}, "creation_time": 1529010825.0, "location_id": 6836028, "name": null, "fb_publish_status": null, "type": null, "likes": 0, "slug": "auckland", "weather_temperature": 11.0, "end_time": null, "supertype": "normal", "trip_id": 723933, "description": null, "open_graph_id": null, "uuid": "688d81ca-d84b-4df8-b716-8c7c1c430728"}, {"views": 0, "main_media_item_path": null, "weather_condition": "clear-day", "start_time": 1311188402.0, "is_deleted": false, "id": 5166806, "timezone_id": "America/Los_Angeles", "comment_count": 0, "location": {"lon": -118.244096184284, "full_detail": "California, United States", "uuid": "9dc60bcb-4587-45f2-9611-1809f2423c68", "lat": 34.0542374597127, "name": "Los Angeles", "venue": null, "id": 6836419, "country_code": "US", "detail": "United States"}, "creation_time": 1529012644.0, "location_id": 6836419, "name": null, "fb_publish_status": null, "type": null, "likes": 0, "slug": "los-angeles", "weather_temperature": 25.0, "end_time": null, "supertype": "normal", "trip_id": 723933, "description": null, "open_graph_id": null, "uuid": "c7a4799f-7abe-4aa3-845d-2f456397cef5"}, {"views": 0, "main_media_item_path": null, "weather_condition": "partly-cloudy-day", "start_time": 1311346802.0, "is_deleted": false, "id": 5166821, "timezone_id": "America/Los_Angeles", "comment_count": 0, "location": {"lon": -122.463, "full_detail": "California, United States", "uuid": "e7aeb740-c1ef-4095-b526-abc456e135f7", "lat": 37.7648, "name": "San Francisco", "venue": null, "id": 6836437, "country_code": "US", "detail": "United States"}, "creation_time": 1529012807.0, "location_id": 6836437, "name": null, "fb_publish_status": null, "type": null, "likes": 0, "slug": "san-francisco", "weather_temperature": 14.0, "end_time": null, "supertype": "normal", "trip_id": 723933, "description": null, "open_graph_id": null, "uuid": "fff375d8-8985-47a1-a45e-ace46f542e78"}, {"views": 0, "main_media_item_path": null, "weather_condition": null, "start_time": 1311447602.0, "is_deleted": false, "id": 5166833, "timezone_id": "America/Los_Angeles", "comment_count": 0, "location": {"lon": -119.5779, "full_detail": "California, United States", "uuid": "3aeba640-e31e-40b5-b942-1020cb3de494", "lat": 37.7407, "name": "Yosemite National Park", "venue": null, "id": 6836449, "country_code": "US", "detail": "United States"}, "creation_time": 1529012979.0, "location_id": 6836449, "name": null, "fb_publish_status": null, "type": null, "likes": 0, "slug": "yosemite-national-park", "weather_temperature": null, "end_time": null, "supertype": "normal", "trip_id": 723933, "description": null, "open_graph_id": null, "uuid": "9c7fa1a3-ebe0-4b89-9cb3-e2de1bc217e2"}, {"views": 0, "main_media_item_path": null, "weather_condition": "clear-day", "start_time": 1311534002.0, "is_deleted": false, "id": 5166848, "timezone_id": "America/Los_Angeles", "comment_count": 0, "location": {"lon": -115.1492, "full_detail": "Nevada, United States", "uuid": "40aecd7e-7a7b-497f-8e6a-bd31996bb6a3", "lat": 36.1663, "name": "Las Vegas", "venue": null, "id": 6836468, "country_code": "US", "detail": "United States"}, "creation_time": 1529013094.0, "location_id": 6836468, "name": null, "fb_publish_status": null, "type": null, "likes": 0, "slug": "las-vegas", "weather_temperature": 37.0, "end_time": null, "supertype": "normal", "trip_id": 723933, "description": null, "open_graph_id": null, "uuid": "085ceee6-42c8-43d9-9eab-28694fd42e0c"}, {"views": 0, "main_media_item_path": null, "weather_condition": "cloudy", "start_time": 1311706802.0, "is_deleted": false, "id": 5166863, "timezone_id": "America/Phoenix", "comment_count": 0, "location": {"lon": -111.6514, "full_detail": "Arizona, United States", "uuid": "0e5fd94f-f74e-4a54-a921-350bc66a4608", "lat": 35.1995, "name": "Flagstaff", "venue": null, "id": 6836485, "country_code": "US", "detail": "United States"}, "creation_time": 1529013120.0, "location_id": 6836485, "name": null, "fb_publish_status": null, "type": null, "likes": 0, "slug": "flagstaff", "weather_temperature": 18.0, "end_time": null, "supertype": "normal", "trip_id": 723933, "description": null, "open_graph_id": null, "uuid": "23628ea6-dc51-4f29-a740-8c6cb8cc9186"}, {"views": 0, "main_media_item_path": null, "weather_condition": null, "start_time": 1311823802.0, "is_deleted": false, "id": 5166917, "timezone_id": "America/Denver", "comment_count": 0, "location": {"lon": -106.651, "full_detail": "New Mexico, United States", "uuid": "c6de9850-dcd0-44af-9e5a-2aa14bfd5af0", "lat": 35.0841, "name": "Albuquerque", "venue": null, "id": 6836549, "country_code": "US", "detail": "United States"}, "creation_time": 1529013485.0, "location_id": 6836549, "name": null, "fb_publish_status": null, "type": null, "likes": 0, "slug": "albuquerque", "weather_temperature": null, "end_time": null, "supertype": "normal", "trip_id": 723933, "description": null, "open_graph_id": null, "uuid": "2d960b19-2202-4658-8ce8-deae5ab15a34"}, {"views": 0, "main_media_item_path": null, "weather_condition": "partly-cloudy-day", "start_time": 1311876002.0, "is_deleted": false, "id": 5166871, "timezone_id": "America/Denver", "comment_count": 0, "location": {"lon": -104.9653, "full_detail": "Colorado, United States", "uuid": "41ae00e5-89dd-48be-8998-fd7914d7e730", "lat": 39.7348, "name": "Denver", "venue": null, "id": 6836498, "country_code": "US", "detail": "United States"}, "creation_time": 1529013226.0, "location_id": 6836498, "name": null, "fb_publish_status": null, "type": null, "likes": 0, "slug": "denver", "weather_temperature": 28.0, "end_time": null, "supertype": "normal", "trip_id": 723933, "description": null, "open_graph_id": null, "uuid": "921869c3-f503-494a-9b75-9bf85f872e6a"}, {"views": 0, "main_media_item_path": null, "weather_condition": "clear-day", "start_time": 1311962402.0, "is_deleted": false, "id": 5166890, "timezone_id": "America/Denver", "comment_count": 0, "location": {"lon": -103.228, "full_detail": "South Dakota, United States", "uuid": "a2b1275c-74e4-4a00-9e38-c35c6e1108bd", "lat": 44.0812, "name": "Rapid City", "venue": null, "id": 6836520, "country_code": "US", "detail": "United States"}, "creation_time": 1529013298.0, "location_id": 6836520, "name": null, "fb_publish_status": null, "type": null, "likes": 0, "slug": "rapid-city", "weather_temperature": 28.0, "end_time": null, "supertype": "normal", "trip_id": 723933, "description": null, "open_graph_id": null, "uuid": "317b657d-4286-47cf-9e73-10cb5fbf246d"}, {"views": 0, "main_media_item_path": null, "weather_condition": "partly-cloudy-day", "start_time": 1312110002.0, "is_deleted": false, "id": 5166902, "timezone_id": "America/Chicago", "comment_count": 0, "location": {"lon": -87.6244, "full_detail": "Illinois, United States", "uuid": "1b6053b8-41a6-48e6-a1d3-78a1cfd17bf5", "lat": 41.8756, "name": "Chicago", "venue": null, "id": 6836533, "country_code": "US", "detail": "United States"}, "creation_time": 1529013390.0, "location_id": 6836533, "name": null, "fb_publish_status": null, "type": null, "likes": 0, "slug": "chicago", "weather_temperature": 21.0, "end_time": null, "supertype": "normal", "trip_id": 723933, "description": null, "open_graph_id": null, "uuid": "7fcc5c78-a47c-4004-b7ae-1a84814b6b84"}, {"views": 0, "main_media_item_path": null, "weather_condition": "partly-cloudy-day", "start_time": 1312218002.0, "is_deleted": false, "id": 5166881, "timezone_id": "America/Chicago", "comment_count": 0, "location": {"lon": -90.19, "full_detail": "Missouri, United States", "uuid": "c41eb809-c311-463f-9608-310104645cec", "lat": 38.63, "name": "St. Louis", "venue": null, "id": 6836510, "country_code": "US", "detail": "United States"}, "creation_time": 1529013266.0, "location_id": 6836510, "name": null, "fb_publish_status": null, "type": null, "likes": 0, "slug": "st-louis", "weather_temperature": 33.0, "end_time": null, "supertype": "normal", "trip_id": 723933, "description": null, "open_graph_id": null, "uuid": "b0af80af-90af-4857-9ccc-6691002ad4df"}, {"views": 0, "main_media_item_path": null, "weather_condition": null, "start_time": 1312358402.0, "is_deleted": false, "id": 5166934, "timezone_id": "America/Chicago", "comment_count": 0, "location": {"lon": -86.7744, "full_detail": "Tennessee, United States", "uuid": "5a085513-270f-41a4-a94f-8ff88b5f2661", "lat": 36.1622, "name": "Nashville", "venue": null, "id": 6836568, "country_code": "US", "detail": "United States"}, "creation_time": 1529013586.0, "location_id": 6836568, "name": null, "fb_publish_status": null, "type": null, "likes": 0, "slug": "nashville", "weather_temperature": null, "end_time": null, "supertype": "normal", "trip_id": 723933, "description": null, "open_graph_id": null, "uuid": "731b879a-965d-4722-a120-25a5a84178f0"}, {"views": 0, "main_media_item_path": null, "weather_condition": null, "start_time": 1312477202.0, "is_deleted": false, "id": 5166994, "timezone_id": "America/Chicago", "comment_count": 0, "location": {"lon": -90.0516, "full_detail": "Tennessee, United States", "uuid": "3bab835e-9b45-492c-b7b0-02d45792e3c4", "lat": 35.149, "name": "Memphis", "venue": null, "id": 6836637, "country_code": "US", "detail": "United States"}, "creation_time": 1529013927.0, "location_id": 6836637, "name": null, "fb_publish_status": null, "type": null, "likes": 0, "slug": "memphis", "weather_temperature": null, "end_time": null, "supertype": "normal", "trip_id": 723933, "description": null, "open_graph_id": null, "uuid": "25ea54c4-e6d2-4834-8884-3c79b1f4c88b"}, {"views": 0, "main_media_item_path": null, "weather_condition": null, "start_time": 1312549202.0, "is_deleted": false, "id": 5167023, "timezone_id": "America/Chicago", "comment_count": 0, "location": {"lon": -96.7969, "full_detail": "Texas, United States", "uuid": "2a2ec2c6-8e50-4a7a-ba23-ec783c54df20", "lat": 32.7763, "name": "Dallas", "venue": null, "id": 6836677, "country_code": "US", "detail": "United States"}, "creation_time": 1529014150.0, "location_id": 6836677, "name": null, "fb_publish_status": null, "type": null, "likes": 0, "slug": "dallas", "weather_temperature": null, "end_time": null, "supertype": "normal", "trip_id": 723933, "description": null, "open_graph_id": null, "uuid": "75f5157d-04c7-4249-a785-6c3d0cc8acaa"}, {"views": 0, "main_media_item_path": null, "weather_condition": "partly-cloudy-night", "start_time": 1312624802.0, "is_deleted": false, "id": 5166967, "timezone_id": "America/New_York", "comment_count": 0, "location": {"lon": -84.3902, "full_detail": "Georgia, United States", "uuid": "8f998171-eaa7-4d4c-9d1e-998f5347455f", "lat": 33.7491, "name": "Atlanta", "venue": null, "id": 6836608, "country_code": "US", "detail": "United States"}, "creation_time": 1529013796.0, "location_id": 6836608, "name": null, "fb_publish_status": null, "type": null, "likes": 0, "slug": "atlanta", "weather_temperature": 23.0, "end_time": null, "supertype": "normal", "trip_id": 723933, "description": null, "open_graph_id": null, "uuid": "b79db7d7-54e8-4603-a57c-8d2f5b25be68"}, {"views": 0, "main_media_item_path": null, "weather_condition": null, "start_time": 1312718402.0, "is_deleted": false, "id": 5167074, "timezone_id": "America/New_York", "comment_count": 0, "location": {"lon": -81.6557, "full_detail": "Florida, United States", "uuid": "96500c59-3625-460c-8c9b-ceda45c8c2ba", "lat": 30.3322, "name": "Jacksonville", "venue": null, "id": 6836738, "country_code": "US", "detail": "United States"}, "creation_time": 1529014526.0, "location_id": 6836738, "name": null, "fb_publish_status": null, "type": null, "likes": 0, "slug": "jacksonville", "weather_temperature": null, "end_time": null, "supertype": "normal", "trip_id": 723933, "description": null, "open_graph_id": null, "uuid": "3f0e0aa8-b61b-430c-a871-c62e8cab72ee"}, {"views": 0, "main_media_item_path": null, "weather_condition": "clear-day", "start_time": 1312804802.0, "is_deleted": false, "id": 5167090, "timezone_id": "America/New_York", "comment_count": 0, "location": {"lon": -78.6391, "full_detail": "North Carolina, United States", "uuid": "6ee20501-2412-47db-8d26-5f8af86d05dd", "lat": 35.7804, "name": "Raleigh", "venue": null, "id": 6836767, "country_code": "US", "detail": "United States"}, "creation_time": 1529014695.0, "location_id": 6836767, "name": null, "fb_publish_status": null, "type": null, "likes": 0, "slug": "raleigh", "weather_temperature": 24.0, "end_time": null, "supertype": "normal", "trip_id": 723933, "description": null, "open_graph_id": null, "uuid": "b83d8d1c-de55-42cd-a967-f7e163125c73"}, {"views": 0, "main_media_item_path": null, "weather_condition": "clear-night", "start_time": 1312869602.0, "is_deleted": false, "id": 5167041, "timezone_id": "America/New_York", "comment_count": 0, "location": {"lon": -75.1327, "full_detail": "Pennsylvania, United States", "uuid": "a4a54f3e-d53a-4266-9bdd-13c6e6c0cb32", "lat": 40.0115, "name": "Philadelphia", "venue": null, "id": 6836696, "country_code": "US", "detail": "United States"}, "creation_time": 1529014270.0, "location_id": 6836696, "name": null, "fb_publish_status": null, "type": null, "likes": 0, "slug": "philadelphia", "weather_temperature": 22.0, "end_time": null, "supertype": "normal", "trip_id": 723933, "description": null, "open_graph_id": null, "uuid": "7db65b42-4b5b-488f-8b87-a878ceb9d731"}, {"views": 0, "main_media_item_path": null, "weather_condition": null, "start_time": 1312907402.0, "is_deleted": false, "id": 5167078, "timezone_id": "America/New_York", "comment_count": 0, "location": {"lon": -77.0366, "full_detail": "District of Columbia, United States", "uuid": "51cdc439-50aa-444f-b8d1-53e607e9eeb8", "lat": 38.895, "name": "Washington", "venue": null, "id": 6836745, "country_code": "US", "detail": "United States"}, "creation_time": 1529014611.0, "location_id": 6836745, "name": null, "fb_publish_status": null, "type": null, "likes": 0, "slug": "washington", "weather_temperature": null, "end_time": null, "supertype": "normal", "trip_id": 723933, "description": null, "open_graph_id": null, "uuid": "963439ea-277c-4c53-a022-6df6550bdfee"}, {"views": 0, "main_media_item_path": null, "weather_condition": "clear-day", "start_time": 1313164802.0, "is_deleted": false, "id": 5167114, "timezone_id": "America/New_York", "comment_count": 0, "location": {"lon": -73.9808, "full_detail": "New York, United States", "uuid": "edda352c-bc81-4dae-ab49-9b24cab4a34c", "lat": 40.7648, "name": "New York City", "venue": null, "id": 6836796, "country_code": "US", "detail": "United States"}, "creation_time": 1529014960.0, "location_id": 6836796, "name": null, "fb_publish_status": null, "type": null, "likes": 0, "slug": "new-york-city", "weather_temperature": 26.0, "end_time": null, "supertype": "normal", "trip_id": 723933, "description": null, "open_graph_id": null, "uuid": "599feeee-9164-43e4-980b-61e3070f78ac"}, {"views": 0, "main_media_item_path": null, "weather_condition": "clear-day", "start_time": 1313596802.0, "is_deleted": false, "id": 5167144, "timezone_id": "America/New_York", "comment_count": 0, "location": {"lon": -68.7778, "full_detail": "Maine, United States", "uuid": "2873c44a-b972-4cce-8ba2-4031e946a6cc", "lat": 44.8012, "name": "Bangor", "venue": null, "id": 6836833, "country_code": "US", "detail": "United States"}, "creation_time": 1529015187.0, "location_id": 6836833, "name": null, "fb_publish_status": null, "type": null, "likes": 0, "slug": "bangor", "weather_temperature": 23.0, "end_time": null, "supertype": "normal", "trip_id": 723933, "description": null, "open_graph_id": null, "uuid": "35f72d89-46bf-4bfa-a48a-eca59412e4cf"}, {"views": 0, "main_media_item_path": null, "weather_condition": null, "start_time": 1313712002.0, "is_deleted": false, "id": 5167196, "timezone_id": "America/Montreal", "comment_count": 0, "location": {"lon": -71.2349, "full_detail": "Quebec, Canada", "uuid": "70f6be08-55ef-4c03-8745-81d194329328", "lat": 46.8257, "name": "Quebec City", "venue": null, "id": 6836891, "country_code": "CA", "detail": "Canada"}, "creation_time": 1529015470.0, "location_id": 6836891, "name": null, "fb_publish_status": null, "type": null, "likes": 0, "slug": "quebec-city", "weather_temperature": null, "end_time": null, "supertype": "normal", "trip_id": 723933, "description": null, "open_graph_id": null, "uuid": "fbca2285-1669-43b9-bce7-dcf368d966e3"}, {"views": 0, "main_media_item_path": null, "weather_condition": "rain", "start_time": 1313877602.0, "is_deleted": false, "id": 5167240, "timezone_id": "America/Montreal", "comment_count": 0, "location": {"lon": -73.554, "full_detail": "Quebec, Canada", "uuid": "ab9de7f4-e8e8-496f-b04b-4972fbc15fb6", "lat": 45.5088, "name": "Montreal", "venue": null, "id": 6836941, "country_code": "CA", "detail": "Canada"}, "creation_time": 1529015632.0, "location_id": 6836941, "name": null, "fb_publish_status": null, "type": null, "likes": 0, "slug": "montreal", "weather_temperature": 20.0, "end_time": null, "supertype": "normal", "trip_id": 723933, "description": null, "open_graph_id": null, "uuid": "61f892bb-5efb-4ef3-bdad-3236b47a8492"}, {"views": 0, "main_media_item_path": null, "weather_condition": null, "start_time": 1314028802.0, "is_deleted": false, "id": 5167249, "timezone_id": "America/Toronto", "comment_count": 0, "location": {"lon": -75.69, "full_detail": "Ontario, Canada", "uuid": "9d581655-27bd-490e-b68c-e49d41f9506c", "lat": 45.421, "name": "Ottawa", "venue": null, "id": 6836952, "country_code": "CA", "detail": "Canada"}, "creation_time": 1529015746.0, "location_id": 6836952, "name": null, "fb_publish_status": null, "type": null, "likes": 0, "slug": "ottawa", "weather_temperature": null, "end_time": null, "supertype": "normal", "trip_id": 723933, "description": null, "open_graph_id": null, "uuid": "cb530c34-9cdb-44e2-97fa-5ecd5ded54ab"}, {"views": 0, "main_media_item_path": null, "weather_condition": null, "start_time": 1314201602.0, "is_deleted": false, "id": 5167319, "timezone_id": "America/Toronto", "comment_count": 0, "location": {"lon": -79.3849, "full_detail": "Ontario, Canada", "uuid": "64151158-963c-4b6d-8f9e-38116b72bbfd", "lat": 43.6529, "name": "Toronto", "venue": null, "id": 6837026, "country_code": "CA", "detail": "Canada"}, "creation_time": 1529016113.0, "location_id": 6837026, "name": null, "fb_publish_status": null, "type": null, "likes": 0, "slug": "toronto", "weather_temperature": null, "end_time": null, "supertype": "normal", "trip_id": 723933, "description": null, "open_graph_id": null, "uuid": "789f8c34-bd53-4efa-978b-689813e9f5f2"}, {"views": 0, "main_media_item_path": null, "weather_condition": null, "start_time": 1314273602.0, "is_deleted": false, "id": 5167218, "timezone_id": "Atlantic/Reykjavik", "comment_count": 0, "location": {"lon": -21.88333, "full_detail": "Reykjav\u00edk, Iceland", "uuid": "38620c35-fae0-45bf-8433-a21935d11169", "lat": 64.15, "name": "Reykjav\u00edk", "venue": null, "id": 6836918, "country_code": "IS", "detail": "Iceland"}, "creation_time": 1529015559.0, "location_id": 6836918, "name": null, "fb_publish_status": null, "type": null, "likes": 0, "slug": "reykjavik", "weather_temperature": null, "end_time": null, "supertype": "normal", "trip_id": 723933, "description": null, "open_graph_id": null, "uuid": "ae10f358-3511-4171-b136-c843d518159f"}, {"views": 0, "main_media_item_path": null, "weather_condition": "partly-cloudy-day", "start_time": 1314615602.0, "is_deleted": false, "id": 5166133, "timezone_id": "Europe/London", "comment_count": 0, "location": {"lon": 0.3848, "full_detail": "England, United Kingdom", "uuid": "69f7a0f7-a375-4941-8ce4-187db8f3b5ff", "lat": 52.1954, "name": "Newmarket", "venue": null, "id": 6835596, "country_code": "GB", "detail": "United Kingdom"}, "creation_time": 1529009127.0, "location_id": 6835596, "name": null, "fb_publish_status": null, "type": null, "likes": 0, "slug": "newmarket", "weather_temperature": 19.0, "end_time": null, "supertype": "normal", "trip_id": 723933, "description": null, "open_graph_id": null, "uuid": "2c2a265a-d0ac-4445-821d-c9f64c3eb525"}], "open_graph_id": null, "uuid": "7384c8f9-ad67-445a-828d-1ffe30bbde34", "featured": null, "cover_photo_thumb_path": null, "end_date": 1314658741.0}