{"feature_date": null, "open_graph_id": null, "timezone_id": "Europe/London", "likes": 0, "summary": "", "type": null, "start_date": 1419552001.0, "end_date": 1420329540.0, "is_deleted": false, "id": 723645, "all_steps": [{"open_graph_id": null, "timezone_id": "Europe/London", "likes": 0, "type": null, "creation_time": 1529002299.0, "location_id": 6833530, "id": 5164465, "supertype": "normal", "is_deleted": false, "description": null, "weather_temperature": 3.0, "start_time": 1419611401.0, "views": 0, "location": {"lon": 0.3848, "country_code": "GB", "lat": 52.1954, "id": 6833530, "full_detail": "England, United Kingdom", "uuid": "59bd2ec1-4046-4812-818c-0374a5b0aea9", "venue": null, "detail": "United Kingdom", "name": "Newmarket"}, "trip_id": 723645, "end_time": null, "main_media_item_path": null, "name": null, "uuid": "f27fc803-517f-4710-86cb-9c12b9ba5f6a", "fb_publish_status": null, "weather_condition": "partly-cloudy-night", "slug": "newmarket", "comment_count": 0}, {"open_graph_id": null, "timezone_id": "Europe/Zurich", "likes": 0, "type": null, "creation_time": 1529002321.0, "location_id": 6833549, "id": 5164478, "supertype": "normal", "is_deleted": false, "description": null, "weather_temperature": -3.0, "start_time": 1419942601.0, "views": 0, "location": {"lon": 6.87, "country_code": "CH", "lat": 46.32, "id": 6833549, "full_detail": "Canton of Valais, Switzerland", "uuid": "8e235e72-0502-4481-bca6-800a383ef779", "venue": null, "detail": "Switzerland", "name": "Torgon"}, "trip_id": 723645, "end_time": null, "main_media_item_path": null, "name": null, "uuid": "566e0d0d-2eb8-4594-a5db-5e860399f27b", "fb_publish_status": null, "weather_condition": "partly-cloudy-day", "slug": "torgon", "comment_count": 0}, {"open_graph_id": null, "timezone_id": "Europe/London", "likes": 0, "type": null, "creation_time": 1529002273.0, "location_id": 6833523, "id": 5164460, "supertype": "normal", "is_deleted": false, "description": null, "weather_temperature": 3.0, "start_time": 1420286401.0, "views": 0, "location": {"lon": 0.3848, "country_code": "GB", "lat": 52.1954, "id": 6833523, "full_detail": "England, United Kingdom", "uuid": "b61aa092-e773-4cbb-b927-ed7ccf40cf98", "venue": null, "detail": "United Kingdom", "name": "Newmarket"}, "trip_id": 723645, "end_time": null, "main_media_item_path": null, "name": null, "uuid": "1f933ab3-0128-43ba-8e6c-882bb6f6e98d", "fb_publish_status": null, "weather_condition": "rain", "slug": "newmarket", "comment_count": 0}], "user_id": 642440, "language": null, "visibility": 1, "featured_priority_for_new_users": null, "featured": null, "views": 0, "total_km": 1609.44454921031, "step_count": 3, "name": "Skiing New Year 2015", "feature_text": null, "uuid": "63ee189c-b33b-48d6-92e1-a76acf68016f", "cover_photo_thumb_path": null, "fb_publish_status": null, "cover_photo_path": null, "slug": "skiing-new-year-2015"}