{"summary": "", "views": 0, "fb_publish_status": null, "is_deleted": false, "timezone_id": "Europe/London", "cover_photo_path": null, "step_count": 3, "total_km": 1609.44454921031, "start_date": 1419552001.0, "id": 723645, "user_id": 642440, "type": null, "likes": 0, "feature_text": null, "slug": "skiing-new-year-2015", "language": null, "name": "Skiing New Year 2015", "visibility": 1, "feature_date": null, "featured_priority_for_new_users": null, "all_steps": [{"views": 0, "main_media_item_path": null, "weather_condition": "partly-cloudy-night", "start_time": 1419611401.0, "is_deleted": false, "id": 5164465, "timezone_id": "Europe/London", "comment_count": 0, "location": {"lon": 0.3848, "full_detail": "England, United Kingdom", "uuid": "59bd2ec1-4046-4812-818c-0374a5b0aea9", "lat": 52.1954, "name": "Newmarket", "venue": null, "id": 6833530, "country_code": "GB", "detail": "United Kingdom"}, "creation_time": 1529002299.0, "location_id": 6833530, "name": null, "fb_publish_status": null, "type": null, "likes": 0, "slug": "newmarket", "weather_temperature": 3.0, "end_time": null, "supertype": "normal", "trip_id": 723645, "description": null, "open_graph_id": null, "uuid": "f27fc803-517f-4710-86cb-9c12b9ba5f6a"}, {"views": 0, "main_media_item_path": null, "weather_condition": "partly-cloudy-day", "start_time": 1419697801.0, "is_deleted": false, "id": 5164478, "timezone_id": "Europe/Zurich", "comment_count": 0, "location": {"lon": 6.87, "full_detail": "Canton of Valais, Switzerland", "uuid": "8e235e72-0502-4481-bca6-800a383ef779", "lat": 46.32, "name": "Torgon", "venue": null, "id": 6833549, "country_code": "CH", "detail": "Switzerland"}, "creation_time": 1529002321.0, "location_id": 6833549, "name": null, "fb_publish_status": null, "type": null, "likes": 0, "slug": "torgon", "weather_temperature": -3.0, "end_time": null, "supertype": "normal", "trip_id": 723645, "description": null, "open_graph_id": null, "uuid": "566e0d0d-2eb8-4594-a5db-5e860399f27b"}, {"views": 0, "main_media_item_path": null, "weather_condition": "rain", "start_time": 1420286401.0, "is_deleted": false, "id": 5164460, "timezone_id": "Europe/London", "comment_count": 0, "location": {"lon": 0.3848, "full_detail": "England, United Kingdom", "uuid": "b61aa092-e773-4cbb-b927-ed7ccf40cf98", "lat": 52.1954, "name": "Newmarket", "venue": null, "id": 6833523, "country_code": "GB", "detail": "United Kingdom"}, "creation_time": 1529002273.0, "location_id": 6833523, "name": null, "fb_publish_status": null, "type": null, "likes": 0, "slug": "newmarket", "weather_temperature": 3.0, "end_time": null, "supertype": "normal", "trip_id": 723645, "description": null, "open_graph_id": null, "uuid": "1f933ab3-0128-43ba-8e6c-882bb6f6e98d"}], "open_graph_id": null, "uuid": "63ee189c-b33b-48d6-92e1-a76acf68016f", "featured": null, "cover_photo_thumb_path": null, "end_date": 1420329540.0}