{"summary": "", "views": 0, "fb_publish_status": null, "is_deleted": false, "timezone_id": "Europe/London", "cover_photo_path": null, "step_count": 22, "total_km": 6328.64417075833, "start_date": 1405638002.0, "id": 723716, "user_id": 642440, "type": null, "likes": 0, "feature_text": null, "slug": "ireland-and-interrailling", "language": null, "name": "Ireland and Interrailling", "visibility": 1, "feature_date": null, "featured_priority_for_new_users": null, "all_steps": [{"views": 0, "main_media_item_path": null, "weather_condition": null, "start_time": 1405692002.0, "is_deleted": false, "id": 5164757, "timezone_id": "Europe/London", "comment_count": 0, "location": {"lon": 0.3848, "full_detail": "England, United Kingdom", "uuid": "bab5922f-a27f-4ddc-9823-257ac2cf72d3", "lat": 52.1954, "name": "Newmarket", "venue": null, "id": 6833876, "country_code": "GB", "detail": "United Kingdom"}, "creation_time": 1529003325.0, "location_id": 6833876, "name": null, "fb_publish_status": null, "type": null, "likes": 0, "slug": "newmarket", "weather_temperature": null, "end_time": null, "supertype": "normal", "trip_id": 723716, "description": null, "open_graph_id": null, "uuid": "781d4193-6517-48c1-91b7-1de1633b8e12"}, {"views": 0, "main_media_item_path": null, "weather_condition": "partly-cloudy-day", "start_time": 1405774802.0, "is_deleted": false, "id": 5164765, "timezone_id": "Europe/Dublin", "comment_count": 0, "location": {"lon": -6.26036167, "full_detail": "Ireland", "uuid": "0dc18c3a-0754-4551-886f-70274ea00829", "lat": 53.34929607, "name": "Dublin", "venue": null, "id": 6833884, "country_code": "IE", "detail": "Ireland"}, "creation_time": 1529003354.0, "location_id": 6833884, "name": null, "fb_publish_status": null, "type": null, "likes": 0, "slug": "dublin", "weather_temperature": 18.0, "end_time": null, "supertype": "normal", "trip_id": 723716, "description": null, "open_graph_id": null, "uuid": "df34123e-e26a-4a58-99f1-48f4de95477a"}, {"views": 0, "main_media_item_path": null, "weather_condition": "clear-day", "start_time": 1405940402.0, "is_deleted": false, "id": 5164770, "timezone_id": "Europe/London", "comment_count": 0, "location": {"lon": -5.93833, "full_detail": "Northern Ireland, United Kingdom", "uuid": "613d67e3-41af-430b-9cf0-f03197967d10", "lat": 54.59667, "name": "Belfast", "venue": null, "id": 6833889, "country_code": "GB", "detail": "United Kingdom"}, "creation_time": 1529003374.0, "location_id": 6833889, "name": null, "fb_publish_status": null, "type": null, "likes": 0, "slug": "belfast", "weather_temperature": 21.0, "end_time": null, "supertype": "normal", "trip_id": 723716, "description": null, "open_graph_id": null, "uuid": "b5a4d167-f525-498a-b420-7c1c2803e838"}, {"views": 0, "main_media_item_path": null, "weather_condition": "partly-cloudy-night", "start_time": 1405976402.0, "is_deleted": false, "id": 5164800, "timezone_id": "Europe/London", "comment_count": 0, "location": {"lon": -7.33246013776659, "full_detail": "Northern Ireland, United Kingdom", "uuid": "c3fe4cc1-4bf7-4017-b8e4-6e44e7598380", "lat": 55.0294076139094, "name": "Derry", "venue": null, "id": 6833923, "country_code": "GB", "detail": "United Kingdom"}, "creation_time": 1529003404.0, "location_id": 6833923, "name": null, "fb_publish_status": null, "type": null, "likes": 0, "slug": "derry", "weather_temperature": 14.0, "end_time": null, "supertype": "normal", "trip_id": 723716, "description": null, "open_graph_id": null, "uuid": "addc5c2c-cebf-40fd-a463-706b39a6d87b"}, {"views": 0, "main_media_item_path": null, "weather_condition": "rain", "start_time": 1406142002.0, "is_deleted": false, "id": 5164805, "timezone_id": "Europe/Dublin", "comment_count": 0, "location": {"lon": -9.3224, "full_detail": "County Galway, Ireland", "uuid": "60c2cfda-860c-47da-b147-09011c9dc509", "lat": 53.428, "name": "Oughterard", "venue": null, "id": 6833964, "country_code": "IE", "detail": "Ireland"}, "creation_time": 1529003507.0, "location_id": 6833964, "name": null, "fb_publish_status": null, "type": null, "likes": 0, "slug": "sligo", "weather_temperature": 19.0, "end_time": null, "supertype": "normal", "trip_id": 723716, "description": null, "open_graph_id": null, "uuid": "ade8b20a-8185-47fe-94e3-0891659ea30c"}, {"views": 0, "main_media_item_path": null, "weather_condition": "partly-cloudy-day", "start_time": 1406394002.0, "is_deleted": false, "id": 5164878, "timezone_id": "Europe/Dublin", "comment_count": 0, "location": {"lon": -7.9405, "full_detail": "County Westmeath, Ireland", "uuid": "4e4835fb-3778-4900-b1c6-007b0b16ea3f", "lat": 53.4246, "name": "Athlone", "venue": null, "id": 6834016, "country_code": "IE", "detail": "Ireland"}, "creation_time": 1529003774.0, "location_id": 6834016, "name": null, "fb_publish_status": null, "type": null, "likes": 0, "slug": "athlone", "weather_temperature": 16.0, "end_time": null, "supertype": "normal", "trip_id": 723716, "description": null, "open_graph_id": null, "uuid": "baffc456-7d2a-4ebb-bde5-88e9a096756c"}, {"views": 0, "main_media_item_path": null, "weather_condition": null, "start_time": 1406624402.0, "is_deleted": false, "id": 5164896, "timezone_id": "Europe/Dublin", "comment_count": 0, "location": {"lon": -8.4436, "full_detail": "County Clare, Ireland", "uuid": "0b9aec12-b455-4b94-aa83-a1a271f93ff4", "lat": 52.8067, "name": "Killaloe", "venue": null, "id": 6834040, "country_code": "IE", "detail": "Ireland"}, "creation_time": 1529003836.0, "location_id": 6834040, "name": null, "fb_publish_status": null, "type": null, "likes": 0, "slug": "killaloe", "weather_temperature": null, "end_time": null, "supertype": "normal", "trip_id": 723716, "description": null, "open_graph_id": null, "uuid": "c3951884-1018-4ab2-974b-dc0596b957a5"}, {"views": 0, "main_media_item_path": null, "weather_condition": "rain", "start_time": 1406631602.0, "is_deleted": false, "id": 5164903, "timezone_id": "Europe/Dublin", "comment_count": 0, "location": {"lon": -6.26036167, "full_detail": "Ireland", "uuid": "591338b8-746d-40b1-9298-7aba67a887cf", "lat": 53.34929607, "name": "Dublin", "venue": null, "id": 6834065, "country_code": "IE", "detail": "Ireland"}, "creation_time": 1529003869.0, "location_id": 6834065, "name": null, "fb_publish_status": null, "type": null, "likes": 0, "slug": "dublin", "weather_temperature": 17.0, "end_time": null, "supertype": "normal", "trip_id": 723716, "description": null, "open_graph_id": null, "uuid": "4f5651b6-2cad-48a2-b8bb-dbbb5af738ec"}, {"views": 0, "main_media_item_path": null, "weather_condition": null, "start_time": 1406655002.0, "is_deleted": false, "id": 5164917, "timezone_id": "Europe/Prague", "comment_count": 0, "location": {"lon": 14.4484658821896, "full_detail": "Prague, Czech Republic", "uuid": "3ffeaa55-a4cb-4f3b-8254-fc288fadff30", "lat": 50.1044680698499, "name": "Prague", "venue": null, "id": 6834066, "country_code": "CZ", "detail": "Czech Republic"}, "creation_time": 1529003895.0, "location_id": 6834066, "name": null, "fb_publish_status": null, "type": null, "likes": 0, "slug": "prague", "weather_temperature": null, "end_time": null, "supertype": "normal", "trip_id": 723716, "description": null, "open_graph_id": null, "uuid": "01089334-5135-4dd2-a840-26ee3a121ba3"}, {"views": 0, "main_media_item_path": null, "weather_condition": "partly-cloudy-day", "start_time": 1406998802.0, "is_deleted": false, "id": 5164923, "timezone_id": "Europe/Warsaw", "comment_count": 0, "location": {"lon": 19.9407889315627, "full_detail": "Lesser Poland Voivodeship, Poland", "uuid": "16a0e7ac-9418-49c7-9181-5c64f97bbab2", "lat": 50.0635394191991, "name": "Krak\u00f3w", "venue": null, "id": 6834075, "country_code": "PL", "detail": "Poland"}, "creation_time": 1529003939.0, "location_id": 6834075, "name": null, "fb_publish_status": null, "type": null, "likes": 0, "slug": "krakow", "weather_temperature": 29.0, "end_time": null, "supertype": "normal", "trip_id": 723716, "description": null, "open_graph_id": null, "uuid": "27f9c678-08c7-4b58-b79a-d1791301cadc"}, {"views": 0, "main_media_item_path": null, "weather_condition": "clear-day", "start_time": 1407258002.0, "is_deleted": false, "id": 5164935, "timezone_id": "Europe/Bratislava", "comment_count": 0, "location": {"lon": 17.1144873299572, "full_detail": "Bratislava Region, Slovakia", "uuid": "d05d8da7-f153-4fb0-be8e-4f080c7c122e", "lat": 48.1432800321414, "name": "Bratislava", "venue": null, "id": 6834092, "country_code": "SK", "detail": "Slovakia"}, "creation_time": 1529003974.0, "location_id": 6834092, "name": null, "fb_publish_status": null, "type": null, "likes": 0, "slug": "bratislava", "weather_temperature": 22.0, "end_time": null, "supertype": "normal", "trip_id": 723716, "description": null, "open_graph_id": null, "uuid": "63d8dd70-1cd3-41d1-a005-31894b53180a"}, {"views": 0, "main_media_item_path": null, "weather_condition": "rain", "start_time": 1407355202.0, "is_deleted": false, "id": 5164941, "timezone_id": "Europe/Budapest", "comment_count": 0, "location": {"lon": 19.04083, "full_detail": "Budapest, Hungary", "uuid": "b2032650-72e2-4ce2-93e4-86abed96c7e4", "lat": 47.49833, "name": "Budapest", "venue": null, "id": 6834100, "country_code": "HU", "detail": "Hungary"}, "creation_time": 1529004021.0, "location_id": 6834100, "name": null, "fb_publish_status": null, "type": null, "likes": 0, "slug": "budapest", "weather_temperature": 19.0, "end_time": null, "supertype": "normal", "trip_id": 723716, "description": null, "open_graph_id": null, "uuid": "ac52f608-6824-4275-bc78-2f419ad78112"}, {"views": 0, "main_media_item_path": null, "weather_condition": null, "start_time": 1407823202.0, "is_deleted": false, "id": 5164956, "timezone_id": "Europe/Belgrade", "comment_count": 0, "location": {"lon": 20.4593586125183, "full_detail": "Stari Grad, Serbia", "uuid": "e22c1706-ce39-4942-aac2-f9caac460c50", "lat": 44.8201625401528, "name": "Belgrade", "venue": null, "id": 6834119, "country_code": "RS", "detail": "Serbia"}, "creation_time": 1529004046.0, "location_id": 6834119, "name": null, "fb_publish_status": null, "type": null, "likes": 0, "slug": "belgrade", "weather_temperature": null, "end_time": null, "supertype": "normal", "trip_id": 723716, "description": null, "open_graph_id": null, "uuid": "7bd7a210-917d-48c0-9b41-8c947ba78f7c"}, {"views": 0, "main_media_item_path": null, "weather_condition": "partly-cloudy-night", "start_time": 1408129202.0, "is_deleted": false, "id": 5164969, "timezone_id": "Europe/Zagreb", "comment_count": 0, "location": {"lon": 15.9779695046907, "full_detail": "Zagreb County, Croatia", "uuid": "f06c1680-3c15-44d5-8c86-9cbd673259ff", "lat": 45.8105487883749, "name": "Zagreb", "venue": null, "id": 6834132, "country_code": "HR", "detail": "Croatia"}, "creation_time": 1529004106.0, "location_id": 6834132, "name": null, "fb_publish_status": null, "type": null, "likes": 0, "slug": "zagreb", "weather_temperature": 18.0, "end_time": null, "supertype": "normal", "trip_id": 723716, "description": null, "open_graph_id": null, "uuid": "cf834b4c-b391-480c-8ce9-1cbf95310856"}, {"views": 0, "main_media_item_path": null, "weather_condition": null, "start_time": 1408165202.0, "is_deleted": false, "id": 5164976, "timezone_id": "Europe/Zagreb", "comment_count": 0, "location": {"lon": 16.4390790668698, "full_detail": "Split-Dalmatia County, Croatia", "uuid": "f13bab89-3af4-492c-b2ef-199cec49fb4c", "lat": 43.5092885778683, "name": "Split", "venue": null, "id": 6834140, "country_code": "HR", "detail": "Croatia"}, "creation_time": 1529004156.0, "location_id": 6834140, "name": null, "fb_publish_status": null, "type": null, "likes": 0, "slug": "split", "weather_temperature": null, "end_time": null, "supertype": "normal", "trip_id": 723716, "description": null, "open_graph_id": null, "uuid": "28666cac-ff23-42c4-a2ee-756728a0345a"}, {"views": 0, "main_media_item_path": null, "weather_condition": null, "start_time": 1408375802.0, "is_deleted": false, "id": 5164987, "timezone_id": "Europe/Zagreb", "comment_count": 0, "location": {"lon": 16.4394236555931, "full_detail": "Split-Dalmatia County, Croatia", "uuid": "cf084de5-8616-49d3-96ba-4fccc7bee61d", "lat": 43.1723833763057, "name": "Hvar", "venue": null, "id": 6834153, "country_code": "HR", "detail": "Croatia"}, "creation_time": 1529004182.0, "location_id": 6834153, "name": null, "fb_publish_status": null, "type": null, "likes": 0, "slug": "hvar", "weather_temperature": null, "end_time": null, "supertype": "normal", "trip_id": 723716, "description": null, "open_graph_id": null, "uuid": "b9feb99b-7374-4dc0-b99c-96c51c9ceb40"}, {"views": 0, "main_media_item_path": null, "weather_condition": null, "start_time": 1408523402.0, "is_deleted": false, "id": 5165011, "timezone_id": "Europe/Ljubljana", "comment_count": 0, "location": {"lon": 14.1106536770463, "full_detail": "Bled Municipality, Slovenia", "uuid": "4b58db8f-0201-470e-a2c3-7a26f4cf3dc8", "lat": 46.3696256128036, "name": "Bled", "venue": null, "id": 6834179, "country_code": "SI", "detail": "Slovenia"}, "creation_time": 1529004218.0, "location_id": 6834179, "name": null, "fb_publish_status": null, "type": null, "likes": 0, "slug": "bled", "weather_temperature": null, "end_time": null, "supertype": "normal", "trip_id": 723716, "description": null, "open_graph_id": null, "uuid": "c01cfdd2-2cd5-4378-892b-32d457d7a4b4"}, {"views": 0, "main_media_item_path": null, "weather_condition": "partly-cloudy-day", "start_time": 1408699802.0, "is_deleted": false, "id": 5165034, "timezone_id": "Europe/Berlin", "comment_count": 0, "location": {"lon": 8.67972, "full_detail": "Hesse, Germany", "uuid": "1e9a7992-da3a-4d8b-a84b-ea42e8916853", "lat": 50.11361, "name": "Frankfurt", "venue": null, "id": 6834204, "country_code": "DE", "detail": "Germany"}, "creation_time": 1529004266.0, "location_id": 6834204, "name": null, "fb_publish_status": null, "type": null, "likes": 0, "slug": "frankfurt", "weather_temperature": 16.0, "end_time": null, "supertype": "normal", "trip_id": 723716, "description": null, "open_graph_id": null, "uuid": "0c7ae914-3205-4361-aa7f-932e73ee795e"}, {"views": 0, "main_media_item_path": null, "weather_condition": null, "start_time": 1408723202.0, "is_deleted": false, "id": 5165055, "timezone_id": "Europe/Brussels", "comment_count": 0, "location": {"lon": 4.70403339665677, "full_detail": "Flemish Brabant, Belgium", "uuid": "b2c07d80-5179-4fde-ae8b-8158a6c6e505", "lat": 50.8787775455211, "name": "Leuven", "venue": null, "id": 6834235, "country_code": "BE", "detail": "Belgium"}, "creation_time": 1529004393.0, "location_id": 6834235, "name": null, "fb_publish_status": null, "type": null, "likes": 0, "slug": "leuven", "weather_temperature": null, "end_time": null, "supertype": "normal", "trip_id": 723716, "description": null, "open_graph_id": null, "uuid": "41f3fc8b-b7db-4729-a1ce-e8aa722a3cad"}, {"views": 0, "main_media_item_path": null, "weather_condition": null, "start_time": 1408978802.0, "is_deleted": false, "id": 5165058, "timezone_id": "Europe/Brussels", "comment_count": 0, "location": {"lon": 4.3547, "full_detail": "Brussels-Capital Region, Belgium", "uuid": "246605a0-ad17-46f4-af84-7bb8d172b299", "lat": 50.8467, "name": "Brussels", "venue": null, "id": 6834239, "country_code": "BE", "detail": "Belgium"}, "creation_time": 1529004435.0, "location_id": 6834239, "name": null, "fb_publish_status": null, "type": null, "likes": 0, "slug": "brussels", "weather_temperature": null, "end_time": null, "supertype": "normal", "trip_id": 723716, "description": null, "open_graph_id": null, "uuid": "5e770ebb-6d1d-4520-a7dc-7388cf71e0b1"}, {"views": 0, "main_media_item_path": null, "weather_condition": "partly-cloudy-day", "start_time": 1409058002.0, "is_deleted": false, "id": 5165065, "timezone_id": "Europe/Amsterdam", "comment_count": 0, "location": {"lon": 4.9, "full_detail": "North Holland, Netherlands", "uuid": "90223fa3-501f-43ee-9f65-1e6d5d814569", "lat": 52.378, "name": "Amsterdam", "venue": null, "id": 6834248, "country_code": "NL", "detail": "Netherlands"}, "creation_time": 1529004466.0, "location_id": 6834248, "name": null, "fb_publish_status": null, "type": null, "likes": 0, "slug": "amsterdam", "weather_temperature": 16.0, "end_time": null, "supertype": "normal", "trip_id": 723716, "description": null, "open_graph_id": null, "uuid": "20885553-4f0d-46ce-84d5-d92accdda170"}, {"views": 0, "main_media_item_path": null, "weather_condition": null, "start_time": 1409263202.0, "is_deleted": false, "id": 5165074, "timezone_id": "Europe/London", "comment_count": 0, "location": {"lon": 0.3848, "full_detail": "England, United Kingdom", "uuid": "ae992749-2f8b-4594-aa9f-962ff52ccbb3", "lat": 52.1954, "name": "Newmarket", "venue": null, "id": 6834258, "country_code": "GB", "detail": "United Kingdom"}, "creation_time": 1529004501.0, "location_id": 6834258, "name": null, "fb_publish_status": null, "type": null, "likes": 0, "slug": "newmarket", "weather_temperature": null, "end_time": null, "supertype": "normal", "trip_id": 723716, "description": null, "open_graph_id": null, "uuid": "28df0d91-b667-4a17-b83d-f04fe6a2c57e"}], "open_graph_id": null, "uuid": "bc302934-c1dc-4b91-a5f0-f0bca2c30f04", "featured": null, "cover_photo_thumb_path": null, "end_date": 1409266740.0}