{"feature_date": null, "open_graph_id": null, "timezone_id": "Europe/London", "likes": 0, "summary": "", "type": null, "start_date": 1405638002.0, "end_date": 1409266740.0, "is_deleted": false, "id": 723716, "all_steps": [{"open_graph_id": null, "timezone_id": "Europe/London", "likes": 0, "type": null, "creation_time": 1529003325.0, "location_id": 6833876, "id": 5164757, "supertype": "normal", "is_deleted": false, "description": null, "weather_temperature": null, "start_time": 1405692002.0, "views": 0, "location": {"lon": 0.3848, "country_code": "GB", "lat": 52.1954, "id": 6833876, "full_detail": "England, United Kingdom", "uuid": "bab5922f-a27f-4ddc-9823-257ac2cf72d3", "venue": null, "detail": "United Kingdom", "name": "Newmarket"}, "trip_id": 723716, "end_time": null, "main_media_item_path": null, "name": null, "uuid": "781d4193-6517-48c1-91b7-1de1633b8e12", "fb_publish_status": null, "weather_condition": null, "slug": "newmarket", "comment_count": 0}, {"open_graph_id": null, "timezone_id": "Europe/Dublin", "likes": 0, "type": null, "creation_time": 1529003354.0, "location_id": 6833884, "id": 5164765, "supertype": "normal", "is_deleted": false, "description": null, "weather_temperature": 18.0, "start_time": 1405774802.0, "views": 0, "location": {"lon": -6.26036167, "country_code": "IE", "lat": 53.34929607, "id": 6833884, "full_detail": "Ireland", "uuid": "0dc18c3a-0754-4551-886f-70274ea00829", "venue": null, "detail": "Ireland", "name": "Dublin"}, "trip_id": 723716, "end_time": null, "main_media_item_path": null, "name": null, "uuid": "df34123e-e26a-4a58-99f1-48f4de95477a", "fb_publish_status": null, "weather_condition": "partly-cloudy-day", "slug": "dublin", "comment_count": 0}, {"open_graph_id": null, "timezone_id": "Europe/London", "likes": 0, "type": null, "creation_time": 1529003374.0, "location_id": 6833889, "id": 5164770, "supertype": "normal", "is_deleted": false, "description": null, "weather_temperature": 21.0, "start_time": 1405940402.0, "views": 0, "location": {"lon": -5.93833, "country_code": "GB", "lat": 54.59667, "id": 6833889, "full_detail": "Northern Ireland, United Kingdom", "uuid": "613d67e3-41af-430b-9cf0-f03197967d10", "venue": null, "detail": "United Kingdom", "name": "Belfast"}, "trip_id": 723716, "end_time": null, "main_media_item_path": null, "name": null, "uuid": "b5a4d167-f525-498a-b420-7c1c2803e838", "fb_publish_status": null, "weather_condition": "clear-day", "slug": "belfast", "comment_count": 0}, {"open_graph_id": null, "timezone_id": "Europe/London", "likes": 0, "type": null, "creation_time": 1529003404.0, "location_id": 6833923, "id": 5164800, "supertype": "normal", "is_deleted": false, "description": null, "weather_temperature": 14.0, "start_time": 1405976402.0, "views": 0, "location": {"lon": -7.33246013776659, "country_code": "GB", "lat": 55.0294076139094, "id": 6833923, "full_detail": "Northern Ireland, United Kingdom", "uuid": "c3fe4cc1-4bf7-4017-b8e4-6e44e7598380", "venue": null, "detail": "United Kingdom", "name": "Derry"}, "trip_id": 723716, "end_time": null, "main_media_item_path": null, "name": null, "uuid": "addc5c2c-cebf-40fd-a463-706b39a6d87b", "fb_publish_status": null, "weather_condition": "partly-cloudy-night", "slug": "derry", "comment_count": 0}, {"open_graph_id": null, "timezone_id": "Europe/Dublin", "likes": 0, "type": null, "creation_time": 1529003507.0, "location_id": 6833964, "id": 5164805, "supertype": "normal", "is_deleted": false, "description": null, "weather_temperature": 19.0, "start_time": 1406142002.0, "views": 0, "location": {"lon": -9.3224, "country_code": "IE", "lat": 53.428, "id": 6833964, "full_detail": "County Galway, Ireland", "uuid": "60c2cfda-860c-47da-b147-09011c9dc509", "venue": null, "detail": "Ireland", "name": "Oughterard"}, "trip_id": 723716, "end_time": null, "main_media_item_path": null, "name": null, "uuid": "ade8b20a-8185-47fe-94e3-0891659ea30c", "fb_publish_status": null, "weather_condition": "rain", "slug": "sligo", "comment_count": 0}, {"open_graph_id": null, "timezone_id": "Europe/Dublin", "likes": 0, "type": null, "creation_time": 1529003774.0, "location_id": 6834016, "id": 5164878, "supertype": "normal", "is_deleted": false, "description": null, "weather_temperature": 16.0, "start_time": 1406394002.0, "views": 0, "location": {"lon": -7.9405, "country_code": "IE", "lat": 53.4246, "id": 6834016, "full_detail": "County Westmeath, Ireland", "uuid": "4e4835fb-3778-4900-b1c6-007b0b16ea3f", "venue": null, "detail": "Ireland", "name": "Athlone"}, "trip_id": 723716, "end_time": null, "main_media_item_path": null, "name": null, "uuid": "baffc456-7d2a-4ebb-bde5-88e9a096756c", "fb_publish_status": null, "weather_condition": "partly-cloudy-day", "slug": "athlone", "comment_count": 0}, {"open_graph_id": null, "timezone_id": "Europe/Dublin", "likes": 0, "type": null, "creation_time": 1529003836.0, "location_id": 6834040, "id": 5164896, "supertype": "normal", "is_deleted": false, "description": null, "weather_temperature": null, "start_time": 1406624402.0, "views": 0, "location": {"lon": -8.4436, "country_code": "IE", "lat": 52.8067, "id": 6834040, "full_detail": "County Clare, Ireland", "uuid": "0b9aec12-b455-4b94-aa83-a1a271f93ff4", "venue": null, "detail": "Ireland", "name": "Killaloe"}, "trip_id": 723716, "end_time": null, "main_media_item_path": null, "name": null, "uuid": "c3951884-1018-4ab2-974b-dc0596b957a5", "fb_publish_status": null, "weather_condition": null, "slug": "killaloe", "comment_count": 0}, {"open_graph_id": null, "timezone_id": "Europe/Dublin", "likes": 0, "type": null, "creation_time": 1529003869.0, "location_id": 6834065, "id": 5164903, "supertype": "normal", "is_deleted": false, "description": null, "weather_temperature": 17.0, "start_time": 1406631602.0, "views": 0, "location": {"lon": -6.26036167, "country_code": "IE", "lat": 53.34929607, "id": 6834065, "full_detail": "Ireland", "uuid": "591338b8-746d-40b1-9298-7aba67a887cf", "venue": null, "detail": "Ireland", "name": "Dublin"}, "trip_id": 723716, "end_time": null, "main_media_item_path": null, "name": null, "uuid": "4f5651b6-2cad-48a2-b8bb-dbbb5af738ec", "fb_publish_status": null, "weather_condition": "rain", "slug": "dublin", "comment_count": 0}, {"open_graph_id": null, "timezone_id": "Europe/Prague", "likes": 0, "type": null, "creation_time": 1529003895.0, "location_id": 6834066, "id": 5164917, "supertype": "normal", "is_deleted": false, "description": null, "weather_temperature": null, "start_time": 1406655002.0, "views": 0, "location": {"lon": 14.4484658821896, "country_code": "CZ", "lat": 50.1044680698499, "id": 6834066, "full_detail": "Prague, Czech Republic", "uuid": "3ffeaa55-a4cb-4f3b-8254-fc288fadff30", "venue": null, "detail": "Czech Republic", "name": "Prague"}, "trip_id": 723716, "end_time": null, "main_media_item_path": null, "name": null, "uuid": "01089334-5135-4dd2-a840-26ee3a121ba3", "fb_publish_status": null, "weather_condition": null, "slug": "prague", "comment_count": 0}, {"open_graph_id": null, "timezone_id": "Europe/Warsaw", "likes": 0, "type": null, "creation_time": 1529003939.0, "location_id": 6834075, "id": 5164923, "supertype": "normal", "is_deleted": false, "description": null, "weather_temperature": 29.0, "start_time": 1406998802.0, "views": 0, "location": {"lon": 19.9407889315627, "country_code": "PL", "lat": 50.0635394191991, "id": 6834075, "full_detail": "Lesser Poland Voivodeship, Poland", "uuid": "16a0e7ac-9418-49c7-9181-5c64f97bbab2", "venue": null, "detail": "Poland", "name": "Krak\u00f3w"}, "trip_id": 723716, "end_time": null, "main_media_item_path": null, "name": null, "uuid": "27f9c678-08c7-4b58-b79a-d1791301cadc", "fb_publish_status": null, "weather_condition": "partly-cloudy-day", "slug": "krakow", "comment_count": 0}, {"open_graph_id": null, "timezone_id": "Europe/Bratislava", "likes": 0, "type": null, "creation_time": 1529003974.0, "location_id": 6834092, "id": 5164935, "supertype": "normal", "is_deleted": false, "description": null, "weather_temperature": 22.0, "start_time": 1407258002.0, "views": 0, "location": {"lon": 17.1144873299572, "country_code": "SK", "lat": 48.1432800321414, "id": 6834092, "full_detail": "Bratislava Region, Slovakia", "uuid": "d05d8da7-f153-4fb0-be8e-4f080c7c122e", "venue": null, "detail": "Slovakia", "name": "Bratislava"}, "trip_id": 723716, "end_time": null, "main_media_item_path": null, "name": null, "uuid": "63d8dd70-1cd3-41d1-a005-31894b53180a", "fb_publish_status": null, "weather_condition": "clear-day", "slug": "bratislava", "comment_count": 0}, {"open_graph_id": null, "timezone_id": "Europe/Budapest", "likes": 0, "type": null, "creation_time": 1529004021.0, "location_id": 6834100, "id": 5164941, "supertype": "normal", "is_deleted": false, "description": null, "weather_temperature": 19.0, "start_time": 1407355202.0, "views": 0, "location": {"lon": 19.04083, "country_code": "HU", "lat": 47.49833, "id": 6834100, "full_detail": "Budapest, Hungary", "uuid": "b2032650-72e2-4ce2-93e4-86abed96c7e4", "venue": null, "detail": "Hungary", "name": "Budapest"}, "trip_id": 723716, "end_time": null, "main_media_item_path": null, "name": null, "uuid": "ac52f608-6824-4275-bc78-2f419ad78112", "fb_publish_status": null, "weather_condition": "rain", "slug": "budapest", "comment_count": 0}, {"open_graph_id": null, "timezone_id": "Europe/Belgrade", "likes": 0, "type": null, "creation_time": 1529004046.0, "location_id": 6834119, "id": 5164956, "supertype": "normal", "is_deleted": false, "description": null, "weather_temperature": null, "start_time": 1407823202.0, "views": 0, "location": {"lon": 20.4593586125183, "country_code": "RS", "lat": 44.8201625401528, "id": 6834119, "full_detail": "Stari Grad, Serbia", "uuid": "e22c1706-ce39-4942-aac2-f9caac460c50", "venue": null, "detail": "Serbia", "name": "Belgrade"}, "trip_id": 723716, "end_time": null, "main_media_item_path": null, "name": null, "uuid": "7bd7a210-917d-48c0-9b41-8c947ba78f7c", "fb_publish_status": null, "weather_condition": null, "slug": "belgrade", "comment_count": 0}, {"open_graph_id": null, "timezone_id": "Europe/Zagreb", "likes": 0, "type": null, "creation_time": 1529004106.0, "location_id": 6834132, "id": 5164969, "supertype": "normal", "is_deleted": false, "description": null, "weather_temperature": 18.0, "start_time": 1408129202.0, "views": 0, "location": {"lon": 15.9779695046907, "country_code": "HR", "lat": 45.8105487883749, "id": 6834132, "full_detail": "Zagreb County, Croatia", "uuid": "f06c1680-3c15-44d5-8c86-9cbd673259ff", "venue": null, "detail": "Croatia", "name": "Zagreb"}, "trip_id": 723716, "end_time": null, "main_media_item_path": null, "name": null, "uuid": "cf834b4c-b391-480c-8ce9-1cbf95310856", "fb_publish_status": null, "weather_condition": "partly-cloudy-night", "slug": "zagreb", "comment_count": 0}, {"open_graph_id": null, "timezone_id": "Europe/Zagreb", "likes": 0, "type": null, "creation_time": 1529004156.0, "location_id": 6834140, "id": 5164976, "supertype": "normal", "is_deleted": false, "description": null, "weather_temperature": null, "start_time": 1408165202.0, "views": 0, "location": {"lon": 16.4390790668698, "country_code": "HR", "lat": 43.5092885778683, "id": 6834140, "full_detail": "Split-Dalmatia County, Croatia", "uuid": "f13bab89-3af4-492c-b2ef-199cec49fb4c", "venue": null, "detail": "Croatia", "name": "Split"}, "trip_id": 723716, "end_time": null, "main_media_item_path": null, "name": null, "uuid": "28666cac-ff23-42c4-a2ee-756728a0345a", "fb_publish_status": null, "weather_condition": null, "slug": "split", "comment_count": 0}, {"open_graph_id": null, "timezone_id": "Europe/Zagreb", "likes": 0, "type": null, "creation_time": 1529004182.0, "location_id": 6834153, "id": 5164987, "supertype": "normal", "is_deleted": false, "description": null, "weather_temperature": null, "start_time": 1408375802.0, "views": 0, "location": {"lon": 16.4394236555931, "country_code": "HR", "lat": 43.1723833763057, "id": 6834153, "full_detail": "Split-Dalmatia County, Croatia", "uuid": "cf084de5-8616-49d3-96ba-4fccc7bee61d", "venue": null, "detail": "Croatia", "name": "Hvar"}, "trip_id": 723716, "end_time": null, "main_media_item_path": null, "name": null, "uuid": "b9feb99b-7374-4dc0-b99c-96c51c9ceb40", "fb_publish_status": null, "weather_condition": null, "slug": "hvar", "comment_count": 0}, {"open_graph_id": null, "timezone_id": "Europe/Ljubljana", "likes": 0, "type": null, "creation_time": 1529004218.0, "location_id": 6834179, "id": 5165011, "supertype": "normal", "is_deleted": false, "description": null, "weather_temperature": null, "start_time": 1408523402.0, "views": 0, "location": {"lon": 14.1106536770463, "country_code": "SI", "lat": 46.3696256128036, "id": 6834179, "full_detail": "Bled Municipality, Slovenia", "uuid": "4b58db8f-0201-470e-a2c3-7a26f4cf3dc8", "venue": null, "detail": "Slovenia", "name": "Bled"}, "trip_id": 723716, "end_time": null, "main_media_item_path": null, "name": null, "uuid": "c01cfdd2-2cd5-4378-892b-32d457d7a4b4", "fb_publish_status": null, "weather_condition": null, "slug": "bled", "comment_count": 0}, {"open_graph_id": null, "timezone_id": "Europe/Berlin", "likes": 0, "type": null, "creation_time": 1529004266.0, "location_id": 6834204, "id": 5165034, "supertype": "normal", "is_deleted": false, "description": null, "weather_temperature": 16.0, "start_time": 1408699802.0, "views": 0, "location": {"lon": 8.67972, "country_code": "DE", "lat": 50.11361, "id": 6834204, "full_detail": "Hesse, Germany", "uuid": "1e9a7992-da3a-4d8b-a84b-ea42e8916853", "venue": null, "detail": "Germany", "name": "Frankfurt"}, "trip_id": 723716, "end_time": null, "main_media_item_path": null, "name": null, "uuid": "0c7ae914-3205-4361-aa7f-932e73ee795e", "fb_publish_status": null, "weather_condition": "partly-cloudy-day", "slug": "frankfurt", "comment_count": 0}, {"open_graph_id": null, "timezone_id": "Europe/Brussels", "likes": 0, "type": null, "creation_time": 1529004393.0, "location_id": 6834235, "id": 5165055, "supertype": "normal", "is_deleted": false, "description": null, "weather_temperature": null, "start_time": 1408723202.0, "views": 0, "location": {"lon": 4.70403339665677, "country_code": "BE", "lat": 50.8787775455211, "id": 6834235, "full_detail": "Flemish Brabant, Belgium", "uuid": "b2c07d80-5179-4fde-ae8b-8158a6c6e505", "venue": null, "detail": "Belgium", "name": "Leuven"}, "trip_id": 723716, "end_time": null, "main_media_item_path": null, "name": null, "uuid": "41f3fc8b-b7db-4729-a1ce-e8aa722a3cad", "fb_publish_status": null, "weather_condition": null, "slug": "leuven", "comment_count": 0}, {"open_graph_id": null, "timezone_id": "Europe/Brussels", "likes": 0, "type": null, "creation_time": 1529004435.0, "location_id": 6834239, "id": 5165058, "supertype": "normal", "is_deleted": false, "description": null, "weather_temperature": null, "start_time": 1408978802.0, "views": 0, "location": {"lon": 4.3547, "country_code": "BE", "lat": 50.8467, "id": 6834239, "full_detail": "Brussels-Capital Region, Belgium", "uuid": "246605a0-ad17-46f4-af84-7bb8d172b299", "venue": null, "detail": "Belgium", "name": "Brussels"}, "trip_id": 723716, "end_time": null, "main_media_item_path": null, "name": null, "uuid": "5e770ebb-6d1d-4520-a7dc-7388cf71e0b1", "fb_publish_status": null, "weather_condition": null, "slug": "brussels", "comment_count": 0}, {"open_graph_id": null, "timezone_id": "Europe/Amsterdam", "likes": 0, "type": null, "creation_time": 1529004466.0, "location_id": 6834248, "id": 5165065, "supertype": "normal", "is_deleted": false, "description": null, "weather_temperature": 16.0, "start_time": 1409058002.0, "views": 0, "location": {"lon": 4.9, "country_code": "NL", "lat": 52.378, "id": 6834248, "full_detail": "North Holland, Netherlands", "uuid": "90223fa3-501f-43ee-9f65-1e6d5d814569", "venue": null, "detail": "Netherlands", "name": "Amsterdam"}, "trip_id": 723716, "end_time": null, "main_media_item_path": null, "name": null, "uuid": "20885553-4f0d-46ce-84d5-d92accdda170", "fb_publish_status": null, "weather_condition": "partly-cloudy-day", "slug": "amsterdam", "comment_count": 0}, {"open_graph_id": null, "timezone_id": "Europe/London", "likes": 0, "type": null, "creation_time": 1529004501.0, "location_id": 6834258, "id": 5165074, "supertype": "normal", "is_deleted": false, "description": null, "weather_temperature": null, "start_time": 1409263202.0, "views": 0, "location": {"lon": 0.3848, "country_code": "GB", "lat": 52.1954, "id": 6834258, "full_detail": "England, United Kingdom", "uuid": "ae992749-2f8b-4594-aa9f-962ff52ccbb3", "venue": null, "detail": "United Kingdom", "name": "Newmarket"}, "trip_id": 723716, "end_time": null, "main_media_item_path": null, "name": null, "uuid": "28df0d91-b667-4a17-b83d-f04fe6a2c57e", "fb_publish_status": null, "weather_condition": null, "slug": "newmarket", "comment_count": 0}], "user_id": 642440, "language": null, "visibility": 1, "featured_priority_for_new_users": null, "featured": null, "views": 0, "total_km": 6328.64417075833, "step_count": 22, "name": "Ireland and Interrailling", "feature_text": null, "uuid": "bc302934-c1dc-4b91-a5f0-f0bca2c30f04", "cover_photo_thumb_path": null, "fb_publish_status": null, "cover_photo_path": null, "slug": "ireland-and-interrailling"}