{"feature_date": null, "open_graph_id": null, "timezone_id": "Europe/London", "likes": 0, "summary": "", "type": null, "start_date": 1139529602.0, "end_date": 1140393540.0, "is_deleted": false, "id": 726272, "all_steps": [{"open_graph_id": null, "timezone_id": "Europe/London", "likes": 0, "type": null, "creation_time": 1529109607.0, "location_id": 6855412, "id": 5182675, "supertype": "normal", "is_deleted": false, "description": null, "weather_temperature": null, "start_time": 1139572802.0, "views": 0, "location": {"lon": 0.3848, "country_code": "GB", "lat": 52.1954, "id": 6855412, "full_detail": "England, United Kingdom", "uuid": "b41736f1-5d43-4665-a69b-9a083fe7672b", "venue": null, "detail": "United Kingdom", "name": "Newmarket"}, "trip_id": 726272, "end_time": null, "main_media_item_path": null, "name": null, "uuid": "fa8c7f39-2683-45fa-8d1f-4c09bf5027a2", "fb_publish_status": null, "weather_condition": null, "slug": "newmarket", "comment_count": 0}, {"open_graph_id": null, "timezone_id": "Europe/Paris", "likes": 0, "type": null, "creation_time": 1529109644.0, "location_id": 6855419, "id": 5182680, "supertype": "normal", "is_deleted": false, "description": null, "weather_temperature": null, "start_time": 1139655602.0, "views": 0, "location": {"lon": 6.70917, "country_code": "FR", "lat": 46.18, "id": 6855419, "full_detail": "Haute-Savoie, France", "uuid": "dd24f251-de56-47cc-a9ad-76a69994d207", "venue": null, "detail": "France", "name": "Morzine"}, "trip_id": 726272, "end_time": null, "main_media_item_path": null, "name": null, "uuid": "02181147-6ae0-4f59-aa50-daecbe73e0c9", "fb_publish_status": null, "weather_condition": null, "slug": "morzine", "comment_count": 0}, {"open_graph_id": null, "timezone_id": "Europe/London", "likes": 0, "type": null, "creation_time": 1529109622.0, "location_id": 6855415, "id": 5182678, "supertype": "normal", "is_deleted": false, "description": null, "weather_temperature": 6.0, "start_time": 1140350402.0, "views": 0, "location": {"lon": 0.3848, "country_code": "GB", "lat": 52.1954, "id": 6855415, "full_detail": "England, United Kingdom", "uuid": "cc3e755d-8d50-433b-a70e-b9e6ac1565d4", "venue": null, "detail": "United Kingdom", "name": "Newmarket"}, "trip_id": 726272, "end_time": null, "main_media_item_path": null, "name": null, "uuid": "f39ea1c0-2588-4f3d-9834-60814bd58fcb", "fb_publish_status": null, "weather_condition": "partly-cloudy-day", "slug": "newmarket", "comment_count": 0}], "user_id": 642440, "language": null, "visibility": 1, "featured_priority_for_new_users": null, "featured": null, "views": 0, "total_km": 1622.25907241505, "step_count": 3, "name": "Morzine 2006", "feature_text": null, "uuid": "f1f4fb6a-30ae-49a0-82fb-50b670caef45", "cover_photo_thumb_path": null, "fb_publish_status": null, "cover_photo_path": null, "slug": "morzine-2006"}