{"summary": "", "views": 0, "fb_publish_status": null, "is_deleted": false, "timezone_id": "Europe/London", "cover_photo_path": null, "step_count": 3, "total_km": 1622.25907241505, "start_date": 1139529602.0, "id": 726272, "user_id": 642440, "type": null, "likes": 0, "feature_text": null, "slug": "morzine-2006", "language": null, "name": "Morzine 2006", "visibility": 1, "feature_date": null, "featured_priority_for_new_users": null, "all_steps": [{"views": 0, "main_media_item_path": null, "weather_condition": null, "start_time": 1139572802.0, "is_deleted": false, "id": 5182675, "timezone_id": "Europe/London", "comment_count": 0, "location": {"lon": 0.3848, "full_detail": "England, United Kingdom", "uuid": "b41736f1-5d43-4665-a69b-9a083fe7672b", "lat": 52.1954, "name": "Newmarket", "venue": null, "id": 6855412, "country_code": "GB", "detail": "United Kingdom"}, "creation_time": 1529109607.0, "location_id": 6855412, "name": null, "fb_publish_status": null, "type": null, "likes": 0, "slug": "newmarket", "weather_temperature": null, "end_time": null, "supertype": "normal", "trip_id": 726272, "description": null, "open_graph_id": null, "uuid": "fa8c7f39-2683-45fa-8d1f-4c09bf5027a2"}, {"views": 0, "main_media_item_path": null, "weather_condition": null, "start_time": 1139655602.0, "is_deleted": false, "id": 5182680, "timezone_id": "Europe/Paris", "comment_count": 0, "location": {"lon": 6.70917, "full_detail": "Haute-Savoie, France", "uuid": "dd24f251-de56-47cc-a9ad-76a69994d207", "lat": 46.18, "name": "Morzine", "venue": null, "id": 6855419, "country_code": "FR", "detail": "France"}, "creation_time": 1529109644.0, "location_id": 6855419, "name": null, "fb_publish_status": null, "type": null, "likes": 0, "slug": "morzine", "weather_temperature": null, "end_time": null, "supertype": "normal", "trip_id": 726272, "description": null, "open_graph_id": null, "uuid": "02181147-6ae0-4f59-aa50-daecbe73e0c9"}, {"views": 0, "main_media_item_path": null, "weather_condition": "partly-cloudy-day", "start_time": 1140350402.0, "is_deleted": false, "id": 5182678, "timezone_id": "Europe/London", "comment_count": 0, "location": {"lon": 0.3848, "full_detail": "England, United Kingdom", "uuid": "cc3e755d-8d50-433b-a70e-b9e6ac1565d4", "lat": 52.1954, "name": "Newmarket", "venue": null, "id": 6855415, "country_code": "GB", "detail": "United Kingdom"}, "creation_time": 1529109622.0, "location_id": 6855415, "name": null, "fb_publish_status": null, "type": null, "likes": 0, "slug": "newmarket", "weather_temperature": 6.0, "end_time": null, "supertype": "normal", "trip_id": 726272, "description": null, "open_graph_id": null, "uuid": "f39ea1c0-2588-4f3d-9834-60814bd58fcb"}], "open_graph_id": null, "uuid": "f1f4fb6a-30ae-49a0-82fb-50b670caef45", "featured": null, "cover_photo_thumb_path": null, "end_date": 1140393540.0}