{"summary": "", "views": 0, "fb_publish_status": null, "is_deleted": false, "timezone_id": "Europe/London", "cover_photo_path": null, "step_count": 3, "total_km": 1318.49673336559, "start_date": 1155337201.0, "id": 726279, "user_id": 642440, "type": null, "likes": 0, "feature_text": null, "slug": "france-2006", "language": null, "name": "France 2006", "visibility": 1, "feature_date": null, "featured_priority_for_new_users": null, "all_steps": [{"views": 0, "main_media_item_path": null, "weather_condition": null, "start_time": 1155380401.0, "is_deleted": false, "id": 5182714, "timezone_id": "Europe/London", "comment_count": 0, "location": {"lon": 0.3848, "full_detail": "England, United Kingdom", "uuid": "ca5156a0-28d1-49b0-b42f-f3d6e36c517f", "lat": 52.1954, "name": "Newmarket", "venue": null, "id": 6855456, "country_code": "GB", "detail": "United Kingdom"}, "creation_time": 1529110072.0, "location_id": 6855456, "name": null, "fb_publish_status": null, "type": null, "likes": 0, "slug": "newmarket", "weather_temperature": null, "end_time": null, "supertype": "normal", "trip_id": 726279, "description": null, "open_graph_id": null, "uuid": "546a6e40-fd39-48b0-8e07-e472a945b6e4"}, {"views": 0, "main_media_item_path": null, "weather_condition": "clear-day", "start_time": 1155466801.0, "is_deleted": false, "id": 5182717, "timezone_id": "Europe/Paris", "comment_count": 0, "location": {"lon": 7.75222, "full_detail": "Bas-Rhin, France", "uuid": "b898ba57-97ce-48b2-98b7-5a655ee292f9", "lat": 48.57333, "name": "Strasbourg", "venue": null, "id": 6855459, "country_code": "FR", "detail": "France"}, "creation_time": 1529110099.0, "location_id": 6855459, "name": null, "fb_publish_status": null, "type": null, "likes": 0, "slug": "strasbourg", "weather_temperature": 25.0, "end_time": null, "supertype": "normal", "trip_id": 726279, "description": null, "open_graph_id": null, "uuid": "2aaeced3-0361-4e0f-9e68-55ee879f4004"}, {"views": 0, "main_media_item_path": null, "weather_condition": null, "start_time": 1156590001.0, "is_deleted": false, "id": 5182715, "timezone_id": "Europe/London", "comment_count": 0, "location": {"lon": 0.3848, "full_detail": "England, United Kingdom", "uuid": "d59e0cd3-a122-4912-bf14-724fdecf4d5b", "lat": 52.1954, "name": "Newmarket", "venue": null, "id": 6855457, "country_code": "GB", "detail": "United Kingdom"}, "creation_time": 1529110086.0, "location_id": 6855457, "name": null, "fb_publish_status": null, "type": null, "likes": 0, "slug": "newmarket", "weather_temperature": null, "end_time": null, "supertype": "normal", "trip_id": 726279, "description": null, "open_graph_id": null, "uuid": "56f7d333-0e4a-4ddd-9c40-56ebdd3484b7"}], "open_graph_id": null, "uuid": "39f19c93-ec76-421d-bfea-7aab6410f643", "featured": null, "cover_photo_thumb_path": null, "end_date": 1156633140.0}