{"feature_date": null, "open_graph_id": null, "timezone_id": "Europe/London", "likes": 0, "summary": "", "type": null, "start_date": 1155337201.0, "end_date": 1156633140.0, "is_deleted": false, "id": 726279, "all_steps": [{"open_graph_id": null, "timezone_id": "Europe/London", "likes": 0, "type": null, "creation_time": 1529110072.0, "location_id": 6855456, "id": 5182714, "supertype": "normal", "is_deleted": false, "description": null, "weather_temperature": null, "start_time": 1155380401.0, "views": 0, "location": {"lon": 0.3848, "country_code": "GB", "lat": 52.1954, "id": 6855456, "full_detail": "England, United Kingdom", "uuid": "ca5156a0-28d1-49b0-b42f-f3d6e36c517f", "venue": null, "detail": "United Kingdom", "name": "Newmarket"}, "trip_id": 726279, "end_time": null, "main_media_item_path": null, "name": null, "uuid": "546a6e40-fd39-48b0-8e07-e472a945b6e4", "fb_publish_status": null, "weather_condition": null, "slug": "newmarket", "comment_count": 0}, {"open_graph_id": null, "timezone_id": "Europe/Paris", "likes": 0, "type": null, "creation_time": 1529110099.0, "location_id": 6855459, "id": 5182717, "supertype": "normal", "is_deleted": false, "description": null, "weather_temperature": 25.0, "start_time": 1155985201.0, "views": 0, "location": {"lon": 7.75222, "country_code": "FR", "lat": 48.57333, "id": 6855459, "full_detail": "Bas-Rhin, France", "uuid": "b898ba57-97ce-48b2-98b7-5a655ee292f9", "venue": null, "detail": "France", "name": "Strasbourg"}, "trip_id": 726279, "end_time": null, "main_media_item_path": null, "name": null, "uuid": "2aaeced3-0361-4e0f-9e68-55ee879f4004", "fb_publish_status": null, "weather_condition": "clear-day", "slug": "strasbourg", "comment_count": 0}, {"open_graph_id": null, "timezone_id": "Europe/London", "likes": 0, "type": null, "creation_time": 1529110086.0, "location_id": 6855457, "id": 5182715, "supertype": "normal", "is_deleted": false, "description": null, "weather_temperature": null, "start_time": 1156590001.0, "views": 0, "location": {"lon": 0.3848, "country_code": "GB", "lat": 52.1954, "id": 6855457, "full_detail": "England, United Kingdom", "uuid": "d59e0cd3-a122-4912-bf14-724fdecf4d5b", "venue": null, "detail": "United Kingdom", "name": "Newmarket"}, "trip_id": 726279, "end_time": null, "main_media_item_path": null, "name": null, "uuid": "56f7d333-0e4a-4ddd-9c40-56ebdd3484b7", "fb_publish_status": null, "weather_condition": null, "slug": "newmarket", "comment_count": 0}], "user_id": 642440, "language": null, "visibility": 1, "featured_priority_for_new_users": null, "featured": null, "views": 0, "total_km": 1318.49673336559, "step_count": 3, "name": "France 2006", "feature_text": null, "uuid": "39f19c93-ec76-421d-bfea-7aab6410f643", "cover_photo_thumb_path": null, "fb_publish_status": null, "cover_photo_path": null, "slug": "france-2006"}