{"summary": "", "views": 0, "fb_publish_status": null, "is_deleted": false, "timezone_id": "Europe/London", "cover_photo_path": null, "step_count": 3, "total_km": 3334.85033270982, "start_date": 1421539201.0, "id": 723628, "user_id": 642440, "type": null, "likes": 0, "feature_text": null, "slug": "riga", "language": null, "name": "Riga", "visibility": 1, "feature_date": null, "featured_priority_for_new_users": null, "all_steps": [{"views": 0, "main_media_item_path": null, "weather_condition": null, "start_time": 1421557201.0, "is_deleted": false, "id": 5164402, "timezone_id": "Europe/London", "comment_count": 0, "location": {"lon": -1.2081209503649, "full_detail": "England, United Kingdom", "uuid": "eb40b1d8-802f-4bfb-8e20-1d3d26876a08", "lat": 52.9268241468975, "name": "Nottingham", "venue": null, "id": 6833451, "country_code": "GB", "detail": "United Kingdom"}, "creation_time": 1529001992.0, "location_id": 6833451, "name": null, "fb_publish_status": null, "type": null, "likes": 0, "slug": "nottingham", "weather_temperature": null, "end_time": null, "supertype": "normal", "trip_id": 723628, "description": null, "open_graph_id": null, "uuid": "10e76041-41c0-49d7-a603-a7a45708910a"}, {"views": 0, "main_media_item_path": null, "weather_condition": null, "start_time": 1421578801.0, "is_deleted": false, "id": 5164418, "timezone_id": "Europe/Riga", "comment_count": 0, "location": {"lon": 24.10694, "full_detail": "Riga, Latvia", "uuid": "5e48d0bd-70fb-42fa-a193-7c63678a857c", "lat": 56.9475, "name": "Riga", "venue": null, "id": 6833469, "country_code": "LV", "detail": "Latvia"}, "creation_time": 1529002034.0, "location_id": 6833469, "name": null, "fb_publish_status": null, "type": null, "likes": 0, "slug": "riga", "weather_temperature": null, "end_time": null, "supertype": "normal", "trip_id": 723628, "description": null, "open_graph_id": null, "uuid": "82dd1932-c1aa-4a5c-85d0-a74707c160c1"}, {"views": 0, "main_media_item_path": null, "weather_condition": "rain", "start_time": 1422023401.0, "is_deleted": false, "id": 5164427, "timezone_id": "Europe/London", "comment_count": 0, "location": {"lon": -1.20806081284582, "full_detail": "England, United Kingdom", "uuid": "9ff977db-8681-47ee-af4f-436233024b2a", "lat": 52.9268220388507, "name": "Nottingham", "venue": null, "id": 6833482, "country_code": "GB", "detail": "United Kingdom"}, "creation_time": 1529002079.0, "location_id": 6833482, "name": null, "fb_publish_status": null, "type": null, "likes": 0, "slug": "nottingham", "weather_temperature": 3.0, "end_time": null, "supertype": "normal", "trip_id": 723628, "description": null, "open_graph_id": null, "uuid": "be7ed7ab-ce7b-46d2-9577-67a5ab3962f1"}], "open_graph_id": null, "uuid": "4562cb42-5dd7-41f4-84be-ccac3ae0f893", "featured": null, "cover_photo_thumb_path": null, "end_date": 1422057541.0}