{"feature_date": null, "open_graph_id": null, "timezone_id": "Europe/London", "likes": 0, "summary": "", "type": null, "start_date": 1421539201.0, "end_date": 1422057541.0, "is_deleted": false, "id": 723628, "all_steps": [{"open_graph_id": null, "timezone_id": "Europe/London", "likes": 0, "type": null, "creation_time": 1529001992.0, "location_id": 6833451, "id": 5164402, "supertype": "normal", "is_deleted": false, "description": null, "weather_temperature": null, "start_time": 1421557201.0, "views": 0, "location": {"lon": -1.2081209503649, "country_code": "GB", "lat": 52.9268241468975, "id": 6833451, "full_detail": "England, United Kingdom", "uuid": "eb40b1d8-802f-4bfb-8e20-1d3d26876a08", "venue": null, "detail": "United Kingdom", "name": "Nottingham"}, "trip_id": 723628, "end_time": null, "main_media_item_path": null, "name": null, "uuid": "10e76041-41c0-49d7-a603-a7a45708910a", "fb_publish_status": null, "weather_condition": null, "slug": "nottingham", "comment_count": 0}, {"open_graph_id": null, "timezone_id": "Europe/Riga", "likes": 0, "type": null, "creation_time": 1529002034.0, "location_id": 6833469, "id": 5164418, "supertype": "normal", "is_deleted": false, "description": null, "weather_temperature": null, "start_time": 1421578801.0, "views": 0, "location": {"lon": 24.10694, "country_code": "LV", "lat": 56.9475, "id": 6833469, "full_detail": "Riga, Latvia", "uuid": "5e48d0bd-70fb-42fa-a193-7c63678a857c", "venue": null, "detail": "Latvia", "name": "Riga"}, "trip_id": 723628, "end_time": null, "main_media_item_path": null, "name": null, "uuid": "82dd1932-c1aa-4a5c-85d0-a74707c160c1", "fb_publish_status": null, "weather_condition": null, "slug": "riga", "comment_count": 0}, {"open_graph_id": null, "timezone_id": "Europe/London", "likes": 0, "type": null, "creation_time": 1529002079.0, "location_id": 6833482, "id": 5164427, "supertype": "normal", "is_deleted": false, "description": null, "weather_temperature": 3.0, "start_time": 1422023401.0, "views": 0, "location": {"lon": -1.20806081284582, "country_code": "GB", "lat": 52.9268220388507, "id": 6833482, "full_detail": "England, United Kingdom", "uuid": "9ff977db-8681-47ee-af4f-436233024b2a", "venue": null, "detail": "United Kingdom", "name": "Nottingham"}, "trip_id": 723628, "end_time": null, "main_media_item_path": null, "name": null, "uuid": "be7ed7ab-ce7b-46d2-9577-67a5ab3962f1", "fb_publish_status": null, "weather_condition": "rain", "slug": "nottingham", "comment_count": 0}], "user_id": 642440, "language": null, "visibility": 1, "featured_priority_for_new_users": null, "featured": null, "views": 0, "total_km": 3334.85033270982, "step_count": 3, "name": "Riga", "feature_text": null, "uuid": "4562cb42-5dd7-41f4-84be-ccac3ae0f893", "cover_photo_thumb_path": null, "fb_publish_status": null, "cover_photo_path": null, "slug": "riga"}