{"feature_date": null, "open_graph_id": null, "timezone_id": "Europe/London", "likes": 0, "summary": "", "type": null, "start_date": 1495666802.0, "end_date": 1497308341.0, "is_deleted": false, "id": 723513, "all_steps": [{"open_graph_id": null, "timezone_id": "America/Vancouver", "likes": 0, "type": null, "creation_time": 1529000057.0, "location_id": 6832774, "id": 5163834, "supertype": "normal", "is_deleted": false, "description": null, "weather_temperature": 21.0, "start_time": 1495753202.0, "views": 0, "location": {"lon": -122.9543, "country_code": "CA", "lat": 50.1172, "id": 6832774, "full_detail": "British Columbia, Canada", "uuid": "f817bbd6-efa4-4e82-950b-05e2c00410ed", "venue": null, "detail": "Canada", "name": "Whistler"}, "trip_id": 723513, "end_time": null, "main_media_item_path": null, "name": null, "uuid": "746cd811-e03b-4f84-9175-76cb3f1e0d60", "fb_publish_status": null, "weather_condition": "partly-cloudy-day", "slug": "whistler", "comment_count": 0}, {"open_graph_id": null, "timezone_id": "America/Mexico_City", "likes": 0, "type": null, "creation_time": 1529000082.0, "location_id": 6832785, "id": 5163842, "supertype": "normal", "is_deleted": false, "description": null, "weather_temperature": 17.0, "start_time": 1495809002.0, "views": 0, "location": {"lon": -99.14556, "country_code": "MX", "lat": 19.41944, "id": 6832785, "full_detail": "Mexico City, Mexico", "uuid": "7a1e2811-b627-4fe5-8e76-e646e10b1b93", "venue": null, "detail": "Mexico", "name": "Mexico City"}, "trip_id": 723513, "end_time": null, "main_media_item_path": null, "name": null, "uuid": "7f967909-5253-460b-8cab-42f299e81429", "fb_publish_status": null, "weather_condition": "partly-cloudy-day", "slug": "mexico-city", "comment_count": 0}, {"open_graph_id": null, "timezone_id": "America/Guatemala", "likes": 0, "type": null, "creation_time": 1528997458.0, "location_id": 6832057, "id": 5163212, "supertype": "normal", "is_deleted": false, "description": null, "weather_temperature": 24.0, "start_time": 1495832402.0, "views": 0, "location": {"lon": -90.73333, "country_code": "GT", "lat": 14.56667, "id": 6832057, "full_detail": "Sacatep\u00e9quez, Guatemala", "uuid": "6caec225-5eb2-4229-8493-82d9203c552d", "venue": null, "detail": "Guatemala", "name": "Antigua Guatemala"}, "trip_id": 723513, "end_time": null, "main_media_item_path": null, "name": null, "uuid": "0c3b14e2-49fb-480e-88ba-7d9f27c63c1e", "fb_publish_status": null, "weather_condition": "partly-cloudy-day", "slug": "antigua-guatemala", "comment_count": 0}, {"open_graph_id": null, "timezone_id": "America/Guatemala", "likes": 0, "type": null, "creation_time": 1528997539.0, "location_id": 6832077, "id": 5163227, "supertype": "normal", "is_deleted": false, "description": null, "weather_temperature": 26.0, "start_time": 1496253602.0, "views": 0, "location": {"lon": -89.9667, "country_code": "GT", "lat": 15.5667, "id": 6832077, "full_detail": "Alta Verapaz Department, Guatemala", "uuid": "77837a87-399d-4c75-9ecf-3d1964199ebf", "venue": null, "detail": "Guatemala", "name": "Lanqu\u00edn"}, "trip_id": 723513, "end_time": null, "main_media_item_path": null, "name": null, "uuid": "597d8fbc-33ef-4d5f-9a37-1d8afccc9a46", "fb_publish_status": null, "weather_condition": "partly-cloudy-day", "slug": "lanquin", "comment_count": 0}, {"open_graph_id": null, "timezone_id": "America/Guatemala", "likes": 0, "type": null, "creation_time": 1528997590.0, "location_id": 6832097, "id": 5163246, "supertype": "normal", "is_deleted": false, "description": null, "weather_temperature": 23.0, "start_time": 1496458802.0, "views": 0, "location": {"lon": -89.8885581226675, "country_code": "GT", "lat": 16.9359063127491, "id": 6832097, "full_detail": "Pet\u00e9n Department, Guatemala", "uuid": "e3b56c12-82a8-406c-bd36-80b45cfc55c1", "venue": null, "detail": "Guatemala", "name": "Flores"}, "trip_id": 723513, "end_time": null, "main_media_item_path": null, "name": null, "uuid": "e41121c7-a587-4b57-a662-de25326327e4", "fb_publish_status": null, "weather_condition": "partly-cloudy-night", "slug": "flores", "comment_count": 0}, {"open_graph_id": null, "timezone_id": "America/Guatemala", "likes": 0, "type": null, "creation_time": 1528997667.0, "location_id": 6832125, "id": 5163268, "supertype": "normal", "is_deleted": false, "description": null, "weather_temperature": 32.0, "start_time": 1496685602.0, "views": 0, "location": {"lon": -88.9836957089061, "country_code": "GT", "lat": 15.6775547251556, "id": 6832125, "full_detail": "Izabal Department, Guatemala", "uuid": "b8511d28-9636-4b59-9c4e-d7d3f7c7a21a", "venue": null, "detail": "Guatemala", "name": "Livingston"}, "trip_id": 723513, "end_time": null, "main_media_item_path": null, "name": null, "uuid": "197d9447-5b0b-4c13-8090-8aa150b11bd9", "fb_publish_status": null, "weather_condition": "clear-day", "slug": "livingston", "comment_count": 0}, {"open_graph_id": null, "timezone_id": "America/Guatemala", "likes": 0, "type": null, "creation_time": 1528997801.0, "location_id": 6832158, "id": 5163299, "supertype": "normal", "is_deleted": false, "description": null, "weather_temperature": 22.0, "start_time": 1496944802.0, "views": 0, "location": {"lon": -91.2704772991876, "country_code": "GT", "lat": 14.6912753494408, "id": 6832158, "full_detail": "Solol\u00e1 Department, Guatemala", "uuid": "b22796bb-996d-4142-868b-d42b30c7ad37", "venue": null, "detail": "Guatemala", "name": "San Pedro La Laguna"}, "trip_id": 723513, "end_time": null, "main_media_item_path": null, "name": null, "uuid": "68cb6760-3504-4bb9-9cf6-f27585aed09c", "fb_publish_status": null, "weather_condition": "partly-cloudy-day", "slug": "san-pedro-la-laguna", "comment_count": 0}, {"open_graph_id": null, "timezone_id": "America/Guatemala", "likes": 0, "type": null, "creation_time": 1528997878.0, "location_id": 6832170, "id": 5163310, "supertype": "normal", "is_deleted": false, "description": null, "weather_temperature": 22.0, "start_time": 1497117602.0, "views": 0, "location": {"lon": -90.73333, "country_code": "GT", "lat": 14.56667, "id": 6832170, "full_detail": "Sacatep\u00e9quez, Guatemala", "uuid": "50e572b0-60c0-4daa-a2bf-6010b6ea466c", "venue": null, "detail": "Guatemala", "name": "Antigua Guatemala"}, "trip_id": 723513, "end_time": null, "main_media_item_path": null, "name": null, "uuid": "008ecd10-24aa-4104-b564-2e73d4c77d7b", "fb_publish_status": null, "weather_condition": "rain", "slug": "antigua-guatemala", "comment_count": 0}, {"open_graph_id": null, "timezone_id": "America/Guatemala", "likes": 0, "type": null, "creation_time": 1529000290.0, "location_id": 6832881, "id": 5163930, "supertype": "normal", "is_deleted": false, "description": null, "weather_temperature": 19.0, "start_time": 1497191402.0, "views": 0, "location": {"lon": -90.53139, "country_code": "GT", "lat": 14.62278, "id": 6832881, "full_detail": "Guatemala Department, Guatemala", "uuid": "be1e9197-491a-4e01-bef4-f1477aa53e4a", "venue": null, "detail": "Guatemala", "name": "Guatemala City"}, "trip_id": 723513, "end_time": null, "main_media_item_path": null, "name": null, "uuid": "0dc9de82-0a30-4b47-8343-fe84ec867f70", "fb_publish_status": null, "weather_condition": "rain", "slug": "guatemala-city", "comment_count": 0}, {"open_graph_id": null, "timezone_id": "America/Mexico_City", "likes": 0, "type": null, "creation_time": 1528997917.0, "location_id": 6832185, "id": 5163322, "supertype": "normal", "is_deleted": false, "description": null, "weather_temperature": null, "start_time": 1497207602.0, "views": 0, "location": {"lon": -99.14556, "country_code": "MX", "lat": 19.41944, "id": 6832185, "full_detail": "Mexico City, Mexico", "uuid": "5f2390d9-75fd-4525-8df9-a16e13dfab4a", "venue": null, "detail": "Mexico", "name": "Mexico City"}, "trip_id": 723513, "end_time": null, "main_media_item_path": null, "name": null, "uuid": "8262a6a5-0b7a-485c-83fc-eb64f7eb19f7", "fb_publish_status": null, "weather_condition": null, "slug": "mexico-city", "comment_count": 0}, {"open_graph_id": null, "timezone_id": "America/Vancouver", "likes": 0, "type": null, "creation_time": 1529000249.0, "location_id": 6832869, "id": 5163921, "supertype": "normal", "is_deleted": false, "description": null, "weather_temperature": 17.0, "start_time": 1497294002.0, "views": 0, "location": {"lon": -122.9543, "country_code": "CA", "lat": 50.1172, "id": 6832869, "full_detail": "British Columbia, Canada", "uuid": "cfaf32e2-5fb4-4e9a-94aa-9f897ff3e904", "venue": null, "detail": "Canada", "name": "Whistler"}, "trip_id": 723513, "end_time": null, "main_media_item_path": null, "name": null, "uuid": "ed49187e-e26a-4a21-85b3-84441dcb1826", "fb_publish_status": null, "weather_condition": "partly-cloudy-day", "slug": "whistler", "comment_count": 0}], "user_id": 642440, "language": null, "visibility": 1, "featured_priority_for_new_users": null, "featured": null, "views": 0, "total_km": 10937.8536519509, "step_count": 11, "name": "Guatemala 2017", "feature_text": null, "uuid": "fd3aeac9-fc36-47c8-a4ce-14e703842c16", "cover_photo_thumb_path": null, "fb_publish_status": null, "cover_photo_path": null, "slug": "guatemala-2017"}