{"summary": "", "views": 0, "fb_publish_status": null, "is_deleted": false, "timezone_id": "Europe/London", "cover_photo_path": null, "step_count": 11, "total_km": 10937.8536519509, "start_date": 1495666802.0, "id": 723513, "user_id": 642440, "type": null, "likes": 0, "feature_text": null, "slug": "guatemala-2017", "language": null, "name": "Guatemala 2017", "visibility": 1, "feature_date": null, "featured_priority_for_new_users": null, "all_steps": [{"views": 0, "main_media_item_path": null, "weather_condition": "partly-cloudy-day", "start_time": 1495753202.0, "is_deleted": false, "id": 5163834, "timezone_id": "America/Vancouver", "comment_count": 0, "location": {"lon": -122.9543, "full_detail": "British Columbia, Canada", "uuid": "f817bbd6-efa4-4e82-950b-05e2c00410ed", "lat": 50.1172, "name": "Whistler", "venue": null, "id": 6832774, "country_code": "CA", "detail": "Canada"}, "creation_time": 1529000057.0, "location_id": 6832774, "name": null, "fb_publish_status": null, "type": null, "likes": 0, "slug": "whistler", "weather_temperature": 21.0, "end_time": null, "supertype": "normal", "trip_id": 723513, "description": null, "open_graph_id": null, "uuid": "746cd811-e03b-4f84-9175-76cb3f1e0d60"}, {"views": 0, "main_media_item_path": null, "weather_condition": "partly-cloudy-day", "start_time": 1495809002.0, "is_deleted": false, "id": 5163842, "timezone_id": "America/Mexico_City", "comment_count": 0, "location": {"lon": -99.14556, "full_detail": "Mexico City, Mexico", "uuid": "7a1e2811-b627-4fe5-8e76-e646e10b1b93", "lat": 19.41944, "name": "Mexico City", "venue": null, "id": 6832785, "country_code": "MX", "detail": "Mexico"}, "creation_time": 1529000082.0, "location_id": 6832785, "name": null, "fb_publish_status": null, "type": null, "likes": 0, "slug": "mexico-city", "weather_temperature": 17.0, "end_time": null, "supertype": "normal", "trip_id": 723513, "description": null, "open_graph_id": null, "uuid": "7f967909-5253-460b-8cab-42f299e81429"}, {"views": 0, "main_media_item_path": null, "weather_condition": "partly-cloudy-day", "start_time": 1495832402.0, "is_deleted": false, "id": 5163212, "timezone_id": "America/Guatemala", "comment_count": 0, "location": {"lon": -90.73333, "full_detail": "Sacatep\u00e9quez, Guatemala", "uuid": "6caec225-5eb2-4229-8493-82d9203c552d", "lat": 14.56667, "name": "Antigua Guatemala", "venue": null, "id": 6832057, "country_code": "GT", "detail": "Guatemala"}, "creation_time": 1528997458.0, "location_id": 6832057, "name": null, "fb_publish_status": null, "type": null, "likes": 0, "slug": "antigua-guatemala", "weather_temperature": 24.0, "end_time": null, "supertype": "normal", "trip_id": 723513, "description": null, "open_graph_id": null, "uuid": "0c3b14e2-49fb-480e-88ba-7d9f27c63c1e"}, {"views": 0, "main_media_item_path": null, "weather_condition": "partly-cloudy-day", "start_time": 1496253602.0, "is_deleted": false, "id": 5163227, "timezone_id": "America/Guatemala", "comment_count": 0, "location": {"lon": -89.9667, "full_detail": "Alta Verapaz Department, Guatemala", "uuid": "77837a87-399d-4c75-9ecf-3d1964199ebf", "lat": 15.5667, "name": "Lanqu\u00edn", "venue": null, "id": 6832077, "country_code": "GT", "detail": "Guatemala"}, "creation_time": 1528997539.0, "location_id": 6832077, "name": null, "fb_publish_status": null, "type": null, "likes": 0, "slug": "lanquin", "weather_temperature": 26.0, "end_time": null, "supertype": "normal", "trip_id": 723513, "description": null, "open_graph_id": null, "uuid": "597d8fbc-33ef-4d5f-9a37-1d8afccc9a46"}, {"views": 0, "main_media_item_path": null, "weather_condition": "partly-cloudy-night", "start_time": 1496458802.0, "is_deleted": false, "id": 5163246, "timezone_id": "America/Guatemala", "comment_count": 0, "location": {"lon": -89.8885581226675, "full_detail": "Pet\u00e9n Department, Guatemala", "uuid": "e3b56c12-82a8-406c-bd36-80b45cfc55c1", "lat": 16.9359063127491, "name": "Flores", "venue": null, "id": 6832097, "country_code": "GT", "detail": "Guatemala"}, "creation_time": 1528997590.0, "location_id": 6832097, "name": null, "fb_publish_status": null, "type": null, "likes": 0, "slug": "flores", "weather_temperature": 23.0, "end_time": null, "supertype": "normal", "trip_id": 723513, "description": null, "open_graph_id": null, "uuid": "e41121c7-a587-4b57-a662-de25326327e4"}, {"views": 0, "main_media_item_path": null, "weather_condition": "clear-day", "start_time": 1496685602.0, "is_deleted": false, "id": 5163268, "timezone_id": "America/Guatemala", "comment_count": 0, "location": {"lon": -88.9836957089061, "full_detail": "Izabal Department, Guatemala", "uuid": "b8511d28-9636-4b59-9c4e-d7d3f7c7a21a", "lat": 15.6775547251556, "name": "Livingston", "venue": null, "id": 6832125, "country_code": "GT", "detail": "Guatemala"}, "creation_time": 1528997667.0, "location_id": 6832125, "name": null, "fb_publish_status": null, "type": null, "likes": 0, "slug": "livingston", "weather_temperature": 32.0, "end_time": null, "supertype": "normal", "trip_id": 723513, "description": null, "open_graph_id": null, "uuid": "197d9447-5b0b-4c13-8090-8aa150b11bd9"}, {"views": 0, "main_media_item_path": null, "weather_condition": "partly-cloudy-day", "start_time": 1496944802.0, "is_deleted": false, "id": 5163299, "timezone_id": "America/Guatemala", "comment_count": 0, "location": {"lon": -91.2704772991876, "full_detail": "Solol\u00e1 Department, Guatemala", "uuid": "b22796bb-996d-4142-868b-d42b30c7ad37", "lat": 14.6912753494408, "name": "San Pedro La Laguna", "venue": null, "id": 6832158, "country_code": "GT", "detail": "Guatemala"}, "creation_time": 1528997801.0, "location_id": 6832158, "name": null, "fb_publish_status": null, "type": null, "likes": 0, "slug": "san-pedro-la-laguna", "weather_temperature": 22.0, "end_time": null, "supertype": "normal", "trip_id": 723513, "description": null, "open_graph_id": null, "uuid": "68cb6760-3504-4bb9-9cf6-f27585aed09c"}, {"views": 0, "main_media_item_path": null, "weather_condition": "rain", "start_time": 1497117602.0, "is_deleted": false, "id": 5163310, "timezone_id": "America/Guatemala", "comment_count": 0, "location": {"lon": -90.73333, "full_detail": "Sacatep\u00e9quez, Guatemala", "uuid": "50e572b0-60c0-4daa-a2bf-6010b6ea466c", "lat": 14.56667, "name": "Antigua Guatemala", "venue": null, "id": 6832170, "country_code": "GT", "detail": "Guatemala"}, "creation_time": 1528997878.0, "location_id": 6832170, "name": null, "fb_publish_status": null, "type": null, "likes": 0, "slug": "antigua-guatemala", "weather_temperature": 22.0, "end_time": null, "supertype": "normal", "trip_id": 723513, "description": null, "open_graph_id": null, "uuid": "008ecd10-24aa-4104-b564-2e73d4c77d7b"}, {"views": 0, "main_media_item_path": null, "weather_condition": "rain", "start_time": 1497191402.0, "is_deleted": false, "id": 5163930, "timezone_id": "America/Guatemala", "comment_count": 0, "location": {"lon": -90.53139, "full_detail": "Guatemala Department, Guatemala", "uuid": "be1e9197-491a-4e01-bef4-f1477aa53e4a", "lat": 14.62278, "name": "Guatemala City", "venue": null, "id": 6832881, "country_code": "GT", "detail": "Guatemala"}, "creation_time": 1529000290.0, "location_id": 6832881, "name": null, "fb_publish_status": null, "type": null, "likes": 0, "slug": "guatemala-city", "weather_temperature": 19.0, "end_time": null, "supertype": "normal", "trip_id": 723513, "description": null, "open_graph_id": null, "uuid": "0dc9de82-0a30-4b47-8343-fe84ec867f70"}, {"views": 0, "main_media_item_path": null, "weather_condition": null, "start_time": 1497207602.0, "is_deleted": false, "id": 5163322, "timezone_id": "America/Mexico_City", "comment_count": 0, "location": {"lon": -99.14556, "full_detail": "Mexico City, Mexico", "uuid": "5f2390d9-75fd-4525-8df9-a16e13dfab4a", "lat": 19.41944, "name": "Mexico City", "venue": null, "id": 6832185, "country_code": "MX", "detail": "Mexico"}, "creation_time": 1528997917.0, "location_id": 6832185, "name": null, "fb_publish_status": null, "type": null, "likes": 0, "slug": "mexico-city", "weather_temperature": null, "end_time": null, "supertype": "normal", "trip_id": 723513, "description": null, "open_graph_id": null, "uuid": "8262a6a5-0b7a-485c-83fc-eb64f7eb19f7"}, {"views": 0, "main_media_item_path": null, "weather_condition": "partly-cloudy-day", "start_time": 1497294002.0, "is_deleted": false, "id": 5163921, "timezone_id": "America/Vancouver", "comment_count": 0, "location": {"lon": -122.9543, "full_detail": "British Columbia, Canada", "uuid": "cfaf32e2-5fb4-4e9a-94aa-9f897ff3e904", "lat": 50.1172, "name": "Whistler", "venue": null, "id": 6832869, "country_code": "CA", "detail": "Canada"}, "creation_time": 1529000249.0, "location_id": 6832869, "name": null, "fb_publish_status": null, "type": null, "likes": 0, "slug": "whistler", "weather_temperature": 17.0, "end_time": null, "supertype": "normal", "trip_id": 723513, "description": null, "open_graph_id": null, "uuid": "ed49187e-e26a-4a21-85b3-84441dcb1826"}], "open_graph_id": null, "uuid": "fd3aeac9-fc36-47c8-a4ce-14e703842c16", "featured": null, "cover_photo_thumb_path": null, "end_date": 1497308341.0}