{"feature_date": null, "open_graph_id": null, "timezone_id": "Europe/London", "likes": 0, "summary": "France with Jo and Chris", "type": null, "start_date": 1280530802.0, "end_date": 1281999541.0, "is_deleted": false, "id": 726225, "all_steps": [{"open_graph_id": null, "timezone_id": "Europe/London", "likes": 0, "type": null, "creation_time": 1529106789.0, "location_id": 6855051, "id": 5182352, "supertype": "normal", "is_deleted": false, "description": null, "weather_temperature": null, "start_time": 1280574002.0, "views": 0, "location": {"lon": 0.3848, "country_code": "GB", "lat": 52.1954, "id": 6855051, "full_detail": "England, United Kingdom", "uuid": "2b740cea-a0f0-4a3a-ad7c-484b9c003437", "venue": null, "detail": "United Kingdom", "name": "Newmarket"}, "trip_id": 726225, "end_time": null, "main_media_item_path": null, "name": null, "uuid": "1c23c787-d80b-40e6-9eab-230dae111d48", "fb_publish_status": null, "weather_condition": null, "slug": "newmarket", "comment_count": 0}, {"open_graph_id": null, "timezone_id": "Europe/Paris", "likes": 0, "type": null, "creation_time": 1529177707.0, "location_id": 6871538, "id": 5195448, "supertype": "normal", "is_deleted": false, "description": null, "weather_temperature": 26.0, "start_time": 1280656802.0, "views": 0, "location": {"lon": 1.84278, "country_code": "FR", "lat": 44.48556, "id": 6871538, "full_detail": "Lot, France", "uuid": "94a7c6f6-d9e6-4e3c-87ab-9f32606038b1", "venue": null, "detail": "France", "name": "Cajarc"}, "trip_id": 726225, "end_time": null, "main_media_item_path": null, "name": null, "uuid": "cb37aea2-f347-47ba-a9ce-93f87f3e2491", "fb_publish_status": null, "weather_condition": "partly-cloudy-day", "slug": "cajarc", "comment_count": 0}, {"open_graph_id": null, "timezone_id": "Europe/London", "likes": 0, "type": null, "creation_time": 1529106839.0, "location_id": 6855061, "id": 5182362, "supertype": "normal", "is_deleted": false, "description": null, "weather_temperature": 15.0, "start_time": 1281956402.0, "views": 0, "location": {"lon": 0.3848, "country_code": "GB", "lat": 52.1954, "id": 6855061, "full_detail": "England, United Kingdom", "uuid": "672990a6-2753-4206-ac50-454760b955f8", "venue": null, "detail": "United Kingdom", "name": "Newmarket"}, "trip_id": 726225, "end_time": null, "main_media_item_path": null, "name": null, "uuid": "1ededb0f-271b-42ee-8d3f-bc66a455068b", "fb_publish_status": null, "weather_condition": "partly-cloudy-day", "slug": "newmarket", "comment_count": 0}], "user_id": 642440, "language": null, "visibility": 1, "featured_priority_for_new_users": null, "featured": null, "views": 0, "total_km": 1728.47321996771, "step_count": 3, "name": "France 2010", "feature_text": null, "uuid": "6d000c00-eb55-46f2-b11c-84c7845f6166", "cover_photo_thumb_path": null, "fb_publish_status": null, "cover_photo_path": null, "slug": "france-2010"}