{"summary": "France with Jo and Chris", "views": 0, "fb_publish_status": null, "is_deleted": false, "timezone_id": "Europe/London", "cover_photo_path": null, "step_count": 3, "total_km": 1728.47321996771, "start_date": 1280530802.0, "id": 726225, "user_id": 642440, "type": null, "likes": 0, "feature_text": null, "slug": "france-2010", "language": null, "name": "France 2010", "visibility": 1, "feature_date": null, "featured_priority_for_new_users": null, "all_steps": [{"views": 0, "main_media_item_path": null, "weather_condition": null, "start_time": 1280574002.0, "is_deleted": false, "id": 5182352, "timezone_id": "Europe/London", "comment_count": 0, "location": {"lon": 0.3848, "full_detail": "England, United Kingdom", "uuid": "2b740cea-a0f0-4a3a-ad7c-484b9c003437", "lat": 52.1954, "name": "Newmarket", "venue": null, "id": 6855051, "country_code": "GB", "detail": "United Kingdom"}, "creation_time": 1529106789.0, "location_id": 6855051, "name": null, "fb_publish_status": null, "type": null, "likes": 0, "slug": "newmarket", "weather_temperature": null, "end_time": null, "supertype": "normal", "trip_id": 726225, "description": null, "open_graph_id": null, "uuid": "1c23c787-d80b-40e6-9eab-230dae111d48"}, {"views": 0, "main_media_item_path": null, "weather_condition": "partly-cloudy-day", "start_time": 1280656802.0, "is_deleted": false, "id": 5195448, "timezone_id": "Europe/Paris", "comment_count": 0, "location": {"lon": 1.84278, "full_detail": "Lot, France", "uuid": "94a7c6f6-d9e6-4e3c-87ab-9f32606038b1", "lat": 44.48556, "name": "Cajarc", "venue": null, "id": 6871538, "country_code": "FR", "detail": "France"}, "creation_time": 1529177707.0, "location_id": 6871538, "name": null, "fb_publish_status": null, "type": null, "likes": 0, "slug": "cajarc", "weather_temperature": 26.0, "end_time": null, "supertype": "normal", "trip_id": 726225, "description": null, "open_graph_id": null, "uuid": "cb37aea2-f347-47ba-a9ce-93f87f3e2491"}, {"views": 0, "main_media_item_path": null, "weather_condition": "partly-cloudy-day", "start_time": 1281956402.0, "is_deleted": false, "id": 5182362, "timezone_id": "Europe/London", "comment_count": 0, "location": {"lon": 0.3848, "full_detail": "England, United Kingdom", "uuid": "672990a6-2753-4206-ac50-454760b955f8", "lat": 52.1954, "name": "Newmarket", "venue": null, "id": 6855061, "country_code": "GB", "detail": "United Kingdom"}, "creation_time": 1529106839.0, "location_id": 6855061, "name": null, "fb_publish_status": null, "type": null, "likes": 0, "slug": "newmarket", "weather_temperature": 15.0, "end_time": null, "supertype": "normal", "trip_id": 726225, "description": null, "open_graph_id": null, "uuid": "1ededb0f-271b-42ee-8d3f-bc66a455068b"}], "open_graph_id": null, "uuid": "6d000c00-eb55-46f2-b11c-84c7845f6166", "featured": null, "cover_photo_thumb_path": null, "end_date": 1281999541.0}