{"feature_date": null, "open_graph_id": null, "timezone_id": "Europe/London", "likes": 0, "summary": "", "type": null, "start_date": 1529190002.0, "end_date": 1540594741.0, "is_deleted": false, "id": 724343, "all_steps": [{"open_graph_id": null, "timezone_id": "Europe/London", "likes": 0, "type": null, "creation_time": 1529191703.0, "location_id": 6874258, "id": 5197710, "supertype": "normal", "is_deleted": false, "description": null, "weather_temperature": 13.0, "start_time": 1529233236.0, "views": 0, "location": {"lon": 0.3929798, "country_code": "GB", "lat": 52.1960945, "id": 6874258, "full_detail": "England, United Kingdom", "uuid": "d9a1be5a-c75f-4478-8c87-f4bd321646dd", "venue": null, "detail": "United Kingdom", "name": "Newmarket"}, "trip_id": 724343, "end_time": null, "main_media_item_path": null, "name": null, "uuid": "56a61d88-bb67-4bb5-a4cf-1ed2a2aaf08c", "fb_publish_status": null, "weather_condition": "partly-cloudy-night", "slug": "newmarket", "comment_count": 0}, {"open_graph_id": null, "timezone_id": "Europe/Zagreb", "likes": 0, "type": null, "creation_time": 1529269728.0, "location_id": 6894409, "id": 5213125, "supertype": "normal", "is_deleted": false, "description": null, "weather_temperature": 23.0, "start_time": 1529269728.0, "views": 0, "location": {"lon": 16.4426834, "country_code": "HR", "lat": 43.5116995, "id": 6894409, "full_detail": "Split-Dalmatia County, Croatia", "uuid": "8d0dfdb0-ef46-48ce-8455-a977f0006bd8", "venue": null, "detail": "Croatia", "name": "Split"}, "trip_id": 724343, "end_time": null, "main_media_item_path": null, "name": null, "uuid": "6892a909-da96-4b6d-8d63-cc3ba4a50234", "fb_publish_status": null, "weather_condition": "partly-cloudy-night", "slug": "split", "comment_count": 0}, {"open_graph_id": null, "timezone_id": "Europe/Zagreb", "likes": 0, "type": null, "creation_time": 1529431627.0, "location_id": 6930226, "id": 5241873, "supertype": "normal", "is_deleted": false, "description": null, "weather_temperature": 28.0, "start_time": 1529423312.0, "views": 0, "location": {"lon": 15.7756964, "country_code": "HR", "lat": 43.7606172, "id": 6930226, "full_detail": "\u0160ibenik-Knin County, Croatia", "uuid": "99a020d8-8e02-4e9f-839d-36bc2c1b6f95", "venue": null, "detail": "Croatia", "name": "Vodice"}, "trip_id": 724343, "end_time": null, "main_media_item_path": null, "name": null, "uuid": "06397057-dc78-47b7-ada2-1dbe6e5978fd", "fb_publish_status": null, "weather_condition": "clear-day", "slug": "vodice", "comment_count": 0}, {"open_graph_id": null, "timezone_id": "Europe/Sarajevo", "likes": 0, "type": null, "creation_time": 1530000639.0, "location_id": 7069502, "id": 5350904, "supertype": "normal", "is_deleted": false, "description": null, "weather_temperature": null, "start_time": 1529954690.0, "views": 0, "location": {"lon": 18.3852522, "country_code": "BA", "lat": 43.8524982, "id": 7069502, "full_detail": "Sarajevo Canton, Bosnia and Herzegovina", "uuid": "6a1c324d-1e8d-4f4a-87d6-32d42436eaa3", "venue": null, "detail": "Bosnia and Herzegovina", "name": "Sarajevo"}, "trip_id": 724343, "end_time": null, "main_media_item_path": null, "name": null, "uuid": "7f3c36f4-ce67-4d87-b449-3712ca949c5b", "fb_publish_status": null, "weather_condition": null, "slug": "sarajevo", "comment_count": 0}, {"open_graph_id": null, "timezone_id": "Europe/Sarajevo", "likes": 0, "type": null, "creation_time": 1530354949.0, "location_id": 7153549, "id": 5418538, "supertype": "normal", "is_deleted": false, "description": null, "weather_temperature": null, "start_time": 1530347500.0, "views": 0, "location": {"lon": 17.8116493, "country_code": "BA", "lat": 43.3459603, "id": 7153549, "full_detail": "Herzegovina-Neretva Canton, Bosnia and Herzegovina", "uuid": "01438805-ffbc-4f8a-82b1-9d01a7f5c98b", "venue": null, "detail": "Bosnia and Herzegovina", "name": "Mostar"}, "trip_id": 724343, "end_time": null, "main_media_item_path": null, "name": null, "uuid": "b7b29506-daec-4d66-9904-5e9e25a16e54", "fb_publish_status": null, "weather_condition": null, "slug": "mostar", "comment_count": 0}, {"open_graph_id": null, "timezone_id": "Europe/Podgorica", "likes": 0, "type": null, "creation_time": 1530486644.0, "location_id": 7191867, "id": 5449534, "supertype": "normal", "is_deleted": false, "description": null, "weather_temperature": 20.0, "start_time": 1530484844.0, "views": 0, "location": {"lon": 18.8377449, "country_code": "ME", "lat": 42.2780467, "id": 7191867, "full_detail": "Montenegro", "uuid": "7b5a9b6d-c3f3-4b92-a398-7a71bbeb170d", "venue": null, "detail": "Montenegro", "name": "Budva"}, "trip_id": 724343, "end_time": null, "main_media_item_path": null, "name": null, "uuid": "8bad8958-a12f-4ccd-94da-963676340706", "fb_publish_status": null, "weather_condition": "clear-night", "slug": "budva", "comment_count": 0}, {"open_graph_id": null, "timezone_id": "Europe/Tirane", "likes": 0, "type": null, "creation_time": 1530630478.0, "location_id": 7227493, "id": 5478195, "supertype": "normal", "is_deleted": false, "description": null, "weather_temperature": 30.0, "start_time": 1530612809.0, "views": 0, "location": {"lon": 19.5141514, "country_code": "AL", "lat": 42.0672345, "id": 7227493, "full_detail": "Shkod\u00ebr, Albania", "uuid": "9b238f66-71d7-4d7d-9163-54dd3273fb22", "venue": null, "detail": "Albania", "name": "Shkod\u00ebr"}, "trip_id": 724343, "end_time": null, "main_media_item_path": null, "name": null, "uuid": "a4930e40-73a1-4cc3-b1c5-b9230eaecedf", "fb_publish_status": null, "weather_condition": "clear-day", "slug": "shkoder", "comment_count": 0}, {"open_graph_id": null, "timezone_id": "Europe/Tirane", "likes": 0, "type": null, "creation_time": 1530878552.0, "location_id": 7291774, "id": 5528300, "supertype": "normal", "is_deleted": false, "description": null, "weather_temperature": 26.0, "start_time": 1530874459.0, "views": 0, "location": {"lon": 19.9106434, "country_code": "AL", "lat": 42.4585575, "id": 7291774, "full_detail": "Kuk\u00ebs District, Albania", "uuid": "a355a45b-38ad-47a0-8514-0751cb670990", "venue": null, "detail": "Albania", "name": "Municipality Tropoj\u00eb"}, "trip_id": 724343, "end_time": null, "main_media_item_path": null, "name": "Valbon\u00eb", "uuid": "01052f09-ad7f-4b42-b73a-4dbb16ff2ecb", "fb_publish_status": null, "weather_condition": "partly-cloudy-day", "slug": "municipality-tropoje", "comment_count": 0}, {"open_graph_id": null, "timezone_id": "Europe/Tirane", "likes": 0, "type": null, "creation_time": 1530878655.0, "location_id": 7291808, "id": 5528323, "supertype": "normal", "is_deleted": false, "description": null, "weather_temperature": null, "start_time": 1530874459.0, "views": 0, "location": {"lon": 19.9106434, "country_code": "AL", "lat": 42.4585575, "id": 7291808, "full_detail": "Kuk\u00ebs District, Albania", "uuid": "5dd86d92-11d0-43eb-a6a3-b6c61b8e3839", "venue": null, "detail": "Albania", "name": "Municipality Tropoj\u00eb"}, "trip_id": 724343, "end_time": null, "main_media_item_path": null, "name": "Valbon\u00eb", "uuid": "3b17ad27-c5da-4aea-b88b-33194b6e1e88", "fb_publish_status": null, "weather_condition": null, "slug": "municipality-tropoje", "comment_count": 0}, {"open_graph_id": null, "timezone_id": "Europe/Tirane", "likes": 0, "type": null, "creation_time": 1530971346.0, "location_id": 7317459, "id": 5549430, "supertype": "normal", "is_deleted": false, "description": null, "weather_temperature": null, "start_time": 1530971346.0, "views": 0, "location": {"lon": 19.7740083, "country_code": "AL", "lat": 42.3958, "id": 7317459, "full_detail": "Shkod\u00ebr, Albania", "uuid": "7b683e07-be3e-4b56-9570-d4b5780e2323", "venue": null, "detail": "Albania", "name": "Shkod\u00ebr"}, "trip_id": 724343, "end_time": null, "main_media_item_path": null, "name": "Theth", "uuid": "c74f267d-6ef8-49ab-8c6f-d4ce2e4d49a4", "fb_publish_status": null, "weather_condition": null, "slug": "shkoder", "comment_count": 0}, {"open_graph_id": null, "timezone_id": "Europe/Tirane", "likes": 0, "type": null, "creation_time": 1531072397.0, "location_id": 7349248, "id": 5574720, "supertype": "normal", "is_deleted": false, "description": null, "weather_temperature": 27.0, "start_time": 1531066713.0, "views": 0, "location": {"lon": 19.8259458, "country_code": "AL", "lat": 41.3316205, "id": 7349248, "full_detail": "Durr\u00ebs County, Albania", "uuid": "7c5d4176-190c-4c2b-a2d5-812a05a07eca", "venue": null, "detail": "Albania", "name": "Tirana"}, "trip_id": 724343, "end_time": null, "main_media_item_path": null, "name": null, "uuid": "db3e1fa3-8b0f-49e5-9062-0e6ac99606ef", "fb_publish_status": null, "weather_condition": "rain", "slug": "tirana", "comment_count": 0}, {"open_graph_id": null, "timezone_id": "Europe/Tirane", "likes": 0, "type": null, "creation_time": 1531407145.0, "location_id": 7448343, "id": 5653046, "supertype": "normal", "is_deleted": false, "description": null, "weather_temperature": 31.0, "start_time": 1531407145.0, "views": 0, "location": {"lon": 19.9464019, "country_code": "AL", "lat": 40.7020948, "id": 7448343, "full_detail": "Berat County, Albania", "uuid": "5d609771-97ca-47a1-afe4-5dbdd977e6ce", "venue": null, "detail": "Albania", "name": "Berat"}, "trip_id": 724343, "end_time": null, "main_media_item_path": null, "name": null, "uuid": "b8de5e7e-eacb-4b61-a305-9055db90d7b0", "fb_publish_status": null, "weather_condition": "clear-day", "slug": "berat", "comment_count": 0}, {"open_graph_id": null, "timezone_id": "Europe/Athens", "likes": 0, "type": null, "creation_time": 1531729471.0, "location_id": 7555756, "id": 5736042, "supertype": "normal", "is_deleted": false, "description": null, "weather_temperature": null, "start_time": 1531677520.0, "views": 0, "location": {"lon": 19.7462416, "country_code": "AL", "lat": 40.1016828, "id": 7555756, "full_detail": "Vlor\u00eb County, Albania", "uuid": "0ca36bfa-511f-443a-b358-2bf5fe43ce80", "venue": null, "detail": "Albania", "name": "Himar\u00eb"}, "trip_id": 724343, "end_time": null, "main_media_item_path": null, "name": null, "uuid": "50944c9b-fbe1-491c-8047-234afcc797b7", "fb_publish_status": null, "weather_condition": null, "slug": "himare", "comment_count": 0}, {"open_graph_id": null, "timezone_id": "Europe/Athens", "likes": 0, "type": null, "creation_time": 1531827400.0, "location_id": 7596343, "id": 5766747, "supertype": "normal", "is_deleted": false, "description": null, "weather_temperature": null, "start_time": 1531827400.0, "views": 0, "location": {"lon": 19.6703989, "country_code": "AL", "lat": 40.1269189, "id": 7596343, "full_detail": "Vlor\u00eb County, Albania", "uuid": "9b3ace27-dcb7-4aee-a74f-fab689a0c414", "venue": null, "detail": "Albania", "name": "Himar\u00eb"}, "trip_id": 724343, "end_time": null, "main_media_item_path": null, "name": "Gjipe Beach", "uuid": "fbf1d634-acf8-4aa4-8d26-f40231a203a0", "fb_publish_status": null, "weather_condition": null, "slug": "himare", "comment_count": 0}, {"open_graph_id": null, "timezone_id": "Europe/Tirane", "likes": 0, "type": null, "creation_time": 1531914401.0, "location_id": 7626120, "id": 5788373, "supertype": "normal", "is_deleted": false, "description": null, "weather_temperature": 31.0, "start_time": 1531914401.0, "views": 0, "location": {"lon": 20.0067495, "country_code": "AL", "lat": 39.8761245, "id": 7626120, "full_detail": "Vlor\u00eb County, Albania", "uuid": "7b80f9b3-c9d3-4d11-92c7-6231386bb2b3", "venue": null, "detail": "Albania", "name": "Sarand\u00eb"}, "trip_id": 724343, "end_time": null, "main_media_item_path": null, "name": null, "uuid": "f0ca99a5-538d-445b-a47a-d286eb65a83f", "fb_publish_status": null, "weather_condition": "clear-day", "slug": "sarande", "comment_count": 0}, {"open_graph_id": null, "timezone_id": "Europe/Tirane", "likes": 0, "type": null, "creation_time": 1532091210.0, "location_id": 7693659, "id": 5840535, "supertype": "normal", "is_deleted": false, "description": null, "weather_temperature": null, "start_time": 1532088914.0, "views": 0, "location": {"lon": 20.1392306, "country_code": "AL", "lat": 40.0756088, "id": 7693659, "full_detail": "Gjirokast\u00ebr County, Albania", "uuid": "bf1353e8-61fb-4fa6-97a9-29ea45983caf", "venue": null, "detail": "Albania", "name": "Gjirokast\u00ebr"}, "trip_id": 724343, "end_time": null, "main_media_item_path": null, "name": null, "uuid": "c014face-3948-47ab-b79b-9373270f5a2f", "fb_publish_status": null, "weather_condition": null, "slug": "gjirokaster", "comment_count": 0}, {"open_graph_id": null, "timezone_id": "Europe/Tirane", "likes": 0, "type": null, "creation_time": 1532474707.0, "location_id": 7863695, "id": 5973834, "supertype": "normal", "is_deleted": false, "description": null, "weather_temperature": 29.0, "start_time": 1532442104.0, "views": 0, "location": {"lon": 19.8256708, "country_code": "AL", "lat": 41.3318183, "id": 7863695, "full_detail": "Durr\u00ebs County, Albania", "uuid": "0d4b4bc5-ab73-4bb9-9782-93daa5a97c4f", "venue": null, "detail": "Albania", "name": "Tirana"}, "trip_id": 724343, "end_time": null, "main_media_item_path": null, "name": null, "uuid": "d353ba6d-d2dd-44b0-bfec-701e0f397ec4", "fb_publish_status": null, "weather_condition": "partly-cloudy-day", "slug": "tirana", "comment_count": 0}, {"open_graph_id": null, "timezone_id": "Europe/Belgrade", "likes": 0, "type": null, "creation_time": 1532725876.0, "location_id": 7998569, "id": 6057288, "supertype": "normal", "is_deleted": false, "description": null, "weather_temperature": 23.0, "start_time": 1532709528.0, "views": 0, "location": {"lon": 20.7392254, "country_code": "RS", "lat": 42.21015, "id": 7998569, "full_detail": "Kosovo", "uuid": "bc78baea-9c2e-48e9-ac1e-a807a18a73ae", "venue": null, "detail": "Kosovo", "name": "Prizren District"}, "trip_id": 724343, "end_time": null, "main_media_item_path": null, "name": null, "uuid": "0624172a-fdce-4a44-885e-16b9842b8dab", "fb_publish_status": null, "weather_condition": "rain", "slug": "prizren-district", "comment_count": 0}, {"open_graph_id": null, "timezone_id": "Europe/Belgrade", "likes": 0, "type": null, "creation_time": 1532958902.0, "location_id": 8109099, "id": 6140554, "supertype": "normal", "is_deleted": false, "description": null, "weather_temperature": null, "start_time": 1532867387.0, "views": 0, "location": {"lon": 21.163761, "country_code": "RS", "lat": 42.6632601, "id": 8109099, "full_detail": "Pristina District, Kosovo", "uuid": "49e45272-5bd6-46b6-8d74-04b215d38fde", "venue": null, "detail": "Kosovo", "name": "Prishtina"}, "trip_id": 724343, "end_time": null, "main_media_item_path": null, "name": null, "uuid": "ff44662a-33ad-4e42-a983-be2d96c878e6", "fb_publish_status": null, "weather_condition": null, "slug": "prishtina", "comment_count": 0}, {"open_graph_id": null, "timezone_id": "Europe/Skopje", "likes": 0, "type": null, "creation_time": 1533202691.0, "location_id": 8219076, "id": 6226759, "supertype": "normal", "is_deleted": false, "description": null, "weather_temperature": null, "start_time": 1533148410.0, "views": 4, "location": {"lon": 21.4434797, "country_code": "MK", "lat": 41.9940402, "id": 8219076, "full_detail": "Republic of Macedonia", "uuid": "2b9e6ff2-8b9b-4e59-a249-045fc92f84aa", "venue": null, "detail": "Republic of Macedonia", "name": "Skopje"}, "trip_id": 724343, "end_time": null, "main_media_item_path": null, "name": null, "uuid": "76deb3e5-eba0-4369-af1f-0b4e96acbe49", "fb_publish_status": null, "weather_condition": null, "slug": "skopje", "comment_count": 0}, {"open_graph_id": null, "timezone_id": "Europe/Skopje", "likes": 0, "type": null, "creation_time": 1533408915.0, "location_id": 8310573, "id": 6301306, "supertype": "normal", "is_deleted": false, "description": null, "weather_temperature": null, "start_time": 1533406441.0, "views": 0, "location": {"lon": 20.7989303, "country_code": "MK", "lat": 41.1143464, "id": 8310573, "full_detail": "Republic of Macedonia", "uuid": "bba986eb-5b13-4bac-9aa2-a3b201dd74ad", "venue": null, "detail": "Republic of Macedonia", "name": "Ohrid Municipality"}, "trip_id": 724343, "end_time": null, "main_media_item_path": null, "name": "Ohrid", "uuid": "0c10fb6b-71de-46a5-83a0-662911fb0667", "fb_publish_status": null, "weather_condition": null, "slug": "ohrid-municipality", "comment_count": 0}, {"open_graph_id": null, "timezone_id": "Europe/Tirane", "likes": 0, "type": null, "creation_time": 1533743559.0, "location_id": 8464232, "id": 6423346, "supertype": "normal", "is_deleted": false, "description": null, "weather_temperature": 27.0, "start_time": 1533739381.0, "views": 0, "location": {"lon": 20.7799146, "country_code": "AL", "lat": 40.6194177, "id": 8464232, "full_detail": "Kor\u00e7\u00eb County, Albania", "uuid": "645e2a72-5a00-4ee6-b8f3-a5e74b3c26f5", "venue": null, "detail": "Albania", "name": "Kor\u00e7\u00eb"}, "trip_id": 724343, "end_time": null, "main_media_item_path": null, "name": null, "uuid": "5a3b2c2a-728d-4e1a-ae6b-412877d7585a", "fb_publish_status": null, "weather_condition": "partly-cloudy-day", "slug": "korce", "comment_count": 0}, {"open_graph_id": null, "timezone_id": "Europe/Tirane", "likes": 0, "type": null, "creation_time": 1534076891.0, "location_id": 8600597, "id": 6536576, "supertype": "normal", "is_deleted": false, "description": null, "weather_temperature": null, "start_time": 1534076891.0, "views": 0, "location": {"lon": 20.6881694, "country_code": "AL", "lat": 40.9002027, "id": 8600597, "full_detail": "Kor\u00e7\u00eb County, Albania", "uuid": "377133d1-1ac5-4713-a09d-2f1bf9d06197", "venue": null, "detail": "Albania", "name": "Pogradec"}, "trip_id": 724343, "end_time": null, "main_media_item_path": null, "name": null, "uuid": "ae36433a-fde3-434a-9c9c-7e29ae9560a0", "fb_publish_status": null, "weather_condition": null, "slug": "pogradec", "comment_count": 0}, {"open_graph_id": null, "timezone_id": "Europe/Tirane", "likes": 0, "type": null, "creation_time": 1534230213.0, "location_id": 8661899, "id": 6586650, "supertype": "normal", "is_deleted": false, "description": null, "weather_temperature": null, "start_time": 1534177348.0, "views": 0, "location": {"lon": 19.946556, "country_code": "AL", "lat": 40.7021767, "id": 8661899, "full_detail": "Berat County, Albania", "uuid": "cef5fd80-795b-47e3-bc5f-e724640f5ad8", "venue": null, "detail": "Albania", "name": "Berat"}, "trip_id": 724343, "end_time": null, "main_media_item_path": null, "name": null, "uuid": "08f44b3e-028e-4580-9430-3676e1c2032b", "fb_publish_status": null, "weather_condition": null, "slug": "berat", "comment_count": 0}, {"open_graph_id": null, "timezone_id": "Europe/Tirane", "likes": 0, "type": null, "creation_time": 1534872428.0, "location_id": 8903893, "id": 6784087, "supertype": "normal", "is_deleted": false, "description": null, "weather_temperature": null, "start_time": 1534782942.0, "views": 0, "location": {"lon": 20.3558326, "country_code": "AL", "lat": 40.2317238, "id": 8903893, "full_detail": "Gjirokast\u00ebr County, Albania", "uuid": "2fd695b5-6031-4f40-9e64-f36a56d78792", "venue": null, "detail": "Albania", "name": "P\u00ebrmet"}, "trip_id": 724343, "end_time": null, "main_media_item_path": null, "name": null, "uuid": "5e958636-256f-47a9-8e65-61a3826e91d8", "fb_publish_status": null, "weather_condition": null, "slug": "permet", "comment_count": 0}, {"open_graph_id": null, "timezone_id": "Europe/Tirane", "likes": 0, "type": null, "creation_time": 1535034215.0, "location_id": 8947370, "id": 6819948, "supertype": "normal", "is_deleted": false, "description": null, "weather_temperature": null, "start_time": 1534944815.0, "views": 0, "location": {"lon": 19.9464019, "country_code": "AL", "lat": 40.7021948, "id": 8947370, "full_detail": "Berat County, Albania", "uuid": "028eb43e-e50f-481d-b8b1-f86e844c8c5c", "venue": null, "detail": "Albania", "name": "Berat"}, "trip_id": 724343, "end_time": null, "main_media_item_path": null, "name": null, "uuid": "4bfeffe1-9483-433c-b3d1-c33b0a5d526b", "fb_publish_status": null, "weather_condition": null, "slug": "berat", "comment_count": 0}, {"open_graph_id": null, "timezone_id": "Europe/Tirane", "likes": 0, "type": null, "creation_time": 1535732089.0, "location_id": 9177194, "id": 7005187, "supertype": "normal", "is_deleted": false, "description": null, "weather_temperature": 25.0, "start_time": 1535649477.0, "views": 0, "location": {"lon": 19.8256297, "country_code": "AL", "lat": 41.3318285, "id": 9177194, "full_detail": "Durr\u00ebs County, Albania", "uuid": "3a254535-87fb-4864-ab8c-90696f2d90f0", "venue": null, "detail": "Albania", "name": "Tirana"}, "trip_id": 724343, "end_time": null, "main_media_item_path": null, "name": null, "uuid": "83626d4d-c53e-458e-9274-37ad37f94369", "fb_publish_status": null, "weather_condition": "partly-cloudy-night", "slug": "tirana", "comment_count": 0}, {"open_graph_id": null, "timezone_id": "Europe/Tirane", "likes": 0, "type": null, "creation_time": 1535902164.0, "location_id": 9233298, "id": 7049647, "supertype": "normal", "is_deleted": false, "description": null, "weather_temperature": 30.0, "start_time": 1535815692.0, "views": 0, "location": {"lon": 19.9465008, "country_code": "AL", "lat": 40.7021985, "id": 9233298, "full_detail": "Berat County, Albania", "uuid": "c19b66e4-fc98-429b-adaf-0a400826a037", "venue": null, "detail": "Albania", "name": "Berat"}, "trip_id": 724343, "end_time": null, "main_media_item_path": null, "name": null, "uuid": "bd2ed51f-e2e5-40b9-bafd-8926c5386bd7", "fb_publish_status": null, "weather_condition": "partly-cloudy-day", "slug": "berat", "comment_count": 0}, {"open_graph_id": null, "timezone_id": "Europe/Tirane", "likes": 0, "type": null, "creation_time": 1537365282.0, "location_id": 9715895, "id": 7439815, "supertype": "normal", "is_deleted": false, "description": null, "weather_temperature": 23.0, "start_time": 1537201914.0, "views": 0, "location": {"lon": 19.8256389, "country_code": "AL", "lat": 41.3318274, "id": 9715895, "full_detail": "Durr\u00ebs County, Albania", "uuid": "cdeb7dd7-f301-4e17-a0a3-6f7f3e8ebece", "venue": null, "detail": "Albania", "name": "Tirana"}, "trip_id": 724343, "end_time": null, "main_media_item_path": null, "name": null, "uuid": "a7d0fc1f-918b-48b9-82ba-e74fc94ec4fe", "fb_publish_status": null, "weather_condition": "cloudy", "slug": "tirana", "comment_count": 0}, {"open_graph_id": null, "timezone_id": "Europe/Budapest", "likes": 0, "type": null, "creation_time": 1537365315.0, "location_id": 9715898, "id": 7439817, "supertype": "normal", "is_deleted": false, "description": null, "weather_temperature": 26.0, "start_time": 1537276231.0, "views": 0, "location": {"lon": 19.0595863, "country_code": "HU", "lat": 47.4970651, "id": 9715898, "full_detail": "Hungary", "uuid": "9308b596-f5fb-4c06-9c82-0875d3e664d5", "venue": null, "detail": "Hungary", "name": "Budapest"}, "trip_id": 724343, "end_time": null, "main_media_item_path": null, "name": null, "uuid": "85e5cf11-7054-44f8-9514-ea6b3e0f8f5d", "fb_publish_status": null, "weather_condition": "clear-day", "slug": "budapest", "comment_count": 0}, {"open_graph_id": null, "timezone_id": "Europe/Ljubljana", "likes": 0, "type": null, "creation_time": 1537873315.0, "location_id": 9878003, "id": 7571152, "supertype": "normal", "is_deleted": false, "description": null, "weather_temperature": 14.0, "start_time": 1537713242.0, "views": 0, "location": {"lon": 14.5034644, "country_code": "SI", "lat": 46.0435718, "id": 9878003, "full_detail": "Slovenia", "uuid": "12dea217-517f-46cf-aed1-be7d79fb7871", "venue": null, "detail": "Slovenia", "name": "Ljubljana"}, "trip_id": 724343, "end_time": null, "main_media_item_path": null, "name": null, "uuid": "030c6ab9-5bb9-4e01-81d1-24ea82e20ac2", "fb_publish_status": null, "weather_condition": "partly-cloudy-day", "slug": "ljubljana", "comment_count": 0}, {"open_graph_id": null, "timezone_id": "Europe/Ljubljana", "likes": 0, "type": null, "creation_time": 1538064499.0, "location_id": 9934532, "id": 7617498, "supertype": "normal", "is_deleted": false, "description": null, "weather_temperature": 16.0, "start_time": 1538047850.0, "views": 0, "location": {"lon": 14.1064353, "country_code": "SI", "lat": 46.3712337, "id": 9934532, "full_detail": "Slovenia", "uuid": "bf884e16-9be0-4854-89f3-ba702f23ae30", "venue": null, "detail": "Slovenia", "name": "Bled"}, "trip_id": 724343, "end_time": null, "main_media_item_path": null, "name": null, "uuid": "87c42967-6a34-4778-9803-b1d4f67e9f4d", "fb_publish_status": null, "weather_condition": "partly-cloudy-day", "slug": "bled", "comment_count": 0}, {"open_graph_id": null, "timezone_id": "Europe/Zagreb", "likes": 0, "type": null, "creation_time": 1538317339.0, "location_id": 10006878, "id": 7677495, "supertype": "normal", "is_deleted": false, "description": null, "weather_temperature": 18.0, "start_time": 1538245336.0, "views": 0, "location": {"lon": 16.1126893, "country_code": "HR", "lat": 43.5133481, "id": 10006878, "full_detail": "Croatia", "uuid": "ddd62b6d-6984-43c5-8100-3589fbc6a335", "venue": null, "detail": "Croatia", "name": "Marina"}, "trip_id": 724343, "end_time": null, "main_media_item_path": null, "name": null, "uuid": "b2a32f78-30f2-421f-9d87-59c5e1651819", "fb_publish_status": null, "weather_condition": "wind", "slug": "marina", "comment_count": 0}, {"open_graph_id": null, "timezone_id": "Europe/Zagreb", "likes": 0, "type": null, "creation_time": 1538385705.0, "location_id": 10027235, "id": 7694228, "supertype": "normal", "is_deleted": false, "description": null, "weather_temperature": 21.0, "start_time": 1538319277.0, "views": 0, "location": {"lon": 16.4478778, "country_code": "HR", "lat": 43.327168, "id": 10027235, "full_detail": "Croatia", "uuid": "4510e50e-aaca-47c8-be15-db13b9745509", "venue": null, "detail": "Croatia", "name": "Milna"}, "trip_id": 724343, "end_time": null, "main_media_item_path": null, "name": null, "uuid": "ce6ce721-a1db-4bd6-8246-656308a89cd7", "fb_publish_status": null, "weather_condition": "clear-day", "slug": "milna", "comment_count": 0}, {"open_graph_id": null, "timezone_id": "Europe/Zagreb", "likes": 0, "type": null, "creation_time": 1538424091.0, "location_id": 10041626, "id": 7705733, "supertype": "normal", "is_deleted": false, "description": null, "weather_temperature": 22.0, "start_time": 1538401350.0, "views": 0, "location": {"lon": 16.6967093, "country_code": "HR", "lat": 43.1630855, "id": 10041626, "full_detail": "Croatia", "uuid": "f00b5cb2-4444-496a-a230-1601ab6cca2d", "venue": null, "detail": "Croatia", "name": "Jelsa"}, "trip_id": 724343, "end_time": null, "main_media_item_path": null, "name": null, "uuid": "651cd29e-d591-449d-9298-f72a79fa4600", "fb_publish_status": null, "weather_condition": "clear-day", "slug": "jelsa", "comment_count": 0}, {"open_graph_id": null, "timezone_id": "Europe/Zagreb", "likes": 0, "type": null, "creation_time": 1538582366.0, "location_id": 10085969, "id": 7742032, "supertype": "normal", "is_deleted": false, "description": null, "weather_temperature": 23.0, "start_time": 1538577485.0, "views": 0, "location": {"lon": 16.4598693, "country_code": "HR", "lat": 43.3520358, "id": 10085969, "full_detail": "Croatia", "uuid": "ca9cf8f6-1ec2-41cd-9579-964c47a4e8b4", "venue": null, "detail": "Croatia", "name": "Bobovi\u0161\u0107a na Moru"}, "trip_id": 724343, "end_time": null, "main_media_item_path": null, "name": null, "uuid": "b0f6428f-b8c9-48f1-a134-c39d4cf026e3", "fb_publish_status": null, "weather_condition": "clear-day", "slug": "bobovisca-na-moru", "comment_count": 0}, {"open_graph_id": null, "timezone_id": "Europe/Zagreb", "likes": 0, "type": null, "creation_time": 1538674026.0, "location_id": 10111597, "id": 7762540, "supertype": "normal", "is_deleted": false, "description": null, "weather_temperature": 24.0, "start_time": 1538663964.0, "views": 0, "location": {"lon": 16.207228, "country_code": "HR", "lat": 43.3982982, "id": 10111597, "full_detail": "Croatia", "uuid": "33715870-0d66-449e-b59f-baf290ce43b0", "venue": null, "detail": "Croatia", "name": "Maslinica"}, "trip_id": 724343, "end_time": null, "main_media_item_path": null, "name": null, "uuid": "d7112459-82cf-4697-8acf-36dc4c6cf18a", "fb_publish_status": null, "weather_condition": "clear-day", "slug": "maslinica", "comment_count": 0}, {"open_graph_id": null, "timezone_id": "Europe/Zagreb", "likes": 0, "type": null, "creation_time": 1538820734.0, "location_id": 10149691, "id": 7794045, "supertype": "normal", "is_deleted": false, "description": null, "weather_temperature": 21.0, "start_time": 1538752392.0, "views": 0, "location": {"lon": 16.1140699, "country_code": "HR", "lat": 43.5128123, "id": 10149691, "full_detail": "Croatia", "uuid": "b0268677-dfe8-4e75-8965-aba26ac44d1d", "venue": null, "detail": "Croatia", "name": "Marina"}, "trip_id": 724343, "end_time": null, "main_media_item_path": null, "name": null, "uuid": "07a57958-104e-40dc-93e8-35dd3f808a32", "fb_publish_status": null, "weather_condition": "cloudy", "slug": "marina", "comment_count": 0}, {"open_graph_id": null, "timezone_id": "Europe/Zagreb", "likes": 0, "type": null, "creation_time": 1538842762.0, "location_id": 10158430, "id": 7801120, "supertype": "normal", "is_deleted": false, "description": null, "weather_temperature": 21.0, "start_time": 1538815074.0, "views": 0, "location": {"lon": 16.4423195, "country_code": "HR", "lat": 43.5126086, "id": 10158430, "full_detail": "Croatia", "uuid": "1bfb2826-c613-459f-a9eb-cedb4844d3c3", "venue": null, "detail": "Croatia", "name": "Split"}, "trip_id": 724343, "end_time": null, "main_media_item_path": null, "name": null, "uuid": "33b906a5-edea-41cc-8487-cbd09e14b1db", "fb_publish_status": null, "weather_condition": "rain", "slug": "split", "comment_count": 0}, {"open_graph_id": null, "timezone_id": "Europe/Vienna", "likes": 0, "type": null, "creation_time": 1539075972.0, "location_id": 10225681, "id": 7854750, "supertype": "normal", "is_deleted": false, "description": null, "weather_temperature": 16.0, "start_time": 1539075972.0, "views": 0, "location": {"lon": 16.3354951, "country_code": "AT", "lat": 48.1934623, "id": 10225681, "full_detail": "Vienna, Austria", "uuid": "7319276e-f583-4ce3-8e86-748399872fa4", "venue": null, "detail": "Austria", "name": "Rudolfsheim-F\u00fcnfhaus"}, "trip_id": 724343, "end_time": null, "main_media_item_path": null, "name": "Vienna", "uuid": "2ef201b5-ba65-4f5a-903b-e11f65124a70", "fb_publish_status": null, "weather_condition": "clear-day", "slug": "rudolfsheim-funfhaus", "comment_count": 0}, {"open_graph_id": null, "timezone_id": "Europe/Prague", "likes": 0, "type": null, "creation_time": 1539426125.0, "location_id": 10322441, "id": 7932746, "supertype": "normal", "is_deleted": false, "description": null, "weather_temperature": 21.0, "start_time": 1539348133.0, "views": 0, "location": {"lon": 14.4382804, "country_code": "CZ", "lat": 50.0753455, "id": 10322441, "full_detail": "Prague, Czechia", "uuid": "77c13812-475d-45a4-8369-11de6bd2b615", "venue": null, "detail": "Czechia", "name": "Prague"}, "trip_id": 724343, "end_time": null, "main_media_item_path": null, "name": null, "uuid": "709a139d-237c-4d57-a8a9-0c630004824d", "fb_publish_status": null, "weather_condition": "clear-day", "slug": "prague", "comment_count": 0}, {"open_graph_id": null, "timezone_id": "Europe/Dublin", "likes": 0, "type": null, "creation_time": 1540034342.0, "location_id": 10507369, "id": 8081564, "supertype": "normal", "is_deleted": false, "description": null, "weather_temperature": 12.0, "start_time": 1539528439.0, "views": 0, "location": {"lon": -6.2611046, "country_code": "IE", "lat": 53.3462789, "id": 10507369, "full_detail": "Ireland", "uuid": "ca4089fd-03ae-4a0c-92d0-1007fe6c3f95", "venue": null, "detail": "Ireland", "name": "Dublin"}, "trip_id": 724343, "end_time": null, "main_media_item_path": null, "name": null, "uuid": "2662600d-86b4-45be-b972-6c9eaf9840eb", "fb_publish_status": null, "weather_condition": "partly-cloudy-day", "slug": "dublin", "comment_count": 0}, {"open_graph_id": null, "timezone_id": "Europe/Dublin", "likes": 0, "type": null, "creation_time": 1540034400.0, "location_id": 10507389, "id": 8081581, "supertype": "normal", "is_deleted": false, "description": null, "weather_temperature": 15.0, "start_time": 1539700363.0, "views": 0, "location": {"lon": -8.4717202, "country_code": "IE", "lat": 51.900925, "id": 10507389, "full_detail": "Ireland", "uuid": "40dede68-a732-4159-8608-0e32937a59e4", "venue": null, "detail": "Ireland", "name": "Cork"}, "trip_id": 724343, "end_time": null, "main_media_item_path": null, "name": null, "uuid": "3442d50e-4403-4c60-8065-0d24fef0e0a0", "fb_publish_status": null, "weather_condition": "partly-cloudy-day", "slug": "cork", "comment_count": 0}, {"open_graph_id": null, "timezone_id": "Europe/London", "likes": 0, "type": null, "creation_time": 1540034517.0, "location_id": 10507430, "id": 8081615, "supertype": "normal", "is_deleted": false, "description": null, "weather_temperature": 12.0, "start_time": 1539972252.0, "views": 0, "location": {"lon": -5.9358981, "country_code": "GB", "lat": 54.587429, "id": 10507430, "full_detail": "Northern Ireland, United Kingdom", "uuid": "6348fa5a-b1a1-40da-963b-02d428ca6cc2", "venue": null, "detail": "United Kingdom", "name": "Belfast"}, "trip_id": 724343, "end_time": null, "main_media_item_path": null, "name": null, "uuid": "476fe92e-b506-4db8-ac5e-9f5d474254ce", "fb_publish_status": null, "weather_condition": "partly-cloudy-night", "slug": "belfast", "comment_count": 0}, {"open_graph_id": null, "timezone_id": "Europe/London", "likes": 0, "type": null, "creation_time": 1540208120.0, "location_id": 10563636, "id": 8126270, "supertype": "normal", "is_deleted": false, "description": null, "weather_temperature": 14.0, "start_time": 1540072833.0, "views": 0, "location": {"lon": -6.5154248, "country_code": "GB", "lat": 55.2306079, "id": 10563636, "full_detail": "Northern Ireland, United Kingdom", "uuid": "0d4546bc-ba4f-4751-9c10-b515f399df32", "venue": null, "detail": "United Kingdom", "name": "Ballylinny"}, "trip_id": 724343, "end_time": null, "main_media_item_path": null, "name": "Bushmills", "uuid": "6813bc4c-5c2f-4fd8-96b8-b92814f0522f", "fb_publish_status": null, "weather_condition": "partly-cloudy-night", "slug": "ballylinny", "comment_count": 0}, {"open_graph_id": null, "timezone_id": "Europe/London", "likes": 0, "type": null, "creation_time": 1540208212.0, "location_id": 10563667, "id": 8126294, "supertype": "normal", "is_deleted": false, "description": null, "weather_temperature": 10.0, "start_time": 1540143256.0, "views": 0, "location": {"lon": -5.9330111, "country_code": "GB", "lat": 54.5873894, "id": 10563667, "full_detail": "Northern Ireland, United Kingdom", "uuid": "d9e00039-cd09-47b2-9470-d552e34c4a25", "venue": null, "detail": "United Kingdom", "name": "Belfast"}, "trip_id": 724343, "end_time": null, "main_media_item_path": null, "name": null, "uuid": "99b6f841-3360-4977-affa-9286f3af690f", "fb_publish_status": null, "weather_condition": "partly-cloudy-night", "slug": "belfast", "comment_count": 0}, {"open_graph_id": null, "timezone_id": "Europe/London", "likes": 0, "type": null, "creation_time": 1540313640.0, "location_id": 10595981, "id": 8152608, "supertype": "normal", "is_deleted": false, "description": null, "weather_temperature": 14.0, "start_time": 1540313640.0, "views": 0, "location": {"lon": -0.1072362, "country_code": "GB", "lat": 51.5348294, "id": 10595981, "full_detail": "England, United Kingdom", "uuid": "2bcdd795-b86a-43ac-a3dc-c0542101fedd", "venue": null, "detail": "United Kingdom", "name": "London"}, "trip_id": 724343, "end_time": null, "main_media_item_path": null, "name": null, "uuid": "3a2ab425-049e-42d4-8bd6-ab74a5ceb590", "fb_publish_status": null, "weather_condition": "partly-cloudy-night", "slug": "london", "comment_count": 0}, {"open_graph_id": null, "timezone_id": "Europe/London", "likes": 0, "type": null, "creation_time": 1540574259.0, "location_id": 10666755, "id": 8210498, "supertype": "normal", "is_deleted": false, "description": null, "weather_temperature": 6.0, "start_time": 1540574259.0, "views": 0, "location": {"lon": 0.3831754, "country_code": "GB", "lat": 52.1948773, "id": 10666755, "full_detail": "England, United Kingdom", "uuid": "16f534b7-ce41-4e35-bcb2-721f0e62f654", "venue": null, "detail": "United Kingdom", "name": "Dullingham"}, "trip_id": 724343, "end_time": null, "main_media_item_path": null, "name": null, "uuid": "a978d39c-3b7c-40dc-994e-282b6b1cf27d", "fb_publish_status": null, "weather_condition": "partly-cloudy-night", "slug": "dullingham", "comment_count": 0}], "user_id": 642440, "language": null, "visibility": 2, "featured_priority_for_new_users": null, "featured": null, "views": 52, "total_km": 12458.6311232369, "step_count": 48, "name": "Balkans 2018", "feature_text": null, "uuid": "231602ba-e3ff-41a1-a9e2-1d0adfc35b90", "cover_photo_thumb_path": null, "fb_publish_status": null, "cover_photo_path": null, "slug": "balkans-2018"}