{"summary": "", "views": 52, "fb_publish_status": null, "is_deleted": false, "timezone_id": "Europe/London", "cover_photo_path": null, "step_count": 48, "total_km": 12458.6311232369, "start_date": 1529190002.0, "id": 724343, "user_id": 642440, "type": null, "likes": 0, "feature_text": null, "slug": "balkans-2018", "language": null, "name": "Balkans 2018", "visibility": 2, "feature_date": null, "featured_priority_for_new_users": null, "all_steps": [{"views": 0, "main_media_item_path": null, "weather_condition": "partly-cloudy-night", "start_time": 1529233236.0, "is_deleted": false, "id": 5197710, "timezone_id": "Europe/London", "comment_count": 0, "location": {"lon": 0.3929798, "full_detail": "England, United Kingdom", "uuid": "d9a1be5a-c75f-4478-8c87-f4bd321646dd", "lat": 52.1960945, "name": "Newmarket", "venue": null, "id": 6874258, "country_code": "GB", "detail": "United Kingdom"}, "creation_time": 1529191703.0, "location_id": 6874258, "name": null, "fb_publish_status": null, "type": null, "likes": 0, "slug": "newmarket", "weather_temperature": 13.0, "end_time": null, "supertype": "normal", "trip_id": 724343, "description": null, "open_graph_id": null, "uuid": "56a61d88-bb67-4bb5-a4cf-1ed2a2aaf08c"}, {"views": 0, "main_media_item_path": null, "weather_condition": "partly-cloudy-night", "start_time": 1529269728.0, "is_deleted": false, "id": 5213125, "timezone_id": "Europe/Zagreb", "comment_count": 0, "location": {"lon": 16.4426834, "full_detail": "Split-Dalmatia County, Croatia", "uuid": "8d0dfdb0-ef46-48ce-8455-a977f0006bd8", "lat": 43.5116995, "name": "Split", "venue": null, "id": 6894409, "country_code": "HR", "detail": "Croatia"}, "creation_time": 1529269728.0, "location_id": 6894409, "name": null, "fb_publish_status": null, "type": null, "likes": 0, "slug": "split", "weather_temperature": 23.0, "end_time": null, "supertype": "normal", "trip_id": 724343, "description": null, "open_graph_id": null, "uuid": "6892a909-da96-4b6d-8d63-cc3ba4a50234"}, {"views": 0, "main_media_item_path": null, "weather_condition": "clear-day", "start_time": 1529423312.0, "is_deleted": false, "id": 5241873, "timezone_id": "Europe/Zagreb", "comment_count": 0, "location": {"lon": 15.7756964, "full_detail": "\u0160ibenik-Knin County, Croatia", "uuid": "99a020d8-8e02-4e9f-839d-36bc2c1b6f95", "lat": 43.7606172, "name": "Vodice", "venue": null, "id": 6930226, "country_code": "HR", "detail": "Croatia"}, "creation_time": 1529431627.0, "location_id": 6930226, "name": null, "fb_publish_status": null, "type": null, "likes": 0, "slug": "vodice", "weather_temperature": 28.0, "end_time": null, "supertype": "normal", "trip_id": 724343, "description": null, "open_graph_id": null, "uuid": "06397057-dc78-47b7-ada2-1dbe6e5978fd"}, {"views": 0, "main_media_item_path": null, "weather_condition": null, "start_time": 1529954690.0, "is_deleted": false, "id": 5350904, "timezone_id": "Europe/Sarajevo", "comment_count": 0, "location": {"lon": 18.3852522, "full_detail": "Sarajevo Canton, Bosnia and Herzegovina", "uuid": "6a1c324d-1e8d-4f4a-87d6-32d42436eaa3", "lat": 43.8524982, "name": "Sarajevo", "venue": null, "id": 7069502, "country_code": "BA", "detail": "Bosnia and Herzegovina"}, "creation_time": 1530000639.0, "location_id": 7069502, "name": null, "fb_publish_status": null, "type": null, "likes": 0, "slug": "sarajevo", "weather_temperature": null, "end_time": null, "supertype": "normal", "trip_id": 724343, "description": null, "open_graph_id": null, "uuid": "7f3c36f4-ce67-4d87-b449-3712ca949c5b"}, {"views": 0, "main_media_item_path": null, "weather_condition": null, "start_time": 1530347500.0, "is_deleted": false, "id": 5418538, "timezone_id": "Europe/Sarajevo", "comment_count": 0, "location": {"lon": 17.8116493, "full_detail": "Herzegovina-Neretva Canton, Bosnia and Herzegovina", "uuid": "01438805-ffbc-4f8a-82b1-9d01a7f5c98b", "lat": 43.3459603, "name": "Mostar", "venue": null, "id": 7153549, "country_code": "BA", "detail": "Bosnia and Herzegovina"}, "creation_time": 1530354949.0, "location_id": 7153549, "name": null, "fb_publish_status": null, "type": null, "likes": 0, "slug": "mostar", "weather_temperature": null, "end_time": null, "supertype": "normal", "trip_id": 724343, "description": null, "open_graph_id": null, "uuid": "b7b29506-daec-4d66-9904-5e9e25a16e54"}, {"views": 0, "main_media_item_path": null, "weather_condition": "clear-night", "start_time": 1530484844.0, "is_deleted": false, "id": 5449534, "timezone_id": "Europe/Podgorica", "comment_count": 0, "location": {"lon": 18.8377449, "full_detail": "Montenegro", "uuid": "7b5a9b6d-c3f3-4b92-a398-7a71bbeb170d", "lat": 42.2780467, "name": "Budva", "venue": null, "id": 7191867, "country_code": "ME", "detail": "Montenegro"}, "creation_time": 1530486644.0, "location_id": 7191867, "name": null, "fb_publish_status": null, "type": null, "likes": 0, "slug": "budva", "weather_temperature": 20.0, "end_time": null, "supertype": "normal", "trip_id": 724343, "description": null, "open_graph_id": null, "uuid": "8bad8958-a12f-4ccd-94da-963676340706"}, {"views": 0, "main_media_item_path": null, "weather_condition": "clear-day", "start_time": 1530612809.0, "is_deleted": false, "id": 5478195, "timezone_id": "Europe/Tirane", "comment_count": 0, "location": {"lon": 19.5141514, "full_detail": "Shkod\u00ebr, Albania", "uuid": "9b238f66-71d7-4d7d-9163-54dd3273fb22", "lat": 42.0672345, "name": "Shkod\u00ebr", "venue": null, "id": 7227493, "country_code": "AL", "detail": "Albania"}, "creation_time": 1530630478.0, "location_id": 7227493, "name": null, "fb_publish_status": null, "type": null, "likes": 0, "slug": "shkoder", "weather_temperature": 30.0, "end_time": null, "supertype": "normal", "trip_id": 724343, "description": null, "open_graph_id": null, "uuid": "a4930e40-73a1-4cc3-b1c5-b9230eaecedf"}, {"views": 0, "main_media_item_path": null, "weather_condition": "partly-cloudy-day", "start_time": 1530874459.0, "is_deleted": false, "id": 5528300, "timezone_id": "Europe/Tirane", "comment_count": 0, "location": {"lon": 19.9106434, "full_detail": "Kuk\u00ebs District, Albania", "uuid": "a355a45b-38ad-47a0-8514-0751cb670990", "lat": 42.4585575, "name": "Municipality Tropoj\u00eb", "venue": null, "id": 7291774, "country_code": "AL", "detail": "Albania"}, "creation_time": 1530878552.0, "location_id": 7291774, "name": "Valbon\u00eb", "fb_publish_status": null, "type": null, "likes": 0, "slug": "municipality-tropoje", "weather_temperature": 26.0, "end_time": null, "supertype": "normal", "trip_id": 724343, "description": null, "open_graph_id": null, "uuid": "01052f09-ad7f-4b42-b73a-4dbb16ff2ecb"}, {"views": 0, "main_media_item_path": null, "weather_condition": null, "start_time": 1530874459.0, "is_deleted": false, "id": 5528323, "timezone_id": "Europe/Tirane", "comment_count": 0, "location": {"lon": 19.9106434, "full_detail": "Kuk\u00ebs District, Albania", "uuid": "5dd86d92-11d0-43eb-a6a3-b6c61b8e3839", "lat": 42.4585575, "name": "Municipality Tropoj\u00eb", "venue": null, "id": 7291808, "country_code": "AL", "detail": "Albania"}, "creation_time": 1530878655.0, "location_id": 7291808, "name": "Valbon\u00eb", "fb_publish_status": null, "type": null, "likes": 0, "slug": "municipality-tropoje", "weather_temperature": null, "end_time": null, "supertype": "normal", "trip_id": 724343, "description": null, "open_graph_id": null, "uuid": "3b17ad27-c5da-4aea-b88b-33194b6e1e88"}, {"views": 0, "main_media_item_path": null, "weather_condition": null, "start_time": 1530971346.0, "is_deleted": false, "id": 5549430, "timezone_id": "Europe/Tirane", "comment_count": 0, "location": {"lon": 19.7740083, "full_detail": "Shkod\u00ebr, Albania", "uuid": "7b683e07-be3e-4b56-9570-d4b5780e2323", "lat": 42.3958, "name": "Shkod\u00ebr", "venue": null, "id": 7317459, "country_code": "AL", "detail": "Albania"}, "creation_time": 1530971346.0, "location_id": 7317459, "name": "Theth", "fb_publish_status": null, "type": null, "likes": 0, "slug": "shkoder", "weather_temperature": null, "end_time": null, "supertype": "normal", "trip_id": 724343, "description": null, "open_graph_id": null, "uuid": "c74f267d-6ef8-49ab-8c6f-d4ce2e4d49a4"}, {"views": 0, "main_media_item_path": null, "weather_condition": "rain", "start_time": 1531066713.0, "is_deleted": false, "id": 5574720, "timezone_id": "Europe/Tirane", "comment_count": 0, "location": {"lon": 19.8259458, "full_detail": "Durr\u00ebs County, Albania", "uuid": "7c5d4176-190c-4c2b-a2d5-812a05a07eca", "lat": 41.3316205, "name": "Tirana", "venue": null, "id": 7349248, "country_code": "AL", "detail": "Albania"}, "creation_time": 1531072397.0, "location_id": 7349248, "name": null, "fb_publish_status": null, "type": null, "likes": 0, "slug": "tirana", "weather_temperature": 27.0, "end_time": null, "supertype": "normal", "trip_id": 724343, "description": null, "open_graph_id": null, "uuid": "db3e1fa3-8b0f-49e5-9062-0e6ac99606ef"}, {"views": 0, "main_media_item_path": null, "weather_condition": "clear-day", "start_time": 1531407145.0, "is_deleted": false, "id": 5653046, "timezone_id": "Europe/Tirane", "comment_count": 0, "location": {"lon": 19.9464019, "full_detail": "Berat County, Albania", "uuid": "5d609771-97ca-47a1-afe4-5dbdd977e6ce", "lat": 40.7020948, "name": "Berat", "venue": null, "id": 7448343, "country_code": "AL", "detail": "Albania"}, "creation_time": 1531407145.0, "location_id": 7448343, "name": null, "fb_publish_status": null, "type": null, "likes": 0, "slug": "berat", "weather_temperature": 31.0, "end_time": null, "supertype": "normal", "trip_id": 724343, "description": null, "open_graph_id": null, "uuid": "b8de5e7e-eacb-4b61-a305-9055db90d7b0"}, {"views": 0, "main_media_item_path": null, "weather_condition": null, "start_time": 1531677520.0, "is_deleted": false, "id": 5736042, "timezone_id": "Europe/Athens", "comment_count": 0, "location": {"lon": 19.7462416, "full_detail": "Vlor\u00eb County, Albania", "uuid": "0ca36bfa-511f-443a-b358-2bf5fe43ce80", "lat": 40.1016828, "name": "Himar\u00eb", "venue": null, "id": 7555756, "country_code": "AL", "detail": "Albania"}, "creation_time": 1531729471.0, "location_id": 7555756, "name": null, "fb_publish_status": null, "type": null, "likes": 0, "slug": "himare", "weather_temperature": null, "end_time": null, "supertype": "normal", "trip_id": 724343, "description": null, "open_graph_id": null, "uuid": "50944c9b-fbe1-491c-8047-234afcc797b7"}, {"views": 0, "main_media_item_path": null, "weather_condition": null, "start_time": 1531827400.0, "is_deleted": false, "id": 5766747, "timezone_id": "Europe/Athens", "comment_count": 0, "location": {"lon": 19.6703989, "full_detail": "Vlor\u00eb County, Albania", "uuid": "9b3ace27-dcb7-4aee-a74f-fab689a0c414", "lat": 40.1269189, "name": "Himar\u00eb", "venue": null, "id": 7596343, "country_code": "AL", "detail": "Albania"}, "creation_time": 1531827400.0, "location_id": 7596343, "name": "Gjipe Beach", "fb_publish_status": null, "type": null, "likes": 0, "slug": "himare", "weather_temperature": null, "end_time": null, "supertype": "normal", "trip_id": 724343, "description": null, "open_graph_id": null, "uuid": "fbf1d634-acf8-4aa4-8d26-f40231a203a0"}, {"views": 0, "main_media_item_path": null, "weather_condition": "clear-day", "start_time": 1531914401.0, "is_deleted": false, "id": 5788373, "timezone_id": "Europe/Tirane", "comment_count": 0, "location": {"lon": 20.0067495, "full_detail": "Vlor\u00eb County, Albania", "uuid": "7b80f9b3-c9d3-4d11-92c7-6231386bb2b3", "lat": 39.8761245, "name": "Sarand\u00eb", "venue": null, "id": 7626120, "country_code": "AL", "detail": "Albania"}, "creation_time": 1531914401.0, "location_id": 7626120, "name": null, "fb_publish_status": null, "type": null, "likes": 0, "slug": "sarande", "weather_temperature": 31.0, "end_time": null, "supertype": "normal", "trip_id": 724343, "description": null, "open_graph_id": null, "uuid": "f0ca99a5-538d-445b-a47a-d286eb65a83f"}, {"views": 0, "main_media_item_path": null, "weather_condition": null, "start_time": 1532088914.0, "is_deleted": false, "id": 5840535, "timezone_id": "Europe/Tirane", "comment_count": 0, "location": {"lon": 20.1392306, "full_detail": "Gjirokast\u00ebr County, Albania", "uuid": "bf1353e8-61fb-4fa6-97a9-29ea45983caf", "lat": 40.0756088, "name": "Gjirokast\u00ebr", "venue": null, "id": 7693659, "country_code": "AL", "detail": "Albania"}, "creation_time": 1532091210.0, "location_id": 7693659, "name": null, "fb_publish_status": null, "type": null, "likes": 0, "slug": "gjirokaster", "weather_temperature": null, "end_time": null, "supertype": "normal", "trip_id": 724343, "description": null, "open_graph_id": null, "uuid": "c014face-3948-47ab-b79b-9373270f5a2f"}, {"views": 0, "main_media_item_path": null, "weather_condition": "partly-cloudy-day", "start_time": 1532442104.0, "is_deleted": false, "id": 5973834, "timezone_id": "Europe/Tirane", "comment_count": 0, "location": {"lon": 19.8256708, "full_detail": "Durr\u00ebs County, Albania", "uuid": "0d4b4bc5-ab73-4bb9-9782-93daa5a97c4f", "lat": 41.3318183, "name": "Tirana", "venue": null, "id": 7863695, "country_code": "AL", "detail": "Albania"}, "creation_time": 1532474707.0, "location_id": 7863695, "name": null, "fb_publish_status": null, "type": null, "likes": 0, "slug": "tirana", "weather_temperature": 29.0, "end_time": null, "supertype": "normal", "trip_id": 724343, "description": null, "open_graph_id": null, "uuid": "d353ba6d-d2dd-44b0-bfec-701e0f397ec4"}, {"views": 0, "main_media_item_path": null, "weather_condition": "rain", "start_time": 1532709528.0, "is_deleted": false, "id": 6057288, "timezone_id": "Europe/Belgrade", "comment_count": 0, "location": {"lon": 20.7392254, "full_detail": "Kosovo", "uuid": "bc78baea-9c2e-48e9-ac1e-a807a18a73ae", "lat": 42.21015, "name": "Prizren District", "venue": null, "id": 7998569, "country_code": "RS", "detail": "Kosovo"}, "creation_time": 1532725876.0, "location_id": 7998569, "name": null, "fb_publish_status": null, "type": null, "likes": 0, "slug": "prizren-district", "weather_temperature": 23.0, "end_time": null, "supertype": "normal", "trip_id": 724343, "description": null, "open_graph_id": null, "uuid": "0624172a-fdce-4a44-885e-16b9842b8dab"}, {"views": 0, "main_media_item_path": null, "weather_condition": null, "start_time": 1532867387.0, "is_deleted": false, "id": 6140554, "timezone_id": "Europe/Belgrade", "comment_count": 0, "location": {"lon": 21.163761, "full_detail": "Pristina District, Kosovo", "uuid": "49e45272-5bd6-46b6-8d74-04b215d38fde", "lat": 42.6632601, "name": "Prishtina", "venue": null, "id": 8109099, "country_code": "RS", "detail": "Kosovo"}, "creation_time": 1532958902.0, "location_id": 8109099, "name": null, "fb_publish_status": null, "type": null, "likes": 0, "slug": "prishtina", "weather_temperature": null, "end_time": null, "supertype": "normal", "trip_id": 724343, "description": null, "open_graph_id": null, "uuid": "ff44662a-33ad-4e42-a983-be2d96c878e6"}, {"views": 4, "main_media_item_path": null, "weather_condition": null, "start_time": 1533148410.0, "is_deleted": false, "id": 6226759, "timezone_id": "Europe/Skopje", "comment_count": 0, "location": {"lon": 21.4434797, "full_detail": "Republic of Macedonia", "uuid": "2b9e6ff2-8b9b-4e59-a249-045fc92f84aa", "lat": 41.9940402, "name": "Skopje", "venue": null, "id": 8219076, "country_code": "MK", "detail": "Republic of Macedonia"}, "creation_time": 1533202691.0, "location_id": 8219076, "name": null, "fb_publish_status": null, "type": null, "likes": 0, "slug": "skopje", "weather_temperature": null, "end_time": null, "supertype": "normal", "trip_id": 724343, "description": null, "open_graph_id": null, "uuid": "76deb3e5-eba0-4369-af1f-0b4e96acbe49"}, {"views": 0, "main_media_item_path": null, "weather_condition": null, "start_time": 1533406441.0, "is_deleted": false, "id": 6301306, "timezone_id": "Europe/Skopje", "comment_count": 0, "location": {"lon": 20.7989303, "full_detail": "Republic of Macedonia", "uuid": "bba986eb-5b13-4bac-9aa2-a3b201dd74ad", "lat": 41.1143464, "name": "Ohrid Municipality", "venue": null, "id": 8310573, "country_code": "MK", "detail": "Republic of Macedonia"}, "creation_time": 1533408915.0, "location_id": 8310573, "name": "Ohrid", "fb_publish_status": null, "type": null, "likes": 0, "slug": "ohrid-municipality", "weather_temperature": null, "end_time": null, "supertype": "normal", "trip_id": 724343, "description": null, "open_graph_id": null, "uuid": "0c10fb6b-71de-46a5-83a0-662911fb0667"}, {"views": 0, "main_media_item_path": null, "weather_condition": "partly-cloudy-day", "start_time": 1533739381.0, "is_deleted": false, "id": 6423346, "timezone_id": "Europe/Tirane", "comment_count": 0, "location": {"lon": 20.7799146, "full_detail": "Kor\u00e7\u00eb County, Albania", "uuid": "645e2a72-5a00-4ee6-b8f3-a5e74b3c26f5", "lat": 40.6194177, "name": "Kor\u00e7\u00eb", "venue": null, "id": 8464232, "country_code": "AL", "detail": "Albania"}, "creation_time": 1533743559.0, "location_id": 8464232, "name": null, "fb_publish_status": null, "type": null, "likes": 0, "slug": "korce", "weather_temperature": 27.0, "end_time": null, "supertype": "normal", "trip_id": 724343, "description": null, "open_graph_id": null, "uuid": "5a3b2c2a-728d-4e1a-ae6b-412877d7585a"}, {"views": 0, "main_media_item_path": null, "weather_condition": null, "start_time": 1534076891.0, "is_deleted": false, "id": 6536576, "timezone_id": "Europe/Tirane", "comment_count": 0, "location": {"lon": 20.6881694, "full_detail": "Kor\u00e7\u00eb County, Albania", "uuid": "377133d1-1ac5-4713-a09d-2f1bf9d06197", "lat": 40.9002027, "name": "Pogradec", "venue": null, "id": 8600597, "country_code": "AL", "detail": "Albania"}, "creation_time": 1534076891.0, "location_id": 8600597, "name": null, "fb_publish_status": null, "type": null, "likes": 0, "slug": "pogradec", "weather_temperature": null, "end_time": null, "supertype": "normal", "trip_id": 724343, "description": null, "open_graph_id": null, "uuid": "ae36433a-fde3-434a-9c9c-7e29ae9560a0"}, {"views": 0, "main_media_item_path": null, "weather_condition": null, "start_time": 1534177348.0, "is_deleted": false, "id": 6586650, "timezone_id": "Europe/Tirane", "comment_count": 0, "location": {"lon": 19.946556, "full_detail": "Berat County, Albania", "uuid": "cef5fd80-795b-47e3-bc5f-e724640f5ad8", "lat": 40.7021767, "name": "Berat", "venue": null, "id": 8661899, "country_code": "AL", "detail": "Albania"}, "creation_time": 1534230213.0, "location_id": 8661899, "name": null, "fb_publish_status": null, "type": null, "likes": 0, "slug": "berat", "weather_temperature": null, "end_time": null, "supertype": "normal", "trip_id": 724343, "description": null, "open_graph_id": null, "uuid": "08f44b3e-028e-4580-9430-3676e1c2032b"}, {"views": 0, "main_media_item_path": null, "weather_condition": null, "start_time": 1534782942.0, "is_deleted": false, "id": 6784087, "timezone_id": "Europe/Tirane", "comment_count": 0, "location": {"lon": 20.3558326, "full_detail": "Gjirokast\u00ebr County, Albania", "uuid": "2fd695b5-6031-4f40-9e64-f36a56d78792", "lat": 40.2317238, "name": "P\u00ebrmet", "venue": null, "id": 8903893, "country_code": "AL", "detail": "Albania"}, "creation_time": 1534872428.0, "location_id": 8903893, "name": null, "fb_publish_status": null, "type": null, "likes": 0, "slug": "permet", "weather_temperature": null, "end_time": null, "supertype": "normal", "trip_id": 724343, "description": null, "open_graph_id": null, "uuid": "5e958636-256f-47a9-8e65-61a3826e91d8"}, {"views": 0, "main_media_item_path": null, "weather_condition": null, "start_time": 1534944815.0, "is_deleted": false, "id": 6819948, "timezone_id": "Europe/Tirane", "comment_count": 0, "location": {"lon": 19.9464019, "full_detail": "Berat County, Albania", "uuid": "028eb43e-e50f-481d-b8b1-f86e844c8c5c", "lat": 40.7021948, "name": "Berat", "venue": null, "id": 8947370, "country_code": "AL", "detail": "Albania"}, "creation_time": 1535034215.0, "location_id": 8947370, "name": null, "fb_publish_status": null, "type": null, "likes": 0, "slug": "berat", "weather_temperature": null, "end_time": null, "supertype": "normal", "trip_id": 724343, "description": null, "open_graph_id": null, "uuid": "4bfeffe1-9483-433c-b3d1-c33b0a5d526b"}, {"views": 0, "main_media_item_path": null, "weather_condition": "partly-cloudy-night", "start_time": 1535649477.0, "is_deleted": false, "id": 7005187, "timezone_id": "Europe/Tirane", "comment_count": 0, "location": {"lon": 19.8256297, "full_detail": "Durr\u00ebs County, Albania", "uuid": "3a254535-87fb-4864-ab8c-90696f2d90f0", "lat": 41.3318285, "name": "Tirana", "venue": null, "id": 9177194, "country_code": "AL", "detail": "Albania"}, "creation_time": 1535732089.0, "location_id": 9177194, "name": null, "fb_publish_status": null, "type": null, "likes": 0, "slug": "tirana", "weather_temperature": 25.0, "end_time": null, "supertype": "normal", "trip_id": 724343, "description": null, "open_graph_id": null, "uuid": "83626d4d-c53e-458e-9274-37ad37f94369"}, {"views": 0, "main_media_item_path": null, "weather_condition": "partly-cloudy-day", "start_time": 1535815692.0, "is_deleted": false, "id": 7049647, "timezone_id": "Europe/Tirane", "comment_count": 0, "location": {"lon": 19.9465008, "full_detail": "Berat County, Albania", "uuid": "c19b66e4-fc98-429b-adaf-0a400826a037", "lat": 40.7021985, "name": "Berat", "venue": null, "id": 9233298, "country_code": "AL", "detail": "Albania"}, "creation_time": 1535902164.0, "location_id": 9233298, "name": null, "fb_publish_status": null, "type": null, "likes": 0, "slug": "berat", "weather_temperature": 30.0, "end_time": null, "supertype": "normal", "trip_id": 724343, "description": null, "open_graph_id": null, "uuid": "bd2ed51f-e2e5-40b9-bafd-8926c5386bd7"}, {"views": 0, "main_media_item_path": null, "weather_condition": "cloudy", "start_time": 1537201914.0, "is_deleted": false, "id": 7439815, "timezone_id": "Europe/Tirane", "comment_count": 0, "location": {"lon": 19.8256389, "full_detail": "Durr\u00ebs County, Albania", "uuid": "cdeb7dd7-f301-4e17-a0a3-6f7f3e8ebece", "lat": 41.3318274, "name": "Tirana", "venue": null, "id": 9715895, "country_code": "AL", "detail": "Albania"}, "creation_time": 1537365282.0, "location_id": 9715895, "name": null, "fb_publish_status": null, "type": null, "likes": 0, "slug": "tirana", "weather_temperature": 23.0, "end_time": null, "supertype": "normal", "trip_id": 724343, "description": null, "open_graph_id": null, "uuid": "a7d0fc1f-918b-48b9-82ba-e74fc94ec4fe"}, {"views": 0, "main_media_item_path": null, "weather_condition": "clear-day", "start_time": 1537276231.0, "is_deleted": false, "id": 7439817, "timezone_id": "Europe/Budapest", "comment_count": 0, "location": {"lon": 19.0595863, "full_detail": "Hungary", "uuid": "9308b596-f5fb-4c06-9c82-0875d3e664d5", "lat": 47.4970651, "name": "Budapest", "venue": null, "id": 9715898, "country_code": "HU", "detail": "Hungary"}, "creation_time": 1537365315.0, "location_id": 9715898, "name": null, "fb_publish_status": null, "type": null, "likes": 0, "slug": "budapest", "weather_temperature": 26.0, "end_time": null, "supertype": "normal", "trip_id": 724343, "description": null, "open_graph_id": null, "uuid": "85e5cf11-7054-44f8-9514-ea6b3e0f8f5d"}, {"views": 0, "main_media_item_path": null, "weather_condition": "partly-cloudy-day", "start_time": 1537713242.0, "is_deleted": false, "id": 7571152, "timezone_id": "Europe/Ljubljana", "comment_count": 0, "location": {"lon": 14.5034644, "full_detail": "Slovenia", "uuid": "12dea217-517f-46cf-aed1-be7d79fb7871", "lat": 46.0435718, "name": "Ljubljana", "venue": null, "id": 9878003, "country_code": "SI", "detail": "Slovenia"}, "creation_time": 1537873315.0, "location_id": 9878003, "name": null, "fb_publish_status": null, "type": null, "likes": 0, "slug": "ljubljana", "weather_temperature": 14.0, "end_time": null, "supertype": "normal", "trip_id": 724343, "description": null, "open_graph_id": null, "uuid": "030c6ab9-5bb9-4e01-81d1-24ea82e20ac2"}, {"views": 0, "main_media_item_path": null, "weather_condition": "partly-cloudy-day", "start_time": 1538047850.0, "is_deleted": false, "id": 7617498, "timezone_id": "Europe/Ljubljana", "comment_count": 0, "location": {"lon": 14.1064353, "full_detail": "Slovenia", "uuid": "bf884e16-9be0-4854-89f3-ba702f23ae30", "lat": 46.3712337, "name": "Bled", "venue": null, "id": 9934532, "country_code": "SI", "detail": "Slovenia"}, "creation_time": 1538064499.0, "location_id": 9934532, "name": null, "fb_publish_status": null, "type": null, "likes": 0, "slug": "bled", "weather_temperature": 16.0, "end_time": null, "supertype": "normal", "trip_id": 724343, "description": null, "open_graph_id": null, "uuid": "87c42967-6a34-4778-9803-b1d4f67e9f4d"}, {"views": 0, "main_media_item_path": null, "weather_condition": "wind", "start_time": 1538245336.0, "is_deleted": false, "id": 7677495, "timezone_id": "Europe/Zagreb", "comment_count": 0, "location": {"lon": 16.1126893, "full_detail": "Croatia", "uuid": "ddd62b6d-6984-43c5-8100-3589fbc6a335", "lat": 43.5133481, "name": "Marina", "venue": null, "id": 10006878, "country_code": "HR", "detail": "Croatia"}, "creation_time": 1538317339.0, "location_id": 10006878, "name": null, "fb_publish_status": null, "type": null, "likes": 0, "slug": "marina", "weather_temperature": 18.0, "end_time": null, "supertype": "normal", "trip_id": 724343, "description": null, "open_graph_id": null, "uuid": "b2a32f78-30f2-421f-9d87-59c5e1651819"}, {"views": 0, "main_media_item_path": null, "weather_condition": "clear-day", "start_time": 1538319277.0, "is_deleted": false, "id": 7694228, "timezone_id": "Europe/Zagreb", "comment_count": 0, "location": {"lon": 16.4478778, "full_detail": "Croatia", "uuid": "4510e50e-aaca-47c8-be15-db13b9745509", "lat": 43.327168, "name": "Milna", "venue": null, "id": 10027235, "country_code": "HR", "detail": "Croatia"}, "creation_time": 1538385705.0, "location_id": 10027235, "name": null, "fb_publish_status": null, "type": null, "likes": 0, "slug": "milna", "weather_temperature": 21.0, "end_time": null, "supertype": "normal", "trip_id": 724343, "description": null, "open_graph_id": null, "uuid": "ce6ce721-a1db-4bd6-8246-656308a89cd7"}, {"views": 0, "main_media_item_path": null, "weather_condition": "clear-day", "start_time": 1538401350.0, "is_deleted": false, "id": 7705733, "timezone_id": "Europe/Zagreb", "comment_count": 0, "location": {"lon": 16.6967093, "full_detail": "Croatia", "uuid": "f00b5cb2-4444-496a-a230-1601ab6cca2d", "lat": 43.1630855, "name": "Jelsa", "venue": null, "id": 10041626, "country_code": "HR", "detail": "Croatia"}, "creation_time": 1538424091.0, "location_id": 10041626, "name": null, "fb_publish_status": null, "type": null, "likes": 0, "slug": "jelsa", "weather_temperature": 22.0, "end_time": null, "supertype": "normal", "trip_id": 724343, "description": null, "open_graph_id": null, "uuid": "651cd29e-d591-449d-9298-f72a79fa4600"}, {"views": 0, "main_media_item_path": null, "weather_condition": "clear-day", "start_time": 1538577485.0, "is_deleted": false, "id": 7742032, "timezone_id": "Europe/Zagreb", "comment_count": 0, "location": {"lon": 16.4598693, "full_detail": "Croatia", "uuid": "ca9cf8f6-1ec2-41cd-9579-964c47a4e8b4", "lat": 43.3520358, "name": "Bobovi\u0161\u0107a na Moru", "venue": null, "id": 10085969, "country_code": "HR", "detail": "Croatia"}, "creation_time": 1538582366.0, "location_id": 10085969, "name": null, "fb_publish_status": null, "type": null, "likes": 0, "slug": "bobovisca-na-moru", "weather_temperature": 23.0, "end_time": null, "supertype": "normal", "trip_id": 724343, "description": null, "open_graph_id": null, "uuid": "b0f6428f-b8c9-48f1-a134-c39d4cf026e3"}, {"views": 0, "main_media_item_path": null, "weather_condition": "clear-day", "start_time": 1538663964.0, "is_deleted": false, "id": 7762540, "timezone_id": "Europe/Zagreb", "comment_count": 0, "location": {"lon": 16.207228, "full_detail": "Croatia", "uuid": "33715870-0d66-449e-b59f-baf290ce43b0", "lat": 43.3982982, "name": "Maslinica", "venue": null, "id": 10111597, "country_code": "HR", "detail": "Croatia"}, "creation_time": 1538674026.0, "location_id": 10111597, "name": null, "fb_publish_status": null, "type": null, "likes": 0, "slug": "maslinica", "weather_temperature": 24.0, "end_time": null, "supertype": "normal", "trip_id": 724343, "description": null, "open_graph_id": null, "uuid": "d7112459-82cf-4697-8acf-36dc4c6cf18a"}, {"views": 0, "main_media_item_path": null, "weather_condition": "cloudy", "start_time": 1538752392.0, "is_deleted": false, "id": 7794045, "timezone_id": "Europe/Zagreb", "comment_count": 0, "location": {"lon": 16.1140699, "full_detail": "Croatia", "uuid": "b0268677-dfe8-4e75-8965-aba26ac44d1d", "lat": 43.5128123, "name": "Marina", "venue": null, "id": 10149691, "country_code": "HR", "detail": "Croatia"}, "creation_time": 1538820734.0, "location_id": 10149691, "name": null, "fb_publish_status": null, "type": null, "likes": 0, "slug": "marina", "weather_temperature": 21.0, "end_time": null, "supertype": "normal", "trip_id": 724343, "description": null, "open_graph_id": null, "uuid": "07a57958-104e-40dc-93e8-35dd3f808a32"}, {"views": 0, "main_media_item_path": null, "weather_condition": "rain", "start_time": 1538815074.0, "is_deleted": false, "id": 7801120, "timezone_id": "Europe/Zagreb", "comment_count": 0, "location": {"lon": 16.4423195, "full_detail": "Croatia", "uuid": "1bfb2826-c613-459f-a9eb-cedb4844d3c3", "lat": 43.5126086, "name": "Split", "venue": null, "id": 10158430, "country_code": "HR", "detail": "Croatia"}, "creation_time": 1538842762.0, "location_id": 10158430, "name": null, "fb_publish_status": null, "type": null, "likes": 0, "slug": "split", "weather_temperature": 21.0, "end_time": null, "supertype": "normal", "trip_id": 724343, "description": null, "open_graph_id": null, "uuid": "33b906a5-edea-41cc-8487-cbd09e14b1db"}, {"views": 0, "main_media_item_path": null, "weather_condition": "clear-day", "start_time": 1539075972.0, "is_deleted": false, "id": 7854750, "timezone_id": "Europe/Vienna", "comment_count": 0, "location": {"lon": 16.3354951, "full_detail": "Vienna, Austria", "uuid": "7319276e-f583-4ce3-8e86-748399872fa4", "lat": 48.1934623, "name": "Rudolfsheim-F\u00fcnfhaus", "venue": null, "id": 10225681, "country_code": "AT", "detail": "Austria"}, "creation_time": 1539075972.0, "location_id": 10225681, "name": "Vienna", "fb_publish_status": null, "type": null, "likes": 0, "slug": "rudolfsheim-funfhaus", "weather_temperature": 16.0, "end_time": null, "supertype": "normal", "trip_id": 724343, "description": null, "open_graph_id": null, "uuid": "2ef201b5-ba65-4f5a-903b-e11f65124a70"}, {"views": 0, "main_media_item_path": null, "weather_condition": "clear-day", "start_time": 1539348133.0, "is_deleted": false, "id": 7932746, "timezone_id": "Europe/Prague", "comment_count": 0, "location": {"lon": 14.4382804, "full_detail": "Prague, Czechia", "uuid": "77c13812-475d-45a4-8369-11de6bd2b615", "lat": 50.0753455, "name": "Prague", "venue": null, "id": 10322441, "country_code": "CZ", "detail": "Czechia"}, "creation_time": 1539426125.0, "location_id": 10322441, "name": null, "fb_publish_status": null, "type": null, "likes": 0, "slug": "prague", "weather_temperature": 21.0, "end_time": null, "supertype": "normal", "trip_id": 724343, "description": null, "open_graph_id": null, "uuid": "709a139d-237c-4d57-a8a9-0c630004824d"}, {"views": 0, "main_media_item_path": null, "weather_condition": "partly-cloudy-day", "start_time": 1539528439.0, "is_deleted": false, "id": 8081564, "timezone_id": "Europe/Dublin", "comment_count": 0, "location": {"lon": -6.2611046, "full_detail": "Ireland", "uuid": "ca4089fd-03ae-4a0c-92d0-1007fe6c3f95", "lat": 53.3462789, "name": "Dublin", "venue": null, "id": 10507369, "country_code": "IE", "detail": "Ireland"}, "creation_time": 1540034342.0, "location_id": 10507369, "name": null, "fb_publish_status": null, "type": null, "likes": 0, "slug": "dublin", "weather_temperature": 12.0, "end_time": null, "supertype": "normal", "trip_id": 724343, "description": null, "open_graph_id": null, "uuid": "2662600d-86b4-45be-b972-6c9eaf9840eb"}, {"views": 0, "main_media_item_path": null, "weather_condition": "partly-cloudy-day", "start_time": 1539700363.0, "is_deleted": false, "id": 8081581, "timezone_id": "Europe/Dublin", "comment_count": 0, "location": {"lon": -8.4717202, "full_detail": "Ireland", "uuid": "40dede68-a732-4159-8608-0e32937a59e4", "lat": 51.900925, "name": "Cork", "venue": null, "id": 10507389, "country_code": "IE", "detail": "Ireland"}, "creation_time": 1540034400.0, "location_id": 10507389, "name": null, "fb_publish_status": null, "type": null, "likes": 0, "slug": "cork", "weather_temperature": 15.0, "end_time": null, "supertype": "normal", "trip_id": 724343, "description": null, "open_graph_id": null, "uuid": "3442d50e-4403-4c60-8065-0d24fef0e0a0"}, {"views": 0, "main_media_item_path": null, "weather_condition": "partly-cloudy-night", "start_time": 1539972252.0, "is_deleted": false, "id": 8081615, "timezone_id": "Europe/London", "comment_count": 0, "location": {"lon": -5.9358981, "full_detail": "Northern Ireland, United Kingdom", "uuid": "6348fa5a-b1a1-40da-963b-02d428ca6cc2", "lat": 54.587429, "name": "Belfast", "venue": null, "id": 10507430, "country_code": "GB", "detail": "United Kingdom"}, "creation_time": 1540034517.0, "location_id": 10507430, "name": null, "fb_publish_status": null, "type": null, "likes": 0, "slug": "belfast", "weather_temperature": 12.0, "end_time": null, "supertype": "normal", "trip_id": 724343, "description": null, "open_graph_id": null, "uuid": "476fe92e-b506-4db8-ac5e-9f5d474254ce"}, {"views": 0, "main_media_item_path": null, "weather_condition": "partly-cloudy-night", "start_time": 1540072833.0, "is_deleted": false, "id": 8126270, "timezone_id": "Europe/London", "comment_count": 0, "location": {"lon": -6.5154248, "full_detail": "Northern Ireland, United Kingdom", "uuid": "0d4546bc-ba4f-4751-9c10-b515f399df32", "lat": 55.2306079, "name": "Ballylinny", "venue": null, "id": 10563636, "country_code": "GB", "detail": "United Kingdom"}, "creation_time": 1540208120.0, "location_id": 10563636, "name": "Bushmills", "fb_publish_status": null, "type": null, "likes": 0, "slug": "ballylinny", "weather_temperature": 14.0, "end_time": null, "supertype": "normal", "trip_id": 724343, "description": null, "open_graph_id": null, "uuid": "6813bc4c-5c2f-4fd8-96b8-b92814f0522f"}, {"views": 0, "main_media_item_path": null, "weather_condition": "partly-cloudy-night", "start_time": 1540143256.0, "is_deleted": false, "id": 8126294, "timezone_id": "Europe/London", "comment_count": 0, "location": {"lon": -5.9330111, "full_detail": "Northern Ireland, United Kingdom", "uuid": "d9e00039-cd09-47b2-9470-d552e34c4a25", "lat": 54.5873894, "name": "Belfast", "venue": null, "id": 10563667, "country_code": "GB", "detail": "United Kingdom"}, "creation_time": 1540208212.0, "location_id": 10563667, "name": null, "fb_publish_status": null, "type": null, "likes": 0, "slug": "belfast", "weather_temperature": 10.0, "end_time": null, "supertype": "normal", "trip_id": 724343, "description": null, "open_graph_id": null, "uuid": "99b6f841-3360-4977-affa-9286f3af690f"}, {"views": 0, "main_media_item_path": null, "weather_condition": "partly-cloudy-night", "start_time": 1540313640.0, "is_deleted": false, "id": 8152608, "timezone_id": "Europe/London", "comment_count": 0, "location": {"lon": -0.1072362, "full_detail": "England, United Kingdom", "uuid": "2bcdd795-b86a-43ac-a3dc-c0542101fedd", "lat": 51.5348294, "name": "London", "venue": null, "id": 10595981, "country_code": "GB", "detail": "United Kingdom"}, "creation_time": 1540313640.0, "location_id": 10595981, "name": null, "fb_publish_status": null, "type": null, "likes": 0, "slug": "london", "weather_temperature": 14.0, "end_time": null, "supertype": "normal", "trip_id": 724343, "description": null, "open_graph_id": null, "uuid": "3a2ab425-049e-42d4-8bd6-ab74a5ceb590"}, {"views": 0, "main_media_item_path": null, "weather_condition": "partly-cloudy-night", "start_time": 1540574259.0, "is_deleted": false, "id": 8210498, "timezone_id": "Europe/London", "comment_count": 0, "location": {"lon": 0.3831754, "full_detail": "England, United Kingdom", "uuid": "16f534b7-ce41-4e35-bcb2-721f0e62f654", "lat": 52.1948773, "name": "Dullingham", "venue": null, "id": 10666755, "country_code": "GB", "detail": "United Kingdom"}, "creation_time": 1540574259.0, "location_id": 10666755, "name": null, "fb_publish_status": null, "type": null, "likes": 0, "slug": "dullingham", "weather_temperature": 6.0, "end_time": null, "supertype": "normal", "trip_id": 724343, "description": null, "open_graph_id": null, "uuid": "a978d39c-3b7c-40dc-994e-282b6b1cf27d"}], "open_graph_id": null, "uuid": "231602ba-e3ff-41a1-a9e2-1d0adfc35b90", "featured": null, "cover_photo_thumb_path": null, "end_date": 1540594741.0}