{"last_name": "Wharton", "first_name": "Patrick", "profile_image_path": "https://polarsteps.s3.amazonaws.com/u_642440/0039525e-b03e-4e2e-a402-c2784120b931_profile_image_large", "saved_spots": [], "email": "patrickwharton1@gmail.com", "temperature_is_celsius": true, "profile_image_thumb_path": "https://polarsteps.s3.amazonaws.com/u_642440/1c4e8df8-7760-4e76-acc3-06b3a528895f_profile_image_small", "description": "", "visibility": 0, "living_location": {"lon": 0.3929169, "full_detail": "Cambridgeshire, United Kingdom", "uuid": "a6fb3ff7-93a4-4151-847e-2ddc3c7b09b8", "lat": 52.1960773, "name": "Dullingham", "venue": null, "id": 12473730, "country_code": "GB", "detail": "United Kingdom"}, "living_location_name": "Dullingham, United Kingdom", "username": "PatrickWharton", "uuid": "c85ccafe-9ba2-4cb0-931a-4e73d3363372", "fb_id": 10216700744059495, "locale": "es_MX", "unit_is_km": true, "mashup_user_id": null, "id": 642440, "currency": "EUR"}