{"mashup_user_id": null, "currency": "EUR", "living_location_name": "Dullingham, United Kingdom", "visibility": 0, "unit_is_km": true, "locale": "es_MX", "uuid": "c85ccafe-9ba2-4cb0-931a-4e73d3363372", "first_name": "Patrick", "last_name": "Wharton", "email": "patrickwharton1@gmail.com", "profile_image_thumb_path": "https://polarsteps.s3.amazonaws.com/u_642440/1c4e8df8-7760-4e76-acc3-06b3a528895f_profile_image_small", "fb_id": 10216700744059495, "saved_spots": [], "id": 642440, "username": "PatrickWharton", "description": "", "temperature_is_celsius": true, "living_location": {"lon": 0.3929169, "country_code": "GB", "lat": 52.1960773, "id": 12473730, "full_detail": "Cambridgeshire, United Kingdom", "uuid": "a6fb3ff7-93a4-4151-847e-2ddc3c7b09b8", "venue": null, "detail": "United Kingdom", "name": "Dullingham"}, "profile_image_path": "https://polarsteps.s3.amazonaws.com/u_642440/0039525e-b03e-4e2e-a402-c2784120b931_profile_image_large"}