{"feature_date": null, "open_graph_id": null, "timezone_id": "Europe/London", "likes": 0, "summary": "Week long skiing trip", "type": null, "start_date": 1521244801.0, "end_date": 1521935941.0, "is_deleted": false, "id": 723506, "all_steps": [{"open_graph_id": null, "timezone_id": "Europe/London", "likes": 0, "type": null, "creation_time": 1528999949.0, "location_id": 6832735, "id": 5163803, "supertype": "normal", "is_deleted": false, "description": null, "weather_temperature": 0.0, "start_time": 1521280801.0, "views": 0, "location": {"lon": 0.393211652559785, "country_code": "GB", "lat": 52.1960424972021, "id": 6832735, "full_detail": "England, United Kingdom", "uuid": "6f98a1bb-0e0a-4995-b2ac-d7ac9f448399", "venue": null, "detail": "United Kingdom", "name": "Newmarket"}, "trip_id": 723506, "end_time": null, "main_media_item_path": null, "name": null, "uuid": "0645606e-a7f5-48d5-86ac-49ca4009c028", "fb_publish_status": null, "weather_condition": "partly-cloudy-day", "slug": "newmarket", "comment_count": 0}, {"open_graph_id": null, "timezone_id": "Europe/Paris", "likes": 0, "type": null, "creation_time": 1528997111.0, "location_id": 6831993, "id": 5163155, "supertype": "normal", "is_deleted": false, "description": null, "weather_temperature": -4.0, "start_time": 1521288001.0, "views": 0, "location": {"lon": 6.83319543343794, "country_code": "FR", "lat": 45.570631425473, "id": 6831993, "full_detail": "Savoie, France", "uuid": "1a86c24d-eda2-467e-b399-cf2377dfca37", "venue": null, "detail": "France", "name": "Bourg-Saint-Maurice"}, "trip_id": 723506, "end_time": null, "main_media_item_path": null, "name": null, "uuid": "cedfffe1-18c5-4ee9-9910-c2287b66a956", "fb_publish_status": null, "weather_condition": "snow", "slug": "bourg-saint-maurice", "comment_count": 0}, {"open_graph_id": null, "timezone_id": "Europe/London", "likes": 0, "type": null, "creation_time": 1528999975.0, "location_id": 6832759, "id": 5163823, "supertype": "normal", "is_deleted": false, "description": null, "weather_temperature": 6.0, "start_time": 1521928801.0, "views": 0, "location": {"lon": 0.393227453737609, "country_code": "GB", "lat": 52.1960369939531, "id": 6832759, "full_detail": "England, United Kingdom", "uuid": "8b0f09a0-96b7-4c44-aa65-22256a432ec6", "venue": null, "detail": "United Kingdom", "name": "Newmarket"}, "trip_id": 723506, "end_time": null, "main_media_item_path": null, "name": null, "uuid": "fb393dd2-0ffa-4321-8988-1ddd054017e3", "fb_publish_status": null, "weather_condition": "partly-cloudy-night", "slug": "newmarket", "comment_count": 0}], "user_id": 642440, "language": null, "visibility": 1, "featured_priority_for_new_users": null, "featured": null, "views": 0, "total_km": 1747.64701570937, "step_count": 3, "name": "Les Arcs 1950", "feature_text": null, "uuid": "520ac5c5-f325-4586-8823-d397eea506db", "cover_photo_thumb_path": null, "fb_publish_status": null, "cover_photo_path": null, "slug": "les-arcs-1950"}