{"summary": "Week long skiing trip", "views": 0, "fb_publish_status": null, "is_deleted": false, "timezone_id": "Europe/London", "cover_photo_path": null, "step_count": 3, "total_km": 1747.64701570937, "start_date": 1521244801.0, "id": 723506, "user_id": 642440, "type": null, "likes": 0, "feature_text": null, "slug": "les-arcs-1950", "language": null, "name": "Les Arcs 1950", "visibility": 1, "feature_date": null, "featured_priority_for_new_users": null, "all_steps": [{"views": 0, "main_media_item_path": null, "weather_condition": "partly-cloudy-day", "start_time": 1521280801.0, "is_deleted": false, "id": 5163803, "timezone_id": "Europe/London", "comment_count": 0, "location": {"lon": 0.393211652559785, "full_detail": "England, United Kingdom", "uuid": "6f98a1bb-0e0a-4995-b2ac-d7ac9f448399", "lat": 52.1960424972021, "name": "Newmarket", "venue": null, "id": 6832735, "country_code": "GB", "detail": "United Kingdom"}, "creation_time": 1528999949.0, "location_id": 6832735, "name": null, "fb_publish_status": null, "type": null, "likes": 0, "slug": "newmarket", "weather_temperature": 0.0, "end_time": null, "supertype": "normal", "trip_id": 723506, "description": null, "open_graph_id": null, "uuid": "0645606e-a7f5-48d5-86ac-49ca4009c028"}, {"views": 0, "main_media_item_path": null, "weather_condition": "snow", "start_time": 1521288001.0, "is_deleted": false, "id": 5163155, "timezone_id": "Europe/Paris", "comment_count": 0, "location": {"lon": 6.83319543343794, "full_detail": "Savoie, France", "uuid": "1a86c24d-eda2-467e-b399-cf2377dfca37", "lat": 45.570631425473, "name": "Bourg-Saint-Maurice", "venue": null, "id": 6831993, "country_code": "FR", "detail": "France"}, "creation_time": 1528997111.0, "location_id": 6831993, "name": null, "fb_publish_status": null, "type": null, "likes": 0, "slug": "bourg-saint-maurice", "weather_temperature": -4.0, "end_time": null, "supertype": "normal", "trip_id": 723506, "description": null, "open_graph_id": null, "uuid": "cedfffe1-18c5-4ee9-9910-c2287b66a956"}, {"views": 0, "main_media_item_path": null, "weather_condition": "partly-cloudy-night", "start_time": 1521928801.0, "is_deleted": false, "id": 5163823, "timezone_id": "Europe/London", "comment_count": 0, "location": {"lon": 0.393227453737609, "full_detail": "England, United Kingdom", "uuid": "8b0f09a0-96b7-4c44-aa65-22256a432ec6", "lat": 52.1960369939531, "name": "Newmarket", "venue": null, "id": 6832759, "country_code": "GB", "detail": "United Kingdom"}, "creation_time": 1528999975.0, "location_id": 6832759, "name": null, "fb_publish_status": null, "type": null, "likes": 0, "slug": "newmarket", "weather_temperature": 6.0, "end_time": null, "supertype": "normal", "trip_id": 723506, "description": null, "open_graph_id": null, "uuid": "fb393dd2-0ffa-4321-8988-1ddd054017e3"}], "open_graph_id": null, "uuid": "520ac5c5-f325-4586-8823-d397eea506db", "featured": null, "cover_photo_thumb_path": null, "end_date": 1521935941.0}