{"feature_date": null, "open_graph_id": null, "timezone_id": "Europe/London", "likes": 0, "summary": "", "type": null, "start_date": 997398001.0, "end_date": 998866740.0, "is_deleted": false, "id": 726263, "all_steps": [{"open_graph_id": null, "timezone_id": "Europe/London", "likes": 0, "type": null, "creation_time": 1529109028.0, "location_id": 6855352, "id": 5182624, "supertype": "normal", "is_deleted": false, "description": null, "weather_temperature": null, "start_time": 997441201.0, "views": 0, "location": {"lon": 0.3848, "country_code": "GB", "lat": 52.1954, "id": 6855352, "full_detail": "England, United Kingdom", "uuid": "0e267062-6503-4f10-9b38-587fd91e17c9", "venue": null, "detail": "United Kingdom", "name": "Newmarket"}, "trip_id": 726263, "end_time": null, "main_media_item_path": null, "name": null, "uuid": "b43c513a-6bd1-47fe-a2a3-48fe8ddc49f8", "fb_publish_status": null, "weather_condition": null, "slug": "newmarket", "comment_count": 0}, {"open_graph_id": null, "timezone_id": "Europe/London", "likes": 0, "type": null, "creation_time": 1529109041.0, "location_id": 6855353, "id": 5182625, "supertype": "normal", "is_deleted": false, "description": null, "weather_temperature": null, "start_time": 997527601.0, "views": 0, "location": {"lon": -3.19889, "country_code": "GB", "lat": 55.95, "id": 6855353, "full_detail": "Scotland, United Kingdom", "uuid": "3f59dc84-0b76-472d-b480-7cffdd7c3f7f", "venue": null, "detail": "United Kingdom", "name": "Edinburgh"}, "trip_id": 726263, "end_time": null, "main_media_item_path": null, "name": null, "uuid": "a25d8533-8e1e-488e-a331-d8ef2ecda458", "fb_publish_status": null, "weather_condition": null, "slug": "edinburgh", "comment_count": 0}, {"open_graph_id": null, "timezone_id": "Europe/London", "likes": 0, "type": null, "creation_time": 1529109119.0, "location_id": 6855367, "id": 5182634, "supertype": "normal", "is_deleted": false, "description": null, "weather_temperature": null, "start_time": 997894801.0, "views": 0, "location": {"lon": -4.22583, "country_code": "GB", "lat": 57.48389, "id": 6855367, "full_detail": "Scotland, United Kingdom", "uuid": "acb0d0d5-9fe1-4655-b4ca-bcb6158e3dca", "venue": null, "detail": "United Kingdom", "name": "Inverness"}, "trip_id": 726263, "end_time": null, "main_media_item_path": null, "name": null, "uuid": "5cbd1b2f-e6a2-4997-b578-2ddac589c414", "fb_publish_status": null, "weather_condition": null, "slug": "inverness", "comment_count": 0}, {"open_graph_id": null, "timezone_id": "Europe/London", "likes": 0, "type": null, "creation_time": 1529109072.0, "location_id": 6855360, "id": 5182631, "supertype": "normal", "is_deleted": false, "description": null, "weather_temperature": null, "start_time": 998132401.0, "views": 0, "location": {"lon": -3.0, "country_code": "GB", "lat": 56.3333, "id": 6855360, "full_detail": "Scotland, United Kingdom", "uuid": "2382c4e2-ce3d-4b7c-a3f2-e298616de122", "venue": null, "detail": "United Kingdom", "name": "Fife"}, "trip_id": 726263, "end_time": null, "main_media_item_path": null, "name": null, "uuid": "33e76d9f-d372-4342-a690-266d454cc349", "fb_publish_status": null, "weather_condition": null, "slug": "fife", "comment_count": 0}, {"open_graph_id": null, "timezone_id": "Europe/London", "likes": 0, "type": null, "creation_time": 1529109157.0, "location_id": 6855389, "id": 5182657, "supertype": "normal", "is_deleted": false, "description": null, "weather_temperature": null, "start_time": 998823601.0, "views": 0, "location": {"lon": 0.3848, "country_code": "GB", "lat": 52.1954, "id": 6855389, "full_detail": "England, United Kingdom", "uuid": "8afab47a-9bc9-4143-a2f8-81cb13a3c77c", "venue": null, "detail": "United Kingdom", "name": "Newmarket"}, "trip_id": 726263, "end_time": null, "main_media_item_path": null, "name": null, "uuid": "5670bd00-fe4d-4db2-9bba-62976edc1212", "fb_publish_status": null, "weather_condition": null, "slug": "newmarket", "comment_count": 0}], "user_id": 642440, "language": null, "visibility": 1, "featured_priority_for_new_users": null, "featured": null, "views": 1, "total_km": 1318.21526799907, "step_count": 5, "name": "Scotland 2001", "feature_text": null, "uuid": "df0ba982-7eff-48b6-9cb7-9f7fa3f0e39a", "cover_photo_thumb_path": null, "fb_publish_status": null, "cover_photo_path": null, "slug": "scotland-2001"}