{"summary": "", "views": 1, "fb_publish_status": null, "is_deleted": false, "timezone_id": "Europe/London", "cover_photo_path": null, "step_count": 5, "total_km": 1318.21526799907, "start_date": 997398001.0, "id": 726263, "user_id": 642440, "type": null, "likes": 0, "feature_text": null, "slug": "scotland-2001", "language": null, "name": "Scotland 2001", "visibility": 1, "feature_date": null, "featured_priority_for_new_users": null, "all_steps": [{"views": 0, "main_media_item_path": null, "weather_condition": null, "start_time": 997441201.0, "is_deleted": false, "id": 5182624, "timezone_id": "Europe/London", "comment_count": 0, "location": {"lon": 0.3848, "full_detail": "England, United Kingdom", "uuid": "0e267062-6503-4f10-9b38-587fd91e17c9", "lat": 52.1954, "name": "Newmarket", "venue": null, "id": 6855352, "country_code": "GB", "detail": "United Kingdom"}, "creation_time": 1529109028.0, "location_id": 6855352, "name": null, "fb_publish_status": null, "type": null, "likes": 0, "slug": "newmarket", "weather_temperature": null, "end_time": null, "supertype": "normal", "trip_id": 726263, "description": null, "open_graph_id": null, "uuid": "b43c513a-6bd1-47fe-a2a3-48fe8ddc49f8"}, {"views": 0, "main_media_item_path": null, "weather_condition": null, "start_time": 997527601.0, "is_deleted": false, "id": 5182625, "timezone_id": "Europe/London", "comment_count": 0, "location": {"lon": -3.19889, "full_detail": "Scotland, United Kingdom", "uuid": "3f59dc84-0b76-472d-b480-7cffdd7c3f7f", "lat": 55.95, "name": "Edinburgh", "venue": null, "id": 6855353, "country_code": "GB", "detail": "United Kingdom"}, "creation_time": 1529109041.0, "location_id": 6855353, "name": null, "fb_publish_status": null, "type": null, "likes": 0, "slug": "edinburgh", "weather_temperature": null, "end_time": null, "supertype": "normal", "trip_id": 726263, "description": null, "open_graph_id": null, "uuid": "a25d8533-8e1e-488e-a331-d8ef2ecda458"}, {"views": 0, "main_media_item_path": null, "weather_condition": null, "start_time": 997894801.0, "is_deleted": false, "id": 5182634, "timezone_id": "Europe/London", "comment_count": 0, "location": {"lon": -4.22583, "full_detail": "Scotland, United Kingdom", "uuid": "acb0d0d5-9fe1-4655-b4ca-bcb6158e3dca", "lat": 57.48389, "name": "Inverness", "venue": null, "id": 6855367, "country_code": "GB", "detail": "United Kingdom"}, "creation_time": 1529109119.0, "location_id": 6855367, "name": null, "fb_publish_status": null, "type": null, "likes": 0, "slug": "inverness", "weather_temperature": null, "end_time": null, "supertype": "normal", "trip_id": 726263, "description": null, "open_graph_id": null, "uuid": "5cbd1b2f-e6a2-4997-b578-2ddac589c414"}, {"views": 0, "main_media_item_path": null, "weather_condition": null, "start_time": 998132401.0, "is_deleted": false, "id": 5182631, "timezone_id": "Europe/London", "comment_count": 0, "location": {"lon": -3.0, "full_detail": "Scotland, United Kingdom", "uuid": "2382c4e2-ce3d-4b7c-a3f2-e298616de122", "lat": 56.3333, "name": "Fife", "venue": null, "id": 6855360, "country_code": "GB", "detail": "United Kingdom"}, "creation_time": 1529109072.0, "location_id": 6855360, "name": null, "fb_publish_status": null, "type": null, "likes": 0, "slug": "fife", "weather_temperature": null, "end_time": null, "supertype": "normal", "trip_id": 726263, "description": null, "open_graph_id": null, "uuid": "33e76d9f-d372-4342-a690-266d454cc349"}, {"views": 0, "main_media_item_path": null, "weather_condition": null, "start_time": 998823601.0, "is_deleted": false, "id": 5182657, "timezone_id": "Europe/London", "comment_count": 0, "location": {"lon": 0.3848, "full_detail": "England, United Kingdom", "uuid": "8afab47a-9bc9-4143-a2f8-81cb13a3c77c", "lat": 52.1954, "name": "Newmarket", "venue": null, "id": 6855389, "country_code": "GB", "detail": "United Kingdom"}, "creation_time": 1529109157.0, "location_id": 6855389, "name": null, "fb_publish_status": null, "type": null, "likes": 0, "slug": "newmarket", "weather_temperature": null, "end_time": null, "supertype": "normal", "trip_id": 726263, "description": null, "open_graph_id": null, "uuid": "5670bd00-fe4d-4db2-9bba-62976edc1212"}], "open_graph_id": null, "uuid": "df0ba982-7eff-48b6-9cb7-9f7fa3f0e39a", "featured": null, "cover_photo_thumb_path": null, "end_date": 998866740.0}