{"feature_date": null, "open_graph_id": null, "timezone_id": "Europe/London", "likes": 0, "summary": "", "type": null, "start_date": 1543104001.0, "end_date": 1543708741.0, "is_deleted": false, "id": 1175623, "all_steps": [{"open_graph_id": null, "timezone_id": "Europe/London", "likes": 0, "type": null, "creation_time": 1543235626.0, "location_id": 11433873, "id": 8799379, "supertype": "normal", "is_deleted": false, "description": null, "weather_temperature": null, "start_time": 1543157640.0, "views": 0, "location": {"lon": 0.3930532, "country_code": "GB", "lat": 52.1961137, "id": 11433873, "full_detail": "England, United Kingdom", "uuid": "de2c7f85-012f-43a2-9c5e-754e2e078148", "venue": null, "detail": "United Kingdom", "name": "Dullingham"}, "trip_id": 1175623, "end_time": null, "main_media_item_path": null, "name": null, "uuid": "679b5a94-a1bf-4415-9ea1-5de40f36bc7a", "fb_publish_status": null, "weather_condition": null, "slug": "dullingham", "comment_count": 0}, {"open_graph_id": null, "timezone_id": "Africa/Casablanca", "likes": 0, "type": null, "creation_time": 1543235612.0, "location_id": 11433874, "id": 8799380, "supertype": "normal", "is_deleted": false, "description": null, "weather_temperature": null, "start_time": 1543194120.0, "views": 0, "location": {"lon": -7.9918013, "country_code": "MA", "lat": 31.6245874, "id": 11433874, "full_detail": "Marrakech - Tensift - Al Haouz, Morocco", "uuid": "65079ff0-22c6-4d68-9c2c-a4d74c87865f", "venue": null, "detail": "Morocco", "name": "Marrakech"}, "trip_id": 1175623, "end_time": null, "main_media_item_path": null, "name": null, "uuid": "6b5e58f5-9328-4766-8e8c-ce7027806932", "fb_publish_status": null, "weather_condition": null, "slug": "marrakech", "comment_count": 0}, {"open_graph_id": null, "timezone_id": "Africa/Casablanca", "likes": 0, "type": null, "creation_time": 1543335615.0, "location_id": 11487663, "id": 8833382, "supertype": "normal", "is_deleted": false, "description": null, "weather_temperature": null, "start_time": 1543335615.0, "views": 0, "location": {"lon": -7.9379267, "country_code": "MA", "lat": 31.0633222, "id": 11487663, "full_detail": "Marrakech - Tensift - Al Haouz, Morocco", "uuid": "7ed818dd-7902-4690-a24e-9e2c1b1fa26a", "venue": null, "detail": "Morocco", "name": "Al Haouz"}, "trip_id": 1175623, "end_time": null, "main_media_item_path": null, "name": "Jebel Toubkal Refuge", "uuid": "fd23c1db-7dcc-43cb-9b1d-d49a10fe7a59", "fb_publish_status": null, "weather_condition": null, "slug": "al-haouz", "comment_count": 0}, {"open_graph_id": null, "timezone_id": "Africa/Casablanca", "likes": 0, "type": null, "creation_time": 1543425916.0, "location_id": 11487684, "id": 8833397, "supertype": "normal", "is_deleted": false, "description": null, "weather_temperature": 21.0, "start_time": 1543425916.0, "views": 0, "location": {"lon": -7.9855941, "country_code": "MA", "lat": 31.6247783, "id": 11487684, "full_detail": "Marrakech - Tensift - Al Haouz, Morocco", "uuid": "5d64b2fe-97fb-4369-97bb-7dd43056bc5a", "venue": null, "detail": "Morocco", "name": "Marrakech"}, "trip_id": 1175623, "end_time": null, "main_media_item_path": null, "name": null, "uuid": "913b550d-1cad-43b3-9802-f5b94ee5fa3b", "fb_publish_status": null, "weather_condition": "clear-night", "slug": "marrakech", "comment_count": 0}, {"open_graph_id": null, "timezone_id": "Europe/London", "likes": 0, "type": null, "creation_time": 1543699252.0, "location_id": 11568999, "id": 8884851, "supertype": "normal", "is_deleted": false, "description": null, "weather_temperature": 11.0, "start_time": 1543697778.0, "views": 0, "location": {"lon": 0.3930469, "country_code": "GB", "lat": 52.1960383, "id": 11568999, "full_detail": "Cambridgeshire, United Kingdom", "uuid": "e6ff0b9f-9e8b-4013-ad30-a1e11414a5bb", "venue": null, "detail": "United Kingdom", "name": "Dullingham"}, "trip_id": 1175623, "end_time": null, "main_media_item_path": null, "name": null, "uuid": "1a76d64e-87d7-4c9f-bcea-f21ce39cec2d", "fb_publish_status": null, "weather_condition": "cloudy", "slug": "dullingham", "comment_count": 0}], "user_id": 642440, "language": null, "visibility": 2, "featured_priority_for_new_users": null, "featured": null, "views": 11, "total_km": 5485.51643844263, "step_count": 5, "name": "Morocco 2018", "feature_text": null, "uuid": "c70374ca-76a8-4562-8553-0fd2e18797a9", "cover_photo_thumb_path": null, "fb_publish_status": null, "cover_photo_path": null, "slug": "morocco"}