{"summary": "", "views": 11, "fb_publish_status": null, "is_deleted": false, "timezone_id": "Europe/London", "cover_photo_path": null, "step_count": 5, "total_km": 5485.51643844263, "start_date": 1543104001.0, "id": 1175623, "user_id": 642440, "type": null, "likes": 0, "feature_text": null, "slug": "morocco", "language": null, "name": "Morocco 2018", "visibility": 2, "feature_date": null, "featured_priority_for_new_users": null, "all_steps": [{"views": 0, "main_media_item_path": null, "weather_condition": null, "start_time": 1543157640.0, "is_deleted": false, "id": 8799379, "timezone_id": "Europe/London", "comment_count": 0, "location": {"lon": 0.3930532, "full_detail": "England, United Kingdom", "uuid": "de2c7f85-012f-43a2-9c5e-754e2e078148", "lat": 52.1961137, "name": "Dullingham", "venue": null, "id": 11433873, "country_code": "GB", "detail": "United Kingdom"}, "creation_time": 1543235626.0, "location_id": 11433873, "name": null, "fb_publish_status": null, "type": null, "likes": 0, "slug": "dullingham", "weather_temperature": null, "end_time": null, "supertype": "normal", "trip_id": 1175623, "description": null, "open_graph_id": null, "uuid": "679b5a94-a1bf-4415-9ea1-5de40f36bc7a"}, {"views": 0, "main_media_item_path": null, "weather_condition": null, "start_time": 1543194120.0, "is_deleted": false, "id": 8799380, "timezone_id": "Africa/Casablanca", "comment_count": 0, "location": {"lon": -7.9918013, "full_detail": "Marrakech - Tensift - Al Haouz, Morocco", "uuid": "65079ff0-22c6-4d68-9c2c-a4d74c87865f", "lat": 31.6245874, "name": "Marrakech", "venue": null, "id": 11433874, "country_code": "MA", "detail": "Morocco"}, "creation_time": 1543235612.0, "location_id": 11433874, "name": null, "fb_publish_status": null, "type": null, "likes": 0, "slug": "marrakech", "weather_temperature": null, "end_time": null, "supertype": "normal", "trip_id": 1175623, "description": null, "open_graph_id": null, "uuid": "6b5e58f5-9328-4766-8e8c-ce7027806932"}, {"views": 0, "main_media_item_path": null, "weather_condition": null, "start_time": 1543335615.0, "is_deleted": false, "id": 8833382, "timezone_id": "Africa/Casablanca", "comment_count": 0, "location": {"lon": -7.9379267, "full_detail": "Marrakech - Tensift - Al Haouz, Morocco", "uuid": "7ed818dd-7902-4690-a24e-9e2c1b1fa26a", "lat": 31.0633222, "name": "Al Haouz", "venue": null, "id": 11487663, "country_code": "MA", "detail": "Morocco"}, "creation_time": 1543335615.0, "location_id": 11487663, "name": "Jebel Toubkal Refuge", "fb_publish_status": null, "type": null, "likes": 0, "slug": "al-haouz", "weather_temperature": null, "end_time": null, "supertype": "normal", "trip_id": 1175623, "description": null, "open_graph_id": null, "uuid": "fd23c1db-7dcc-43cb-9b1d-d49a10fe7a59"}, {"views": 0, "main_media_item_path": null, "weather_condition": "clear-night", "start_time": 1543425916.0, "is_deleted": false, "id": 8833397, "timezone_id": "Africa/Casablanca", "comment_count": 0, "location": {"lon": -7.9855941, "full_detail": "Marrakech - Tensift - Al Haouz, Morocco", "uuid": "5d64b2fe-97fb-4369-97bb-7dd43056bc5a", "lat": 31.6247783, "name": "Marrakech", "venue": null, "id": 11487684, "country_code": "MA", "detail": "Morocco"}, "creation_time": 1543425916.0, "location_id": 11487684, "name": null, "fb_publish_status": null, "type": null, "likes": 0, "slug": "marrakech", "weather_temperature": 21.0, "end_time": null, "supertype": "normal", "trip_id": 1175623, "description": null, "open_graph_id": null, "uuid": "913b550d-1cad-43b3-9802-f5b94ee5fa3b"}, {"views": 0, "main_media_item_path": null, "weather_condition": "cloudy", "start_time": 1543697778.0, "is_deleted": false, "id": 8884851, "timezone_id": "Europe/London", "comment_count": 0, "location": {"lon": 0.3930469, "full_detail": "Cambridgeshire, United Kingdom", "uuid": "e6ff0b9f-9e8b-4013-ad30-a1e11414a5bb", "lat": 52.1960383, "name": "Dullingham", "venue": null, "id": 11568999, "country_code": "GB", "detail": "United Kingdom"}, "creation_time": 1543699252.0, "location_id": 11568999, "name": null, "fb_publish_status": null, "type": null, "likes": 0, "slug": "dullingham", "weather_temperature": 11.0, "end_time": null, "supertype": "normal", "trip_id": 1175623, "description": null, "open_graph_id": null, "uuid": "1a76d64e-87d7-4c9f-bcea-f21ce39cec2d"}], "open_graph_id": null, "uuid": "c70374ca-76a8-4562-8553-0fd2e18797a9", "featured": null, "cover_photo_thumb_path": null, "end_date": 1543708741.0}