{"feature_date": null, "open_graph_id": null, "timezone_id": "Europe/London", "likes": 0, "summary": "Italian skiing", "type": null, "start_date": 1551484800.0, "end_date": 1552175999.0, "is_deleted": false, "id": 1241122, "all_steps": [], "user_id": 642440, "language": null, "visibility": 2, "featured_priority_for_new_users": null, "featured": null, "views": 2, "total_km": 0.0, "step_count": 0, "name": "Pinzolo", "feature_text": null, "uuid": "1ad1a7be-4d83-4e32-8381-8e39f19d6e84", "cover_photo_thumb_path": null, "fb_publish_status": null, "cover_photo_path": null, "slug": "skiing-pinzolo-2019"}