{"summary": "Italian skiing", "views": 2, "fb_publish_status": null, "is_deleted": false, "timezone_id": "Europe/London", "cover_photo_path": null, "step_count": 3, "total_km": 2831.14325407379, "start_date": 1551484800.0, "id": 1241122, "user_id": 642440, "type": null, "likes": 0, "feature_text": null, "slug": "skiing-pinzolo-2019", "language": null, "name": "Pinzolo", "visibility": 2, "feature_date": null, "featured_priority_for_new_users": null, "all_steps": [{"views": 0, "main_media_item_path": null, "weather_condition": "partly-cloudy-night", "start_time": 1551489412.0, "is_deleted": false, "id": 10768711, "timezone_id": "Europe/London", "comment_count": 0, "location": {"lon": 0.3929025, "full_detail": "Cambridgeshire, United Kingdom", "uuid": "b81a7fea-f9b2-4cd3-8a23-5905b8de06e3", "lat": 52.1960665, "name": "Dullingham", "venue": null, "id": 14427989, "country_code": "GB", "detail": "United Kingdom"}, "creation_time": 1551528253.0, "location_id": 14427989, "name": null, "fb_publish_status": null, "type": null, "likes": 0, "slug": "dullingham", "weather_temperature": 7.0, "end_time": null, "supertype": "normal", "trip_id": 1241122, "description": null, "open_graph_id": null, "uuid": "fe5b70ca-aafe-4de5-8f70-f064c25fd024"}, {"views": 0, "main_media_item_path": null, "weather_condition": "partly-cloudy-night", "start_time": 1551555764.0, "is_deleted": false, "id": 10778419, "timezone_id": "Europe/Rome", "comment_count": 0, "location": {"lon": 10.7652856, "full_detail": "Trento, Italy", "uuid": "a73324a3-39f3-4c26-a334-2833ea17d647", "lat": 46.1603444, "name": "Pinzolo", "venue": null, "id": 14440795, "country_code": "IT", "detail": "Italy"}, "creation_time": 1551556702.0, "location_id": 14440795, "name": null, "fb_publish_status": null, "type": null, "likes": 0, "slug": "pinzolo", "weather_temperature": 4.0, "end_time": null, "supertype": "normal", "trip_id": 1241122, "description": null, "open_graph_id": null, "uuid": "b381adb3-5fdd-489f-b73f-9b98a179aacd"}, {"views": 0, "main_media_item_path": null, "weather_condition": "clear-night", "start_time": 1552164645.0, "is_deleted": false, "id": 10973271, "timezone_id": "Europe/London", "comment_count": 0, "location": {"lon": 0.39284987, "full_detail": "Cambridgeshire, United Kingdom", "uuid": "f604e08b-9737-4b83-9792-2b4f9036ad39", "lat": 52.1959921, "name": "Dullingham", "venue": null, "id": 14696091, "country_code": "GB", "detail": "United Kingdom"}, "creation_time": 1552245003.0, "location_id": 14696091, "name": null, "fb_publish_status": null, "type": null, "likes": 0, "slug": "dullingham", "weather_temperature": 8.0, "end_time": null, "supertype": "normal", "trip_id": 1241122, "description": null, "open_graph_id": null, "uuid": "ad510bba-a9ce-4085-8d44-69c0c267cd34"}], "open_graph_id": null, "uuid": "1ad1a7be-4d83-4e32-8381-8e39f19d6e84", "featured": null, "cover_photo_thumb_path": null, "end_date": 1552175999.0}