{"summary": "", "views": 0, "fb_publish_status": null, "is_deleted": false, "timezone_id": "Europe/London", "cover_photo_path": null, "step_count": 3, "total_km": 1671.29082911655, "start_date": 1111708801.0, "id": 726270, "user_id": 642440, "type": null, "likes": 0, "feature_text": null, "slug": "nendaz-2005", "language": null, "name": "Nendaz 2005", "visibility": 1, "feature_date": null, "featured_priority_for_new_users": null, "all_steps": [{"views": 0, "main_media_item_path": null, "weather_condition": "partly-cloudy-day", "start_time": 1111752001.0, "is_deleted": false, "id": 5182660, "timezone_id": "Europe/London", "comment_count": 0, "location": {"lon": 0.3848, "full_detail": "England, United Kingdom", "uuid": "f3e59346-1aa0-43dc-94f0-6f59a758b83c", "lat": 52.1954, "name": "Newmarket", "venue": null, "id": 6855393, "country_code": "GB", "detail": "United Kingdom"}, "creation_time": 1529109328.0, "location_id": 6855393, "name": null, "fb_publish_status": null, "type": null, "likes": 0, "slug": "newmarket", "weather_temperature": 15.0, "end_time": null, "supertype": "normal", "trip_id": 726270, "description": null, "open_graph_id": null, "uuid": "d68d476b-c5ff-4da3-9449-1ffc3480acb1"}, {"views": 0, "main_media_item_path": null, "weather_condition": "rain", "start_time": 1111858201.0, "is_deleted": false, "id": 5182670, "timezone_id": "Europe/Zurich", "comment_count": 0, "location": {"lon": 7.30504398437063, "full_detail": "Canton of Valais, Switzerland", "uuid": "7f4ba016-7370-4b7a-94b9-4582b382fc8f", "lat": 46.187096633591, "name": "Haute-Nendaz", "venue": null, "id": 6855404, "country_code": "CH", "detail": "Switzerland"}, "creation_time": 1529109349.0, "location_id": 6855404, "name": null, "fb_publish_status": null, "type": null, "likes": 0, "slug": "haute-nendaz", "weather_temperature": 12.0, "end_time": null, "supertype": "normal", "trip_id": 726270, "description": null, "open_graph_id": null, "uuid": "05dc55c0-852f-4a08-ac88-85762650cd7d"}, {"views": 0, "main_media_item_path": null, "weather_condition": "partly-cloudy-day", "start_time": 1112439601.0, "is_deleted": false, "id": 5182661, "timezone_id": "Europe/London", "comment_count": 0, "location": {"lon": 0.3848, "full_detail": "England, United Kingdom", "uuid": "b026550d-ac01-4981-894c-47c66ac7c5b4", "lat": 52.1954, "name": "Newmarket", "venue": null, "id": 6855394, "country_code": "GB", "detail": "United Kingdom"}, "creation_time": 1529109338.0, "location_id": 6855394, "name": null, "fb_publish_status": null, "type": null, "likes": 0, "slug": "newmarket", "weather_temperature": 15.0, "end_time": null, "supertype": "normal", "trip_id": 726270, "description": null, "open_graph_id": null, "uuid": "e1734096-e170-4544-bd22-50d008c6aa1f"}], "open_graph_id": null, "uuid": "34280ba1-e9f0-4174-af83-a2b0f820a2ea", "featured": null, "cover_photo_thumb_path": null, "end_date": 1112482740.0}