{"feature_date": null, "open_graph_id": null, "timezone_id": "Europe/London", "likes": 0, "summary": "", "type": null, "start_date": 1111708801.0, "end_date": 1112482740.0, "is_deleted": false, "id": 726270, "all_steps": [{"open_graph_id": null, "timezone_id": "Europe/London", "likes": 0, "type": null, "creation_time": 1529109328.0, "location_id": 6855393, "id": 5182660, "supertype": "normal", "is_deleted": false, "description": null, "weather_temperature": 15.0, "start_time": 1111752001.0, "views": 0, "location": {"lon": 0.3848, "country_code": "GB", "lat": 52.1954, "id": 6855393, "full_detail": "England, United Kingdom", "uuid": "f3e59346-1aa0-43dc-94f0-6f59a758b83c", "venue": null, "detail": "United Kingdom", "name": "Newmarket"}, "trip_id": 726270, "end_time": null, "main_media_item_path": null, "name": null, "uuid": "d68d476b-c5ff-4da3-9449-1ffc3480acb1", "fb_publish_status": null, "weather_condition": "partly-cloudy-day", "slug": "newmarket", "comment_count": 0}, {"open_graph_id": null, "timezone_id": "Europe/Zurich", "likes": 0, "type": null, "creation_time": 1529109349.0, "location_id": 6855404, "id": 5182670, "supertype": "normal", "is_deleted": false, "description": null, "weather_temperature": 12.0, "start_time": 1111858201.0, "views": 0, "location": {"lon": 7.30504398437063, "country_code": "CH", "lat": 46.187096633591, "id": 6855404, "full_detail": "Canton of Valais, Switzerland", "uuid": "7f4ba016-7370-4b7a-94b9-4582b382fc8f", "venue": null, "detail": "Switzerland", "name": "Haute-Nendaz"}, "trip_id": 726270, "end_time": null, "main_media_item_path": null, "name": null, "uuid": "05dc55c0-852f-4a08-ac88-85762650cd7d", "fb_publish_status": null, "weather_condition": "rain", "slug": "haute-nendaz", "comment_count": 0}, {"open_graph_id": null, "timezone_id": "Europe/London", "likes": 0, "type": null, "creation_time": 1529109338.0, "location_id": 6855394, "id": 5182661, "supertype": "normal", "is_deleted": false, "description": null, "weather_temperature": 15.0, "start_time": 1112439601.0, "views": 0, "location": {"lon": 0.3848, "country_code": "GB", "lat": 52.1954, "id": 6855394, "full_detail": "England, United Kingdom", "uuid": "b026550d-ac01-4981-894c-47c66ac7c5b4", "venue": null, "detail": "United Kingdom", "name": "Newmarket"}, "trip_id": 726270, "end_time": null, "main_media_item_path": null, "name": null, "uuid": "e1734096-e170-4544-bd22-50d008c6aa1f", "fb_publish_status": null, "weather_condition": "partly-cloudy-day", "slug": "newmarket", "comment_count": 0}], "user_id": 642440, "language": null, "visibility": 1, "featured_priority_for_new_users": null, "featured": null, "views": 0, "total_km": 1671.29082911655, "step_count": 3, "name": "Nendaz 2005", "feature_text": null, "uuid": "34280ba1-e9f0-4174-af83-a2b0f820a2ea", "cover_photo_thumb_path": null, "fb_publish_status": null, "cover_photo_path": null, "slug": "nendaz-2005"}