{"feature_date": null, "open_graph_id": null, "timezone_id": "Europe/London", "likes": 0, "summary": "", "type": null, "start_date": 1374966002.0, "end_date": 1376175540.0, "is_deleted": false, "id": 726212, "all_steps": [{"open_graph_id": null, "timezone_id": "Europe/London", "likes": 0, "type": null, "creation_time": 1529106057.0, "location_id": 6854956, "id": 5182264, "supertype": "normal", "is_deleted": false, "description": null, "weather_temperature": null, "start_time": 1375009202.0, "views": 0, "location": {"lon": 0.3848, "country_code": "GB", "lat": 52.1954, "id": 6854956, "full_detail": "England, United Kingdom", "uuid": "611513c5-777a-41cb-8f4d-d31d8fb937af", "venue": null, "detail": "United Kingdom", "name": "Newmarket"}, "trip_id": 726212, "end_time": null, "main_media_item_path": null, "name": null, "uuid": "5f5e8539-882b-4db6-bc57-e9a85d6748fd", "fb_publish_status": null, "weather_condition": null, "slug": "newmarket", "comment_count": 0}, {"open_graph_id": null, "timezone_id": "Europe/Ljubljana", "likes": 0, "type": null, "creation_time": 1529106072.0, "location_id": 6854959, "id": 5182267, "supertype": "normal", "is_deleted": false, "description": null, "weather_temperature": 35.0, "start_time": 1375016402.0, "views": 0, "location": {"lon": 14.51667, "country_code": "SI", "lat": 46.05, "id": 6854959, "full_detail": "Ljubljana, Slovenia", "uuid": "09e30723-6ff7-49a8-a857-8a898aec7385", "venue": null, "detail": "Slovenia", "name": "Ljubljana"}, "trip_id": 726212, "end_time": null, "main_media_item_path": null, "name": null, "uuid": "ef2c6062-cf58-4fea-af06-a7a789a89337", "fb_publish_status": null, "weather_condition": "clear-day", "slug": "ljubljana", "comment_count": 0}, {"open_graph_id": null, "timezone_id": "Europe/Zagreb", "likes": 0, "type": null, "creation_time": 1529106108.0, "location_id": 6854963, "id": 5182270, "supertype": "normal", "is_deleted": false, "description": null, "weather_temperature": 26.0, "start_time": 1375182002.0, "views": 0, "location": {"lon": 15.95, "country_code": "HR", "lat": 45.8, "id": 6854963, "full_detail": "Zagreb County, Croatia", "uuid": "82ecf2c0-4cf2-4c02-a6fe-91ca25457935", "venue": null, "detail": "Croatia", "name": "Zagreb"}, "trip_id": 726212, "end_time": null, "main_media_item_path": null, "name": null, "uuid": "08219902-6290-4824-8f84-bf93fabdc77c", "fb_publish_status": null, "weather_condition": "clear-day", "slug": "zagreb", "comment_count": 0}, {"open_graph_id": null, "timezone_id": "Europe/Zagreb", "likes": 0, "type": null, "creation_time": 1529106135.0, "location_id": 6854972, "id": 5182278, "supertype": "normal", "is_deleted": false, "description": null, "weather_temperature": null, "start_time": 1375354802.0, "views": 0, "location": {"lon": 15.467988355743, "country_code": "HR", "lat": 44.2531141791818, "id": 6854972, "full_detail": "Zadar County, Croatia", "uuid": "20b66e15-1d8c-428c-8419-9f7e15149481", "venue": null, "detail": "Croatia", "name": "Posedarje"}, "trip_id": 726212, "end_time": null, "main_media_item_path": null, "name": "Vinjerac", "uuid": "c0b5368e-0d53-4d69-8566-f898352f2986", "fb_publish_status": null, "weather_condition": null, "slug": "posedarje", "comment_count": 0}, {"open_graph_id": null, "timezone_id": "Europe/Zagreb", "likes": 0, "type": null, "creation_time": 1529106296.0, "location_id": 6854976, "id": 5182281, "supertype": "normal", "is_deleted": false, "description": null, "weather_temperature": null, "start_time": 1375527602.0, "views": 0, "location": {"lon": 16.6039495095717, "country_code": "HR", "lat": 43.3784466465769, "id": 6854976, "full_detail": "Split-Dalmatia County, Croatia", "uuid": "d33a9c73-7751-4e2a-981a-50ef6633587f", "venue": null, "detail": "Croatia", "name": "Supetar"}, "trip_id": 726212, "end_time": null, "main_media_item_path": null, "name": "Splitska", "uuid": "014fa68a-1ba0-4f3e-bcf2-ea1f6dd3a03b", "fb_publish_status": null, "weather_condition": null, "slug": "supetar", "comment_count": 0}, {"open_graph_id": null, "timezone_id": "Europe/London", "likes": 0, "type": null, "creation_time": 1529106347.0, "location_id": 6854979, "id": 5182284, "supertype": "normal", "is_deleted": false, "description": null, "weather_temperature": null, "start_time": 1376132402.0, "views": 0, "location": {"lon": 0.3848, "country_code": "GB", "lat": 52.1954, "id": 6854979, "full_detail": "England, United Kingdom", "uuid": "4b3a61aa-3021-4d10-a82f-4f958e50d383", "venue": null, "detail": "United Kingdom", "name": "Newmarket"}, "trip_id": 726212, "end_time": null, "main_media_item_path": null, "name": null, "uuid": "21205feb-6237-443c-abf5-7cc8e72093fa", "fb_publish_status": null, "weather_condition": null, "slug": "newmarket", "comment_count": 0}], "user_id": 642440, "language": null, "visibility": 1, "featured_priority_for_new_users": null, "featured": null, "views": 0, "total_km": 3208.65737178841, "step_count": 6, "name": "Balkans 2013", "feature_text": null, "uuid": "a7a4b801-6057-4b5c-8218-28824d65ee7c", "cover_photo_thumb_path": null, "fb_publish_status": null, "cover_photo_path": null, "slug": "balkans-2013"}