{"summary": "", "views": 0, "fb_publish_status": null, "is_deleted": false, "timezone_id": "Europe/London", "cover_photo_path": null, "step_count": 6, "total_km": 3208.65737178841, "start_date": 1374966002.0, "id": 726212, "user_id": 642440, "type": null, "likes": 0, "feature_text": null, "slug": "balkans-2013", "language": null, "name": "Balkans 2013", "visibility": 1, "feature_date": null, "featured_priority_for_new_users": null, "all_steps": [{"views": 0, "main_media_item_path": null, "weather_condition": null, "start_time": 1375009202.0, "is_deleted": false, "id": 5182264, "timezone_id": "Europe/London", "comment_count": 0, "location": {"lon": 0.3848, "full_detail": "England, United Kingdom", "uuid": "611513c5-777a-41cb-8f4d-d31d8fb937af", "lat": 52.1954, "name": "Newmarket", "venue": null, "id": 6854956, "country_code": "GB", "detail": "United Kingdom"}, "creation_time": 1529106057.0, "location_id": 6854956, "name": null, "fb_publish_status": null, "type": null, "likes": 0, "slug": "newmarket", "weather_temperature": null, "end_time": null, "supertype": "normal", "trip_id": 726212, "description": null, "open_graph_id": null, "uuid": "5f5e8539-882b-4db6-bc57-e9a85d6748fd"}, {"views": 0, "main_media_item_path": null, "weather_condition": "clear-day", "start_time": 1375016402.0, "is_deleted": false, "id": 5182267, "timezone_id": "Europe/Ljubljana", "comment_count": 0, "location": {"lon": 14.51667, "full_detail": "Ljubljana, Slovenia", "uuid": "09e30723-6ff7-49a8-a857-8a898aec7385", "lat": 46.05, "name": "Ljubljana", "venue": null, "id": 6854959, "country_code": "SI", "detail": "Slovenia"}, "creation_time": 1529106072.0, "location_id": 6854959, "name": null, "fb_publish_status": null, "type": null, "likes": 0, "slug": "ljubljana", "weather_temperature": 35.0, "end_time": null, "supertype": "normal", "trip_id": 726212, "description": null, "open_graph_id": null, "uuid": "ef2c6062-cf58-4fea-af06-a7a789a89337"}, {"views": 0, "main_media_item_path": null, "weather_condition": "clear-day", "start_time": 1375182002.0, "is_deleted": false, "id": 5182270, "timezone_id": "Europe/Zagreb", "comment_count": 0, "location": {"lon": 15.95, "full_detail": "Zagreb County, Croatia", "uuid": "82ecf2c0-4cf2-4c02-a6fe-91ca25457935", "lat": 45.8, "name": "Zagreb", "venue": null, "id": 6854963, "country_code": "HR", "detail": "Croatia"}, "creation_time": 1529106108.0, "location_id": 6854963, "name": null, "fb_publish_status": null, "type": null, "likes": 0, "slug": "zagreb", "weather_temperature": 26.0, "end_time": null, "supertype": "normal", "trip_id": 726212, "description": null, "open_graph_id": null, "uuid": "08219902-6290-4824-8f84-bf93fabdc77c"}, {"views": 0, "main_media_item_path": null, "weather_condition": null, "start_time": 1375354802.0, "is_deleted": false, "id": 5182278, "timezone_id": "Europe/Zagreb", "comment_count": 0, "location": {"lon": 15.467988355743, "full_detail": "Zadar County, Croatia", "uuid": "20b66e15-1d8c-428c-8419-9f7e15149481", "lat": 44.2531141791818, "name": "Posedarje", "venue": null, "id": 6854972, "country_code": "HR", "detail": "Croatia"}, "creation_time": 1529106135.0, "location_id": 6854972, "name": "Vinjerac", "fb_publish_status": null, "type": null, "likes": 0, "slug": "posedarje", "weather_temperature": null, "end_time": null, "supertype": "normal", "trip_id": 726212, "description": null, "open_graph_id": null, "uuid": "c0b5368e-0d53-4d69-8566-f898352f2986"}, {"views": 0, "main_media_item_path": null, "weather_condition": null, "start_time": 1375527602.0, "is_deleted": false, "id": 5182281, "timezone_id": "Europe/Zagreb", "comment_count": 0, "location": {"lon": 16.6039495095717, "full_detail": "Split-Dalmatia County, Croatia", "uuid": "d33a9c73-7751-4e2a-981a-50ef6633587f", "lat": 43.3784466465769, "name": "Supetar", "venue": null, "id": 6854976, "country_code": "HR", "detail": "Croatia"}, "creation_time": 1529106296.0, "location_id": 6854976, "name": "Splitska", "fb_publish_status": null, "type": null, "likes": 0, "slug": "supetar", "weather_temperature": null, "end_time": null, "supertype": "normal", "trip_id": 726212, "description": null, "open_graph_id": null, "uuid": "014fa68a-1ba0-4f3e-bcf2-ea1f6dd3a03b"}, {"views": 0, "main_media_item_path": null, "weather_condition": null, "start_time": 1376132402.0, "is_deleted": false, "id": 5182284, "timezone_id": "Europe/London", "comment_count": 0, "location": {"lon": 0.3848, "full_detail": "England, United Kingdom", "uuid": "4b3a61aa-3021-4d10-a82f-4f958e50d383", "lat": 52.1954, "name": "Newmarket", "venue": null, "id": 6854979, "country_code": "GB", "detail": "United Kingdom"}, "creation_time": 1529106347.0, "location_id": 6854979, "name": null, "fb_publish_status": null, "type": null, "likes": 0, "slug": "newmarket", "weather_temperature": null, "end_time": null, "supertype": "normal", "trip_id": 726212, "description": null, "open_graph_id": null, "uuid": "21205feb-6237-443c-abf5-7cc8e72093fa"}], "open_graph_id": null, "uuid": "a7a4b801-6057-4b5c-8218-28824d65ee7c", "featured": null, "cover_photo_thumb_path": null, "end_date": 1376175540.0}