{"feature_date": null, "open_graph_id": null, "timezone_id": "Europe/London", "likes": 0, "summary": "Tagging along with Dad", "type": null, "start_date": 1372892401.0, "end_date": 1373065141.0, "is_deleted": false, "id": 726209, "all_steps": [{"open_graph_id": null, "timezone_id": "Europe/London", "likes": 0, "type": null, "creation_time": 1529105812.0, "location_id": 6854922, "id": 5182231, "supertype": "normal", "is_deleted": false, "description": null, "weather_temperature": 20.0, "start_time": 1372921201.0, "views": 0, "location": {"lon": 0.3848, "country_code": "GB", "lat": 52.1954, "id": 6854922, "full_detail": "England, United Kingdom", "uuid": "ed5559b6-c79e-452f-a4b7-2e70207b26de", "venue": null, "detail": "United Kingdom", "name": "Newmarket"}, "trip_id": 726209, "end_time": null, "main_media_item_path": null, "name": null, "uuid": "4cfede02-f7e9-4d25-86b2-31ef991b71d6", "fb_publish_status": null, "weather_condition": "partly-cloudy-day", "slug": "newmarket", "comment_count": 0}, {"open_graph_id": null, "timezone_id": "Europe/Paris", "likes": 0, "type": null, "creation_time": 1529105839.0, "location_id": 6854930, "id": 5182239, "supertype": "normal", "is_deleted": false, "description": null, "weather_temperature": 21.0, "start_time": 1372944601.0, "views": 0, "location": {"lon": 2.31812488595801, "country_code": "FR", "lat": 48.8605537181964, "id": 6854930, "full_detail": "France", "uuid": "2ba5ee7c-460d-4e2d-8be0-7b9619db3b73", "venue": null, "detail": "France", "name": "Paris"}, "trip_id": 726209, "end_time": null, "main_media_item_path": null, "name": null, "uuid": "71a56ad4-f440-430f-bc70-1e814f6f079f", "fb_publish_status": null, "weather_condition": "partly-cloudy-day", "slug": "paris", "comment_count": 0}, {"open_graph_id": null, "timezone_id": "Europe/London", "likes": 0, "type": null, "creation_time": 1529105822.0, "location_id": 6854923, "id": 5182232, "supertype": "normal", "is_deleted": false, "description": null, "weather_temperature": 14.0, "start_time": 1373061601.0, "views": 0, "location": {"lon": 0.3848, "country_code": "GB", "lat": 52.1954, "id": 6854923, "full_detail": "England, United Kingdom", "uuid": "a8100533-0893-4d9f-9e2b-535d664cf0fa", "venue": null, "detail": "United Kingdom", "name": "Newmarket"}, "trip_id": 726209, "end_time": null, "main_media_item_path": null, "name": null, "uuid": "e31d3a54-aa9e-4d55-bdbd-1ea8a45f72e8", "fb_publish_status": null, "weather_condition": "clear-night", "slug": "newmarket", "comment_count": 0}], "user_id": 642440, "language": null, "visibility": 1, "featured_priority_for_new_users": null, "featured": null, "views": 0, "total_km": 790.545782802903, "step_count": 3, "name": "Paris 2013", "feature_text": null, "uuid": "458d03f3-b449-4bc5-8513-a03db55541b5", "cover_photo_thumb_path": null, "fb_publish_status": null, "cover_photo_path": null, "slug": "paris-2015"}