{"summary": "Tagging along with Dad", "views": 0, "fb_publish_status": null, "is_deleted": false, "timezone_id": "Europe/London", "cover_photo_path": null, "step_count": 3, "total_km": 790.545782802903, "start_date": 1372892401.0, "id": 726209, "user_id": 642440, "type": null, "likes": 0, "feature_text": null, "slug": "paris-2015", "language": null, "name": "Paris 2013", "visibility": 1, "feature_date": null, "featured_priority_for_new_users": null, "all_steps": [{"views": 0, "main_media_item_path": null, "weather_condition": "partly-cloudy-day", "start_time": 1372921201.0, "is_deleted": false, "id": 5182231, "timezone_id": "Europe/London", "comment_count": 0, "location": {"lon": 0.3848, "full_detail": "England, United Kingdom", "uuid": "ed5559b6-c79e-452f-a4b7-2e70207b26de", "lat": 52.1954, "name": "Newmarket", "venue": null, "id": 6854922, "country_code": "GB", "detail": "United Kingdom"}, "creation_time": 1529105812.0, "location_id": 6854922, "name": null, "fb_publish_status": null, "type": null, "likes": 0, "slug": "newmarket", "weather_temperature": 20.0, "end_time": null, "supertype": "normal", "trip_id": 726209, "description": null, "open_graph_id": null, "uuid": "4cfede02-f7e9-4d25-86b2-31ef991b71d6"}, {"views": 0, "main_media_item_path": null, "weather_condition": "partly-cloudy-day", "start_time": 1372944601.0, "is_deleted": false, "id": 5182239, "timezone_id": "Europe/Paris", "comment_count": 0, "location": {"lon": 2.31812488595801, "full_detail": "France", "uuid": "2ba5ee7c-460d-4e2d-8be0-7b9619db3b73", "lat": 48.8605537181964, "name": "Paris", "venue": null, "id": 6854930, "country_code": "FR", "detail": "France"}, "creation_time": 1529105839.0, "location_id": 6854930, "name": null, "fb_publish_status": null, "type": null, "likes": 0, "slug": "paris", "weather_temperature": 21.0, "end_time": null, "supertype": "normal", "trip_id": 726209, "description": null, "open_graph_id": null, "uuid": "71a56ad4-f440-430f-bc70-1e814f6f079f"}, {"views": 0, "main_media_item_path": null, "weather_condition": "clear-night", "start_time": 1373061601.0, "is_deleted": false, "id": 5182232, "timezone_id": "Europe/London", "comment_count": 0, "location": {"lon": 0.3848, "full_detail": "England, United Kingdom", "uuid": "a8100533-0893-4d9f-9e2b-535d664cf0fa", "lat": 52.1954, "name": "Newmarket", "venue": null, "id": 6854923, "country_code": "GB", "detail": "United Kingdom"}, "creation_time": 1529105822.0, "location_id": 6854923, "name": null, "fb_publish_status": null, "type": null, "likes": 0, "slug": "newmarket", "weather_temperature": 14.0, "end_time": null, "supertype": "normal", "trip_id": 726209, "description": null, "open_graph_id": null, "uuid": "e31d3a54-aa9e-4d55-bdbd-1ea8a45f72e8"}], "open_graph_id": null, "uuid": "458d03f3-b449-4bc5-8513-a03db55541b5", "featured": null, "cover_photo_thumb_path": null, "end_date": 1373065141.0}