{"feature_date": null, "open_graph_id": null, "timezone_id": "Europe/London", "likes": 0, "summary": "", "type": null, "start_date": 1471906802.0, "end_date": 1475103540.0, "is_deleted": false, "id": 723598, "all_steps": [{"open_graph_id": null, "timezone_id": "America/Vancouver", "likes": 0, "type": null, "creation_time": 1529000826.0, "location_id": 6833082, "id": 5164115, "supertype": "normal", "is_deleted": false, "description": null, "weather_temperature": 16.0, "start_time": 1471971602.0, "views": 0, "location": {"lon": -122.9543, "country_code": "CA", "lat": 50.1172, "id": 6833082, "full_detail": "British Columbia, Canada", "uuid": "b70d6073-27ab-40d0-8df9-4a4cfee60f5e", "venue": null, "detail": "Canada", "name": "Whistler"}, "trip_id": 723598, "end_time": null, "main_media_item_path": null, "name": null, "uuid": "21c9f98b-ffa4-4bee-9e15-d34da8273e87", "fb_publish_status": null, "weather_condition": "clear-day", "slug": "whistler", "comment_count": 0}, {"open_graph_id": null, "timezone_id": "Europe/London", "likes": 0, "type": null, "creation_time": 1529000859.0, "location_id": 6833117, "id": 5164137, "supertype": "normal", "is_deleted": false, "description": null, "weather_temperature": 30.0, "start_time": 1472047202.0, "views": 0, "location": {"lon": 0.3848, "country_code": "GB", "lat": 52.1954, "id": 6833117, "full_detail": "England, United Kingdom", "uuid": "7d0e5d06-d198-4334-abad-6c82c5517ffe", "venue": null, "detail": "United Kingdom", "name": "Newmarket"}, "trip_id": 723598, "end_time": null, "main_media_item_path": null, "name": null, "uuid": "1082d1c8-5f5d-45cb-95f3-9b0e4e4dc88f", "fb_publish_status": null, "weather_condition": "clear-day", "slug": "newmarket", "comment_count": 0}, {"open_graph_id": null, "timezone_id": "Europe/London", "likes": 0, "type": null, "creation_time": 1529000900.0, "location_id": 6833118, "id": 5164138, "supertype": "normal", "is_deleted": false, "description": null, "weather_temperature": 22.0, "start_time": 1472220002.0, "views": 0, "location": {"lon": -0.220149678787152, "country_code": "GB", "lat": 53.1513476423364, "id": 6833118, "full_detail": "England, United Kingdom", "uuid": "1d74edef-79a6-471f-ab52-02bd658df7c5", "venue": null, "detail": "United Kingdom", "name": "Woodhall Spa"}, "trip_id": 723598, "end_time": null, "main_media_item_path": null, "name": null, "uuid": "e12fe6d0-2c51-40f5-9674-32a5fde07ad3", "fb_publish_status": null, "weather_condition": "clear-day", "slug": "woodhall-spa", "comment_count": 0}, {"open_graph_id": null, "timezone_id": "Europe/London", "likes": 0, "type": null, "creation_time": 1529000967.0, "location_id": 6833130, "id": 5164148, "supertype": "normal", "is_deleted": false, "description": null, "weather_temperature": 16.0, "start_time": 1472337002.0, "views": 0, "location": {"lon": 0.3848, "country_code": "GB", "lat": 52.1954, "id": 6833130, "full_detail": "England, United Kingdom", "uuid": "28a72e0e-44ee-4a8a-8a98-8edab1580838", "venue": null, "detail": "United Kingdom", "name": "Newmarket"}, "trip_id": 723598, "end_time": null, "main_media_item_path": null, "name": null, "uuid": "ae5f53ba-770d-4ce7-81eb-ab994bba318a", "fb_publish_status": null, "weather_condition": "partly-cloudy-night", "slug": "newmarket", "comment_count": 0}, {"open_graph_id": null, "timezone_id": "Europe/Athens", "likes": 0, "type": null, "creation_time": 1529001029.0, "location_id": 6833149, "id": 5164166, "supertype": "normal", "is_deleted": false, "description": null, "weather_temperature": 23.0, "start_time": 1472412602.0, "views": 0, "location": {"lon": 20.7055377035575, "country_code": "GR", "lat": 38.8308316209148, "id": 6833149, "full_detail": "Ionian Islands, Greece", "uuid": "0c10f4da-8213-4e68-9d12-9025fb8e2f0e", "venue": null, "detail": "Greece", "name": "Lefkada"}, "trip_id": 723598, "end_time": null, "main_media_item_path": null, "name": null, "uuid": "866d3e96-0de5-4e83-b458-eb5164abd2ae", "fb_publish_status": null, "weather_condition": "clear-night", "slug": "lefkada", "comment_count": 0}, {"open_graph_id": null, "timezone_id": "Europe/London", "likes": 0, "type": null, "creation_time": 1529001104.0, "location_id": 6833168, "id": 5164177, "supertype": "normal", "is_deleted": false, "description": null, "weather_temperature": 14.0, "start_time": 1473035402.0, "views": 0, "location": {"lon": 0.3848, "country_code": "GB", "lat": 52.1954, "id": 6833168, "full_detail": "England, United Kingdom", "uuid": "2973f76e-a49c-45b8-9fcb-905988f3b219", "venue": null, "detail": "United Kingdom", "name": "Newmarket"}, "trip_id": 723598, "end_time": null, "main_media_item_path": null, "name": null, "uuid": "545a72e2-2b9b-4ddc-9567-47e85ea8deb8", "fb_publish_status": null, "weather_condition": "partly-cloudy-night", "slug": "newmarket", "comment_count": 0}, {"open_graph_id": null, "timezone_id": "Europe/London", "likes": 0, "type": null, "creation_time": 1529001252.0, "location_id": 6833219, "id": 5164218, "supertype": "normal", "is_deleted": false, "description": null, "weather_temperature": 15.0, "start_time": 1473523202.0, "views": 0, "location": {"lon": -2.1195, "country_code": "GB", "lat": 52.0878, "id": 6833219, "full_detail": "England, United Kingdom", "uuid": "44afe75b-18b5-4c01-859b-c6381572294c", "venue": null, "detail": "United Kingdom", "name": "Worcester"}, "trip_id": 723598, "end_time": null, "main_media_item_path": null, "name": null, "uuid": "76b8e636-3bb7-4948-acce-f2e890b6f160", "fb_publish_status": null, "weather_condition": "partly-cloudy-day", "slug": "worcester", "comment_count": 0}, {"open_graph_id": null, "timezone_id": "Europe/London", "likes": 0, "type": null, "creation_time": 1529001194.0, "location_id": 6833207, "id": 5164210, "supertype": "normal", "is_deleted": false, "description": null, "weather_temperature": 23.0, "start_time": 1473957002.0, "views": 0, "location": {"lon": -2.35861, "country_code": "GB", "lat": 51.38139, "id": 6833207, "full_detail": "England, United Kingdom", "uuid": "eee80083-aebe-461f-a5b9-9a9aa9572771", "venue": null, "detail": "United Kingdom", "name": "Bath"}, "trip_id": 723598, "end_time": null, "main_media_item_path": null, "name": null, "uuid": "91f2f0ec-e34f-4a4a-8d0e-e86991d6a052", "fb_publish_status": null, "weather_condition": "partly-cloudy-day", "slug": "bath", "comment_count": 0}, {"open_graph_id": null, "timezone_id": "Europe/London", "likes": 0, "type": null, "creation_time": 1529001277.0, "location_id": 6833227, "id": 5164224, "supertype": "normal", "is_deleted": false, "description": null, "weather_temperature": 17.0, "start_time": 1474045202.0, "views": 0, "location": {"lon": -2.217, "country_code": "GB", "lat": 50.7538, "id": 6833227, "full_detail": "England, United Kingdom", "uuid": "c9f99c82-5cb7-4136-90e4-0d71266b9fc3", "venue": null, "detail": "United Kingdom", "name": "Wareham"}, "trip_id": 723598, "end_time": null, "main_media_item_path": null, "name": null, "uuid": "b6bed32c-f895-483d-afde-0b20868ab7b1", "fb_publish_status": null, "weather_condition": "partly-cloudy-day", "slug": "wareham", "comment_count": 0}, {"open_graph_id": null, "timezone_id": "Europe/London", "likes": 0, "type": null, "creation_time": 1529001327.0, "location_id": 6833236, "id": 5164233, "supertype": "normal", "is_deleted": false, "description": null, "weather_temperature": 15.0, "start_time": 1474120802.0, "views": 0, "location": {"lon": 0.3848, "country_code": "GB", "lat": 52.1954, "id": 6833236, "full_detail": "England, United Kingdom", "uuid": "6cabb9c8-b095-4eba-b18e-c8af2c3f2e38", "venue": null, "detail": "United Kingdom", "name": "Newmarket"}, "trip_id": 723598, "end_time": null, "main_media_item_path": null, "name": null, "uuid": "cc775176-44d8-4993-bbea-187ea239c806", "fb_publish_status": null, "weather_condition": "cloudy", "slug": "newmarket", "comment_count": 0}, {"open_graph_id": null, "timezone_id": "Europe/London", "likes": 0, "type": null, "creation_time": 1529001491.0, "location_id": 6833294, "id": 5164279, "supertype": "normal", "is_deleted": false, "description": null, "weather_temperature": null, "start_time": 1474714802.0, "views": 0, "location": {"lon": -0.1275, "country_code": "GB", "lat": 51.50722, "id": 6833294, "full_detail": "England, United Kingdom", "uuid": "3fb359a7-12ac-481f-80d3-e808680c5cd6", "venue": null, "detail": "United Kingdom", "name": "London"}, "trip_id": 723598, "end_time": null, "main_media_item_path": null, "name": null, "uuid": "39749cf5-5b50-421c-b03b-30099be70583", "fb_publish_status": null, "weather_condition": null, "slug": "london", "comment_count": 0}, {"open_graph_id": null, "timezone_id": "Europe/London", "likes": 0, "type": null, "creation_time": 1529001369.0, "location_id": 6833269, "id": 5164260, "supertype": "normal", "is_deleted": false, "description": null, "weather_temperature": null, "start_time": 1474743602.0, "views": 0, "location": {"lon": -1.3072, "country_code": "GB", "lat": 52.9676, "id": 6833269, "full_detail": "England, United Kingdom", "uuid": "a8664cae-5dfc-446d-abe8-81674e011e86", "venue": null, "detail": "United Kingdom", "name": "Ilkeston"}, "trip_id": 723598, "end_time": null, "main_media_item_path": null, "name": null, "uuid": "783b4fc2-ecf7-4d71-a65f-1ba3777ddfc6", "fb_publish_status": null, "weather_condition": null, "slug": "ilkeston", "comment_count": 0}, {"open_graph_id": null, "timezone_id": "Europe/London", "likes": 0, "type": null, "creation_time": 1529001531.0, "location_id": 6833304, "id": 5164285, "supertype": "normal", "is_deleted": false, "description": null, "weather_temperature": 11.0, "start_time": 1474839002.0, "views": 0, "location": {"lon": 0.3848, "country_code": "GB", "lat": 52.1954, "id": 6833304, "full_detail": "England, United Kingdom", "uuid": "58d3beb6-5707-42ca-b625-b3fbf5550f1a", "venue": null, "detail": "United Kingdom", "name": "Newmarket"}, "trip_id": 723598, "end_time": null, "main_media_item_path": null, "name": null, "uuid": "ccd9019b-5a51-4c34-85f4-39b729c8ce29", "fb_publish_status": null, "weather_condition": "clear-night", "slug": "newmarket", "comment_count": 0}, {"open_graph_id": null, "timezone_id": "America/Vancouver", "likes": 0, "type": null, "creation_time": 1529001616.0, "location_id": 6833344, "id": 5164320, "supertype": "normal", "is_deleted": false, "description": null, "weather_temperature": 17.0, "start_time": 1475017202.0, "views": 0, "location": {"lon": -123.1139, "country_code": "CA", "lat": 49.2609, "id": 6833344, "full_detail": "British Columbia, Canada", "uuid": "ef090196-b65e-4e0a-9792-7aedec2b0562", "venue": null, "detail": "Canada", "name": "Vancouver"}, "trip_id": 723598, "end_time": null, "main_media_item_path": null, "name": null, "uuid": "9e748635-92e5-4eb7-abe4-2aa6bac81673", "fb_publish_status": null, "weather_condition": "clear-day", "slug": "vancouver", "comment_count": 0}, {"open_graph_id": null, "timezone_id": "America/Vancouver", "likes": 0, "type": null, "creation_time": 1529001562.0, "location_id": 6833334, "id": 5164311, "supertype": "normal", "is_deleted": false, "description": null, "weather_temperature": 7.0, "start_time": 1475121602.0, "views": 0, "location": {"lon": -122.9543, "country_code": "CA", "lat": 50.1172, "id": 6833334, "full_detail": "British Columbia, Canada", "uuid": "c5e7b085-19fa-4643-ae09-f5d05f0d7084", "venue": null, "detail": "Canada", "name": "Whistler"}, "trip_id": 723598, "end_time": null, "main_media_item_path": null, "name": null, "uuid": "e1338a57-3b59-4041-8a41-fc1c45f8489f", "fb_publish_status": null, "weather_condition": "partly-cloudy-night", "slug": "whistler", "comment_count": 0}], "user_id": 642440, "language": null, "visibility": 1, "featured_priority_for_new_users": null, "featured": null, "views": 0, "total_km": 20608.219400957, "step_count": 15, "name": "Visit home from Whistler", "feature_text": null, "uuid": "f6654b0c-9370-4182-8077-a2e5fbfa453a", "cover_photo_thumb_path": null, "fb_publish_status": null, "cover_photo_path": null, "slug": "visiting-home-from-whistler"}