{"summary": "", "views": 0, "fb_publish_status": null, "is_deleted": false, "timezone_id": "Europe/London", "cover_photo_path": null, "step_count": 15, "total_km": 20608.219400957, "start_date": 1471906802.0, "id": 723598, "user_id": 642440, "type": null, "likes": 0, "feature_text": null, "slug": "visiting-home-from-whistler", "language": null, "name": "Visit home from Whistler", "visibility": 1, "feature_date": null, "featured_priority_for_new_users": null, "all_steps": [{"views": 0, "main_media_item_path": null, "weather_condition": "clear-day", "start_time": 1471971602.0, "is_deleted": false, "id": 5164115, "timezone_id": "America/Vancouver", "comment_count": 0, "location": {"lon": -122.9543, "full_detail": "British Columbia, Canada", "uuid": "b70d6073-27ab-40d0-8df9-4a4cfee60f5e", "lat": 50.1172, "name": "Whistler", "venue": null, "id": 6833082, "country_code": "CA", "detail": "Canada"}, "creation_time": 1529000826.0, "location_id": 6833082, "name": null, "fb_publish_status": null, "type": null, "likes": 0, "slug": "whistler", "weather_temperature": 16.0, "end_time": null, "supertype": "normal", "trip_id": 723598, "description": null, "open_graph_id": null, "uuid": "21c9f98b-ffa4-4bee-9e15-d34da8273e87"}, {"views": 0, "main_media_item_path": null, "weather_condition": "clear-day", "start_time": 1472047202.0, "is_deleted": false, "id": 5164137, "timezone_id": "Europe/London", "comment_count": 0, "location": {"lon": 0.3848, "full_detail": "England, United Kingdom", "uuid": "7d0e5d06-d198-4334-abad-6c82c5517ffe", "lat": 52.1954, "name": "Newmarket", "venue": null, "id": 6833117, "country_code": "GB", "detail": "United Kingdom"}, "creation_time": 1529000859.0, "location_id": 6833117, "name": null, "fb_publish_status": null, "type": null, "likes": 0, "slug": "newmarket", "weather_temperature": 30.0, "end_time": null, "supertype": "normal", "trip_id": 723598, "description": null, "open_graph_id": null, "uuid": "1082d1c8-5f5d-45cb-95f3-9b0e4e4dc88f"}, {"views": 0, "main_media_item_path": null, "weather_condition": "clear-day", "start_time": 1472220002.0, "is_deleted": false, "id": 5164138, "timezone_id": "Europe/London", "comment_count": 0, "location": {"lon": -0.220149678787152, "full_detail": "England, United Kingdom", "uuid": "1d74edef-79a6-471f-ab52-02bd658df7c5", "lat": 53.1513476423364, "name": "Woodhall Spa", "venue": null, "id": 6833118, "country_code": "GB", "detail": "United Kingdom"}, "creation_time": 1529000900.0, "location_id": 6833118, "name": null, "fb_publish_status": null, "type": null, "likes": 0, "slug": "woodhall-spa", "weather_temperature": 22.0, "end_time": null, "supertype": "normal", "trip_id": 723598, "description": null, "open_graph_id": null, "uuid": "e12fe6d0-2c51-40f5-9674-32a5fde07ad3"}, {"views": 0, "main_media_item_path": null, "weather_condition": "partly-cloudy-night", "start_time": 1472337002.0, "is_deleted": false, "id": 5164148, "timezone_id": "Europe/London", "comment_count": 0, "location": {"lon": 0.3848, "full_detail": "England, United Kingdom", "uuid": "28a72e0e-44ee-4a8a-8a98-8edab1580838", "lat": 52.1954, "name": "Newmarket", "venue": null, "id": 6833130, "country_code": "GB", "detail": "United Kingdom"}, "creation_time": 1529000967.0, "location_id": 6833130, "name": null, "fb_publish_status": null, "type": null, "likes": 0, "slug": "newmarket", "weather_temperature": 16.0, "end_time": null, "supertype": "normal", "trip_id": 723598, "description": null, "open_graph_id": null, "uuid": "ae5f53ba-770d-4ce7-81eb-ab994bba318a"}, {"views": 0, "main_media_item_path": null, "weather_condition": "clear-night", "start_time": 1472412602.0, "is_deleted": false, "id": 5164166, "timezone_id": "Europe/Athens", "comment_count": 0, "location": {"lon": 20.7055377035575, "full_detail": "Ionian Islands, Greece", "uuid": "0c10f4da-8213-4e68-9d12-9025fb8e2f0e", "lat": 38.8308316209148, "name": "Lefkada", "venue": null, "id": 6833149, "country_code": "GR", "detail": "Greece"}, "creation_time": 1529001029.0, "location_id": 6833149, "name": null, "fb_publish_status": null, "type": null, "likes": 0, "slug": "lefkada", "weather_temperature": 23.0, "end_time": null, "supertype": "normal", "trip_id": 723598, "description": null, "open_graph_id": null, "uuid": "866d3e96-0de5-4e83-b458-eb5164abd2ae"}, {"views": 0, "main_media_item_path": null, "weather_condition": "partly-cloudy-night", "start_time": 1473035402.0, "is_deleted": false, "id": 5164177, "timezone_id": "Europe/London", "comment_count": 0, "location": {"lon": 0.3848, "full_detail": "England, United Kingdom", "uuid": "2973f76e-a49c-45b8-9fcb-905988f3b219", "lat": 52.1954, "name": "Newmarket", "venue": null, "id": 6833168, "country_code": "GB", "detail": "United Kingdom"}, "creation_time": 1529001104.0, "location_id": 6833168, "name": null, "fb_publish_status": null, "type": null, "likes": 0, "slug": "newmarket", "weather_temperature": 14.0, "end_time": null, "supertype": "normal", "trip_id": 723598, "description": null, "open_graph_id": null, "uuid": "545a72e2-2b9b-4ddc-9567-47e85ea8deb8"}, {"views": 0, "main_media_item_path": null, "weather_condition": "partly-cloudy-day", "start_time": 1473523202.0, "is_deleted": false, "id": 5164218, "timezone_id": "Europe/London", "comment_count": 0, "location": {"lon": -2.1195, "full_detail": "England, United Kingdom", "uuid": "44afe75b-18b5-4c01-859b-c6381572294c", "lat": 52.0878, "name": "Worcester", "venue": null, "id": 6833219, "country_code": "GB", "detail": "United Kingdom"}, "creation_time": 1529001252.0, "location_id": 6833219, "name": null, "fb_publish_status": null, "type": null, "likes": 0, "slug": "worcester", "weather_temperature": 15.0, "end_time": null, "supertype": "normal", "trip_id": 723598, "description": null, "open_graph_id": null, "uuid": "76b8e636-3bb7-4948-acce-f2e890b6f160"}, {"views": 0, "main_media_item_path": null, "weather_condition": "partly-cloudy-day", "start_time": 1473957002.0, "is_deleted": false, "id": 5164210, "timezone_id": "Europe/London", "comment_count": 0, "location": {"lon": -2.35861, "full_detail": "England, United Kingdom", "uuid": "eee80083-aebe-461f-a5b9-9a9aa9572771", "lat": 51.38139, "name": "Bath", "venue": null, "id": 6833207, "country_code": "GB", "detail": "United Kingdom"}, "creation_time": 1529001194.0, "location_id": 6833207, "name": null, "fb_publish_status": null, "type": null, "likes": 0, "slug": "bath", "weather_temperature": 23.0, "end_time": null, "supertype": "normal", "trip_id": 723598, "description": null, "open_graph_id": null, "uuid": "91f2f0ec-e34f-4a4a-8d0e-e86991d6a052"}, {"views": 0, "main_media_item_path": null, "weather_condition": "partly-cloudy-day", "start_time": 1474045202.0, "is_deleted": false, "id": 5164224, "timezone_id": "Europe/London", "comment_count": 0, "location": {"lon": -2.217, "full_detail": "England, United Kingdom", "uuid": "c9f99c82-5cb7-4136-90e4-0d71266b9fc3", "lat": 50.7538, "name": "Wareham", "venue": null, "id": 6833227, "country_code": "GB", "detail": "United Kingdom"}, "creation_time": 1529001277.0, "location_id": 6833227, "name": null, "fb_publish_status": null, "type": null, "likes": 0, "slug": "wareham", "weather_temperature": 17.0, "end_time": null, "supertype": "normal", "trip_id": 723598, "description": null, "open_graph_id": null, "uuid": "b6bed32c-f895-483d-afde-0b20868ab7b1"}, {"views": 0, "main_media_item_path": null, "weather_condition": "cloudy", "start_time": 1474120802.0, "is_deleted": false, "id": 5164233, "timezone_id": "Europe/London", "comment_count": 0, "location": {"lon": 0.3848, "full_detail": "England, United Kingdom", "uuid": "6cabb9c8-b095-4eba-b18e-c8af2c3f2e38", "lat": 52.1954, "name": "Newmarket", "venue": null, "id": 6833236, "country_code": "GB", "detail": "United Kingdom"}, "creation_time": 1529001327.0, "location_id": 6833236, "name": null, "fb_publish_status": null, "type": null, "likes": 0, "slug": "newmarket", "weather_temperature": 15.0, "end_time": null, "supertype": "normal", "trip_id": 723598, "description": null, "open_graph_id": null, "uuid": "cc775176-44d8-4993-bbea-187ea239c806"}, {"views": 0, "main_media_item_path": null, "weather_condition": null, "start_time": 1474714802.0, "is_deleted": false, "id": 5164279, "timezone_id": "Europe/London", "comment_count": 0, "location": {"lon": -0.1275, "full_detail": "England, United Kingdom", "uuid": "3fb359a7-12ac-481f-80d3-e808680c5cd6", "lat": 51.50722, "name": "London", "venue": null, "id": 6833294, "country_code": "GB", "detail": "United Kingdom"}, "creation_time": 1529001491.0, "location_id": 6833294, "name": null, "fb_publish_status": null, "type": null, "likes": 0, "slug": "london", "weather_temperature": null, "end_time": null, "supertype": "normal", "trip_id": 723598, "description": null, "open_graph_id": null, "uuid": "39749cf5-5b50-421c-b03b-30099be70583"}, {"views": 0, "main_media_item_path": null, "weather_condition": null, "start_time": 1474743602.0, "is_deleted": false, "id": 5164260, "timezone_id": "Europe/London", "comment_count": 0, "location": {"lon": -1.3072, "full_detail": "England, United Kingdom", "uuid": "a8664cae-5dfc-446d-abe8-81674e011e86", "lat": 52.9676, "name": "Ilkeston", "venue": null, "id": 6833269, "country_code": "GB", "detail": "United Kingdom"}, "creation_time": 1529001369.0, "location_id": 6833269, "name": null, "fb_publish_status": null, "type": null, "likes": 0, "slug": "ilkeston", "weather_temperature": null, "end_time": null, "supertype": "normal", "trip_id": 723598, "description": null, "open_graph_id": null, "uuid": "783b4fc2-ecf7-4d71-a65f-1ba3777ddfc6"}, {"views": 0, "main_media_item_path": null, "weather_condition": "clear-night", "start_time": 1474839002.0, "is_deleted": false, "id": 5164285, "timezone_id": "Europe/London", "comment_count": 0, "location": {"lon": 0.3848, "full_detail": "England, United Kingdom", "uuid": "58d3beb6-5707-42ca-b625-b3fbf5550f1a", "lat": 52.1954, "name": "Newmarket", "venue": null, "id": 6833304, "country_code": "GB", "detail": "United Kingdom"}, "creation_time": 1529001531.0, "location_id": 6833304, "name": null, "fb_publish_status": null, "type": null, "likes": 0, "slug": "newmarket", "weather_temperature": 11.0, "end_time": null, "supertype": "normal", "trip_id": 723598, "description": null, "open_graph_id": null, "uuid": "ccd9019b-5a51-4c34-85f4-39b729c8ce29"}, {"views": 0, "main_media_item_path": null, "weather_condition": "clear-day", "start_time": 1475017202.0, "is_deleted": false, "id": 5164320, "timezone_id": "America/Vancouver", "comment_count": 0, "location": {"lon": -123.1139, "full_detail": "British Columbia, Canada", "uuid": "ef090196-b65e-4e0a-9792-7aedec2b0562", "lat": 49.2609, "name": "Vancouver", "venue": null, "id": 6833344, "country_code": "CA", "detail": "Canada"}, "creation_time": 1529001616.0, "location_id": 6833344, "name": null, "fb_publish_status": null, "type": null, "likes": 0, "slug": "vancouver", "weather_temperature": 17.0, "end_time": null, "supertype": "normal", "trip_id": 723598, "description": null, "open_graph_id": null, "uuid": "9e748635-92e5-4eb7-abe4-2aa6bac81673"}, {"views": 0, "main_media_item_path": null, "weather_condition": "partly-cloudy-night", "start_time": 1475121602.0, "is_deleted": false, "id": 5164311, "timezone_id": "America/Vancouver", "comment_count": 0, "location": {"lon": -122.9543, "full_detail": "British Columbia, Canada", "uuid": "c5e7b085-19fa-4643-ae09-f5d05f0d7084", "lat": 50.1172, "name": "Whistler", "venue": null, "id": 6833334, "country_code": "CA", "detail": "Canada"}, "creation_time": 1529001562.0, "location_id": 6833334, "name": null, "fb_publish_status": null, "type": null, "likes": 0, "slug": "whistler", "weather_temperature": 7.0, "end_time": null, "supertype": "normal", "trip_id": 723598, "description": null, "open_graph_id": null, "uuid": "e1338a57-3b59-4041-8a41-fc1c45f8489f"}], "open_graph_id": null, "uuid": "f6654b0c-9370-4182-8077-a2e5fbfa453a", "featured": null, "cover_photo_thumb_path": null, "end_date": 1475103540.0}